timestamp,elapsed_s,pid,start_ticks,ppid,pgid,state,threads,rss_kib,vms_kib,cpu_percent,mem_percent,cpu_ticks,wchan
2026-09-18T09:12:50.483+00:00,0.003,2447012,21787092,2446992,2447012,R,1,1920,2900,,0.01207,1,p9_client_rpc
2026-09-18T09:12:50.586+00:00,0.105,2447012,21787092,2446992,2447012,S,1,2048,2904,39.29,0.01288,5,do_wait
2026-09-18T09:12:50.587+00:00,0.105,2447020,21787109,2447012,2447012,R,1,1792,2900,,0.01127,0,0
2026-09-18T09:12:50.689+00:00,0.208,2447012,21787092,2446992,2447012,S,1,2048,2904,0.00,0.01288,5,do_wait
2026-09-18T09:12:50.690+00:00,0.208,2447020,21787109,2447012,2447012,S,1,17920,24120,29.01,0.11269,3,do_select
2026-09-18T09:12:50.791+00:00,0.311,2447012,21787092,2446992,2447012,S,1,2048,2904,0.00,0.01288,5,do_wait
2026-09-18T09:12:50.792+00:00,0.311,2447020,21787109,2447012,2447012,S,1,17920,24120,0.00,0.11269,3,do_select
2026-09-18T09:12:50.894+00:00,0.414,2447012,21787092,2446992,2447012,S,1,2048,2904,0.00,0.01288,5,do_wait
2026-09-18T09:12:50.895+00:00,0.414,2447020,21787109,2447012,2447012,S,1,17920,24120,0.00,0.11269,3,do_select
2026-09-18T09:12:50.997+00:00,0.516,2447012,21787092,2446992,2447012,S,1,2048,2904,0.00,0.01288,5,do_wait
2026-09-18T09:12:50.998+00:00,0.516,2447020,21787109,2447012,2447012,S,1,17920,24120,0.00,0.11269,3,do_select
2026-09-18T09:12:51.100+00:00,0.619,2447012,21787092,2446992,2447012,S,1,2048,2904,0.00,0.01288,5,do_wait
2026-09-18T09:12:51.100+00:00,0.619,2447020,21787109,2447012,2447012,S,1,17920,24120,0.00,0.11269,3,do_select
2026-09-18T09:12:51.203+00:00,0.721,2447012,21787092,2446992,2447012,S,1,2048,2904,0.00,0.01288,5,do_wait
2026-09-18T09:12:51.204+00:00,0.721,2447020,21787109,2447012,2447012,S,1,17920,24120,0.00,0.11269,3,do_select
2026-09-18T09:12:51.306+00:00,0.825,2447012,21787092,2446992,2447012,S,1,2048,2904,0.00,0.01288,5,do_wait
2026-09-18T09:12:51.306+00:00,0.825,2447020,21787109,2447012,2447012,S,1,17920,24120,0.00,0.11269,3,do_select
2026-09-18T09:12:51.408+00:00,0.928,2447012,21787092,2446992,2447012,S,1,2048,2904,0.00,0.01288,5,do_wait
2026-09-18T09:12:51.409+00:00,0.928,2447020,21787109,2447012,2447012,S,1,17920,24120,0.00,0.11269,3,do_select
2026-09-18T09:12:51.511+00:00,1.030,2447012,21787092,2446992,2447012,S,1,2048,2904,0.00,0.01288,5,do_wait
2026-09-18T09:12:51.511+00:00,1.030,2447020,21787109,2447012,2447012,S,1,17920,24120,0.00,0.11269,3,do_select
2026-09-18T09:12:51.613+00:00,1.132,2447012,21787092,2446992,2447012,S,1,2048,2904,0.00,0.01288,5,do_wait
2026-09-18T09:12:51.614+00:00,1.132,2447020,21787109,2447012,2447012,S,1,17920,24120,0.00,0.11269,3,do_select
2026-09-18T09:12:51.716+00:00,1.235,2447012,21787092,2446992,2447012,S,1,2048,2904,0.00,0.01288,5,do_wait
2026-09-18T09:12:51.717+00:00,1.235,2447020,21787109,2447012,2447012,S,1,17920,24120,0.00,0.11269,3,do_select
2026-09-18T09:12:51.819+00:00,1.338,2447012,21787092,2446992,2447012,S,1,2048,2904,0.00,0.01288,5,do_wait
2026-09-18T09:12:51.819+00:00,1.338,2447020,21787109,2447012,2447012,S,1,17920,24120,0.00,0.11269,3,do_select
2026-09-18T09:12:51.922+00:00,1.441,2447012,21787092,2446992,2447012,S,1,2048,2904,0.00,0.01288,5,do_wait
2026-09-18T09:12:51.922+00:00,1.441,2447020,21787109,2447012,2447012,S,1,17920,24120,0.00,0.11269,3,do_select
2026-09-18T09:12:52.025+00:00,1.543,2447012,21787092,2446992,2447012,S,1,2048,2904,0.00,0.01288,5,do_wait
2026-09-18T09:12:52.025+00:00,1.543,2447020,21787109,2447012,2447012,S,1,17920,24120,0.00,0.11269,3,do_select
2026-09-18T09:12:52.127+00:00,1.647,2447012,21787092,2446992,2447012,S,1,2048,2904,0.00,0.01288,5,do_wait
2026-09-18T09:12:52.128+00:00,1.647,2447020,21787109,2447012,2447012,S,1,17920,24120,0.00,0.11269,3,do_select
2026-09-18T09:12:52.230+00:00,1.749,2447012,21787092,2446992,2447012,S,1,2048,2904,0.00,0.01288,5,do_wait
2026-09-18T09:12:52.230+00:00,1.749,2447020,21787109,2447012,2447012,S,1,17920,24120,0.00,0.11269,3,do_select
2026-09-18T09:12:52.333+00:00,1.851,2447012,21787092,2446992,2447012,S,1,2048,2904,0.00,0.01288,5,do_wait
2026-09-18T09:12:52.334+00:00,1.851,2447020,21787109,2447012,2447012,S,1,17920,24120,0.00,0.11269,3,do_select
2026-09-18T09:12:52.437+00:00,1.955,2447012,21787092,2446992,2447012,S,1,2048,2904,0.00,0.01288,5,do_wait
2026-09-18T09:12:52.437+00:00,1.955,2447020,21787109,2447012,2447012,S,1,17920,24120,0.00,0.11269,3,do_select
2026-09-18T09:12:52.539+00:00,2.059,2447012,21787092,2446992,2447012,S,1,2048,2904,0.00,0.01288,5,do_wait
2026-09-18T09:12:52.540+00:00,2.059,2447020,21787109,2447012,2447012,S,1,17920,24120,0.00,0.11269,3,do_select
2026-09-18T09:12:52.642+00:00,2.161,2447012,21787092,2446992,2447012,S,1,2048,2904,0.00,0.01288,5,do_wait
2026-09-18T09:12:52.642+00:00,2.161,2447020,21787109,2447012,2447012,S,1,17920,24120,0.00,0.11269,3,do_select
2026-09-18T09:12:52.744+00:00,2.264,2447012,21787092,2446992,2447012,S,1,2048,2904,0.00,0.01288,5,do_wait
2026-09-18T09:12:52.745+00:00,2.264,2447020,21787109,2447012,2447012,S,1,17920,24120,0.00,0.11269,3,do_select
2026-09-18T09:12:52.847+00:00,2.366,2447012,21787092,2446992,2447012,S,1,2048,2904,0.00,0.01288,5,do_wait
2026-09-18T09:12:52.847+00:00,2.366,2447020,21787109,2447012,2447012,S,1,17920,24120,0.00,0.11269,3,do_select
2026-09-18T09:12:52.950+00:00,2.469,2447012,21787092,2446992,2447012,S,1,2048,2904,0.00,0.01288,5,do_wait
2026-09-18T09:12:52.950+00:00,2.469,2447020,21787109,2447012,2447012,S,1,17920,24120,0.00,0.11269,3,do_select
2026-09-18T09:12:53.053+00:00,2.571,2447012,21787092,2446992,2447012,S,1,2048,2904,0.00,0.01288,5,do_wait
2026-09-18T09:12:53.054+00:00,2.571,2447020,21787109,2447012,2447012,S,1,17920,24120,0.00,0.11269,3,do_select
2026-09-18T09:12:53.156+00:00,2.675,2447012,21787092,2446992,2447012,S,1,2048,2904,0.00,0.01288,5,do_wait
2026-09-18T09:12:53.156+00:00,2.675,2447020,21787109,2447012,2447012,S,1,17920,24120,0.00,0.11269,3,do_select
2026-09-18T09:12:53.258+00:00,2.777,2447012,21787092,2446992,2447012,S,1,2048,2904,0.00,0.01288,5,do_wait
2026-09-18T09:12:53.258+00:00,2.777,2447020,21787109,2447012,2447012,S,1,17920,24120,9.77,0.11269,4,do_select
2026-09-18T09:12:53.360+00:00,2.880,2447012,21787092,2446992,2447012,S,1,2048,2904,0.00,0.01288,5,do_wait
2026-09-18T09:12:53.361+00:00,2.880,2447020,21787109,2447012,2447012,S,1,17920,24120,0.00,0.11269,4,do_select
2026-09-18T09:12:53.463+00:00,2.982,2447012,21787092,2446992,2447012,S,1,2048,2904,0.00,0.01288,5,do_wait
2026-09-18T09:12:53.463+00:00,2.982,2447020,21787109,2447012,2447012,S,1,17920,24120,0.00,0.11269,4,do_select
2026-09-18T09:12:53.565+00:00,3.085,2447012,21787092,2446992,2447012,S,1,2048,2904,0.00,0.01288,5,do_wait
2026-09-18T09:12:53.566+00:00,3.085,2447020,21787109,2447012,2447012,S,1,17920,24120,0.00,0.11269,4,do_select
2026-09-18T09:12:53.668+00:00,3.187,2447012,21787092,2446992,2447012,S,1,2048,2904,0.00,0.01288,5,do_wait
2026-09-18T09:12:53.668+00:00,3.187,2447020,21787109,2447012,2447012,S,1,17920,24120,0.00,0.11269,4,do_select
2026-09-18T09:12:53.771+00:00,3.289,2447012,21787092,2446992,2447012,S,1,2048,2904,0.00,0.01288,5,do_wait
2026-09-18T09:12:53.771+00:00,3.289,2447020,21787109,2447012,2447012,S,2,39040,123456,9.76,0.24551,5,futex_wait_queue
2026-09-18T09:12:53.873+00:00,3.392,2447012,21787092,2446992,2447012,S,1,2048,2904,0.00,0.01288,5,do_wait
2026-09-18T09:12:53.874+00:00,3.392,2447020,21787109,2447012,2447012,S,3,43648,197188,19.43,0.27448,7,futex_wait_queue
2026-09-18T09:12:53.976+00:00,3.495,2447012,21787092,2446992,2447012,S,1,2048,2904,0.00,0.01288,5,do_wait
2026-09-18T09:12:53.976+00:00,3.495,2447020,21787109,2447012,2447012,S,3,43648,197188,0.00,0.27448,7,futex_wait_queue
2026-09-18T09:12:54.078+00:00,3.597,2447012,21787092,2446992,2447012,S,1,2048,2904,0.00,0.01288,5,do_wait
2026-09-18T09:12:54.079+00:00,3.597,2447020,21787109,2447012,2447012,S,3,43648,197188,0.00,0.27448,7,futex_wait_queue
2026-09-18T09:12:54.181+00:00,3.700,2447012,21787092,2446992,2447012,S,1,2048,2904,0.00,0.01288,5,do_wait
2026-09-18T09:12:54.182+00:00,3.700,2447020,21787109,2447012,2447012,S,3,43648,197188,0.00,0.27448,7,futex_wait_queue
2026-09-18T09:12:54.284+00:00,3.803,2447012,21787092,2446992,2447012,S,1,2048,2904,0.00,0.01288,5,do_wait
2026-09-18T09:12:54.284+00:00,3.803,2447020,21787109,2447012,2447012,S,3,43648,197188,0.00,0.27448,7,futex_wait_queue
2026-09-18T09:12:54.387+00:00,3.906,2447012,21787092,2446992,2447012,S,1,2048,2904,0.00,0.01288,5,do_wait
2026-09-18T09:12:54.387+00:00,3.906,2447020,21787109,2447012,2447012,S,3,43648,197188,0.00,0.27448,7,futex_wait_queue
2026-09-18T09:12:54.490+00:00,4.009,2447012,21787092,2446992,2447012,S,1,2048,2904,0.00,0.01288,5,do_wait
2026-09-18T09:12:54.491+00:00,4.009,2447020,21787109,2447012,2447012,S,3,43648,197188,0.00,0.27448,7,futex_wait_queue
2026-09-18T09:12:54.593+00:00,4.112,2447012,21787092,2446992,2447012,S,1,2048,2904,0.00,0.01288,5,do_wait
2026-09-18T09:12:54.593+00:00,4.112,2447020,21787109,2447012,2447012,S,3,43648,197188,0.00,0.27448,7,futex_wait_queue
2026-09-18T09:12:54.695+00:00,4.214,2447012,21787092,2446992,2447012,S,1,2048,2904,0.00,0.01288,5,do_wait
2026-09-18T09:12:54.695+00:00,4.214,2447020,21787109,2447012,2447012,S,3,43648,197188,0.00,0.27448,7,futex_wait_queue
2026-09-18T09:12:54.798+00:00,4.317,2447012,21787092,2446992,2447012,S,1,2048,2904,0.00,0.01288,5,do_wait
2026-09-18T09:12:54.799+00:00,4.317,2447020,21787109,2447012,2447012,S,3,43648,197188,0.00,0.27448,7,futex_wait_queue
2026-09-18T09:12:54.901+00:00,4.420,2447012,21787092,2446992,2447012,S,1,2048,2904,0.00,0.01288,5,do_wait
2026-09-18T09:12:54.902+00:00,4.420,2447020,21787109,2447012,2447012,S,3,43648,197188,0.00,0.27448,7,futex_wait_queue
2026-09-18T09:12:55.004+00:00,4.523,2447012,21787092,2446992,2447012,S,1,2048,2904,0.00,0.01288,5,do_wait
2026-09-18T09:12:55.004+00:00,4.523,2447020,21787109,2447012,2447012,S,3,43648,197188,0.00,0.27448,7,futex_wait_queue
2026-09-18T09:12:55.106+00:00,4.626,2447012,21787092,2446992,2447012,S,1,2048,2904,0.00,0.01288,5,do_wait
2026-09-18T09:12:55.107+00:00,4.626,2447020,21787109,2447012,2447012,S,3,43648,197188,0.00,0.27448,7,futex_wait_queue
2026-09-18T09:12:55.209+00:00,4.728,2447012,21787092,2446992,2447012,S,1,2048,2904,0.00,0.01288,5,do_wait
2026-09-18T09:12:55.209+00:00,4.728,2447020,21787109,2447012,2447012,S,3,43648,197188,0.00,0.27448,7,futex_wait_queue
2026-09-18T09:12:55.311+00:00,4.831,2447012,21787092,2446992,2447012,S,1,2048,2904,0.00,0.01288,5,do_wait
2026-09-18T09:12:55.312+00:00,4.831,2447020,21787109,2447012,2447012,S,3,43648,197188,0.00,0.27448,7,futex_wait_queue
2026-09-18T09:12:55.414+00:00,4.933,2447012,21787092,2446992,2447012,S,1,2048,2904,0.00,0.01288,5,do_wait
2026-09-18T09:12:55.414+00:00,4.933,2447020,21787109,2447012,2447012,S,3,43648,197188,0.00,0.27448,7,futex_wait_queue
2026-09-18T09:12:55.516+00:00,5.035,2447012,21787092,2446992,2447012,S,1,2048,2904,0.00,0.01288,5,do_wait
2026-09-18T09:12:55.516+00:00,5.035,2447020,21787109,2447012,2447012,S,3,43648,197188,0.00,0.27448,7,futex_wait_queue
2026-09-18T09:12:55.619+00:00,5.138,2447012,21787092,2446992,2447012,S,1,2048,2904,0.00,0.01288,5,do_wait
2026-09-18T09:12:55.619+00:00,5.138,2447020,21787109,2447012,2447012,S,3,43648,197188,0.00,0.27448,7,futex_wait_queue
2026-09-18T09:12:55.721+00:00,5.241,2447012,21787092,2446992,2447012,S,1,2048,2904,0.00,0.01288,5,do_wait
2026-09-18T09:12:55.722+00:00,5.241,2447020,21787109,2447012,2447012,S,3,43648,197188,0.00,0.27448,7,futex_wait_queue
2026-09-18T09:12:55.824+00:00,5.343,2447012,21787092,2446992,2447012,S,1,2048,2904,0.00,0.01288,5,do_wait
2026-09-18T09:12:55.824+00:00,5.343,2447020,21787109,2447012,2447012,S,3,43648,197188,0.00,0.27448,7,futex_wait_queue
2026-09-18T09:12:55.927+00:00,5.446,2447012,21787092,2446992,2447012,S,1,2048,2904,0.00,0.01288,5,do_wait
2026-09-18T09:12:55.928+00:00,5.446,2447020,21787109,2447012,2447012,S,3,43648,197188,0.00,0.27448,7,futex_wait_queue
2026-09-18T09:12:56.030+00:00,5.549,2447012,21787092,2446992,2447012,S,1,2048,2904,0.00,0.01288,5,do_wait
2026-09-18T09:12:56.030+00:00,5.549,2447020,21787109,2447012,2447012,S,3,43648,197188,0.00,0.27448,7,futex_wait_queue
2026-09-18T09:12:56.132+00:00,5.651,2447012,21787092,2446992,2447012,S,1,2048,2904,0.00,0.01288,5,do_wait
2026-09-18T09:12:56.133+00:00,5.651,2447020,21787109,2447012,2447012,S,3,43648,197188,0.00,0.27448,7,futex_wait_queue
2026-09-18T09:12:56.235+00:00,5.754,2447012,21787092,2446992,2447012,S,1,2048,2904,0.00,0.01288,5,do_wait
2026-09-18T09:12:56.236+00:00,5.754,2447020,21787109,2447012,2447012,S,3,43648,197188,0.00,0.27448,7,futex_wait_queue
2026-09-18T09:12:56.338+00:00,5.857,2447012,21787092,2446992,2447012,S,1,2048,2904,0.00,0.01288,5,do_wait
2026-09-18T09:12:56.339+00:00,5.857,2447020,21787109,2447012,2447012,S,3,43648,197188,0.00,0.27448,7,futex_wait_queue
2026-09-18T09:12:56.440+00:00,5.960,2447012,21787092,2446992,2447012,S,1,2048,2904,0.00,0.01288,5,do_wait
2026-09-18T09:12:56.441+00:00,5.960,2447020,21787109,2447012,2447012,S,3,43648,197188,0.00,0.27448,7,futex_wait_queue
2026-09-18T09:12:56.543+00:00,6.062,2447012,21787092,2446992,2447012,S,1,2048,2904,0.00,0.01288,5,do_wait
2026-09-18T09:12:56.543+00:00,6.062,2447020,21787109,2447012,2447012,S,3,43648,197188,0.00,0.27448,7,futex_wait_queue
2026-09-18T09:12:56.645+00:00,6.164,2447012,21787092,2446992,2447012,S,1,2048,2904,0.00,0.01288,5,do_wait
2026-09-18T09:12:56.646+00:00,6.164,2447020,21787109,2447012,2447012,S,3,43648,197188,0.00,0.27448,7,futex_wait_queue
2026-09-18T09:12:56.748+00:00,6.267,2447012,21787092,2446992,2447012,S,1,2048,2904,0.00,0.01288,5,do_wait
2026-09-18T09:12:56.748+00:00,6.267,2447020,21787109,2447012,2447012,S,3,43648,197188,0.00,0.27448,7,futex_wait_queue
2026-09-18T09:12:56.850+00:00,6.370,2447012,21787092,2446992,2447012,S,1,2048,2904,0.00,0.01288,5,do_wait
2026-09-18T09:12:56.851+00:00,6.370,2447020,21787109,2447012,2447012,S,3,69248,222792,9.73,0.43547,8,futex_wait_queue
2026-09-18T09:12:56.953+00:00,6.472,2447012,21787092,2446992,2447012,S,1,2048,2904,0.00,0.01288,5,do_wait
2026-09-18T09:12:56.953+00:00,6.472,2447020,21787109,2447012,2447012,S,3,69248,222792,9.78,0.43547,9,futex_wait_queue
2026-09-18T09:12:57.055+00:00,6.575,2447012,21787092,2446992,2447012,S,1,2048,2904,0.00,0.01288,5,do_wait
2026-09-18T09:12:57.056+00:00,6.575,2447020,21787109,2447012,2447012,S,3,69248,222792,0.00,0.43547,9,futex_wait_queue
2026-09-18T09:12:57.159+00:00,6.677,2447012,21787092,2446992,2447012,S,1,2048,2904,0.00,0.01288,5,do_wait
2026-09-18T09:12:57.159+00:00,6.677,2447020,21787109,2447012,2447012,S,3,69248,222792,0.00,0.43547,9,futex_wait_queue
2026-09-18T09:12:57.261+00:00,6.780,2447012,21787092,2446992,2447012,S,1,2048,2904,0.00,0.01288,5,do_wait
2026-09-18T09:12:57.261+00:00,6.780,2447020,21787109,2447012,2447012,S,3,69248,222792,0.00,0.43547,9,futex_wait_queue
2026-09-18T09:12:57.364+00:00,6.883,2447012,21787092,2446992,2447012,S,1,2048,2904,0.00,0.01288,5,do_wait
2026-09-18T09:12:57.364+00:00,6.883,2447020,21787109,2447012,2447012,S,3,69248,222792,0.00,0.43547,9,futex_wait_queue
2026-09-18T09:12:57.467+00:00,6.986,2447012,21787092,2446992,2447012,S,1,2048,2904,0.00,0.01288,5,do_wait
2026-09-18T09:12:57.467+00:00,6.986,2447020,21787109,2447012,2447012,S,3,69248,222792,0.00,0.43547,9,futex_wait_queue
2026-09-18T09:12:57.570+00:00,7.089,2447012,21787092,2446992,2447012,S,1,2048,2904,0.00,0.01288,5,do_wait
2026-09-18T09:12:57.570+00:00,7.089,2447020,21787109,2447012,2447012,S,3,69248,222792,0.00,0.43547,9,futex_wait_queue
2026-09-18T09:12:57.672+00:00,7.192,2447012,21787092,2446992,2447012,S,1,2048,2904,0.00,0.01288,5,do_wait
2026-09-18T09:12:57.673+00:00,7.192,2447020,21787109,2447012,2447012,S,3,69248,222792,0.00,0.43547,9,futex_wait_queue
2026-09-18T09:12:57.775+00:00,7.294,2447012,21787092,2446992,2447012,S,1,2048,2904,0.00,0.01288,5,do_wait
2026-09-18T09:12:57.776+00:00,7.294,2447020,21787109,2447012,2447012,S,3,69248,222792,0.00,0.43547,9,futex_wait_queue
2026-09-18T09:12:57.878+00:00,7.397,2447012,21787092,2446992,2447012,S,1,2048,2904,0.00,0.01288,5,do_wait
2026-09-18T09:12:57.878+00:00,7.397,2447020,21787109,2447012,2447012,S,3,69248,222792,0.00,0.43547,9,futex_wait_queue
2026-09-18T09:12:57.981+00:00,7.500,2447012,21787092,2446992,2447012,S,1,2048,2904,0.00,0.01288,5,do_wait
2026-09-18T09:12:57.981+00:00,7.500,2447020,21787109,2447012,2447012,S,3,69248,222792,0.00,0.43547,9,futex_wait_queue
2026-09-18T09:12:58.083+00:00,7.603,2447012,21787092,2446992,2447012,S,1,2048,2904,0.00,0.01288,5,do_wait
2026-09-18T09:12:58.084+00:00,7.603,2447020,21787109,2447012,2447012,S,3,69248,222792,0.00,0.43547,9,futex_wait_queue
2026-09-18T09:12:58.186+00:00,7.705,2447012,21787092,2446992,2447012,S,1,2048,2904,0.00,0.01288,5,do_wait
2026-09-18T09:12:58.186+00:00,7.705,2447020,21787109,2447012,2447012,S,3,69248,222792,0.00,0.43547,9,futex_wait_queue
2026-09-18T09:12:58.288+00:00,7.808,2447012,21787092,2446992,2447012,S,1,2048,2904,0.00,0.01288,5,do_wait
2026-09-18T09:12:58.289+00:00,7.808,2447020,21787109,2447012,2447012,S,3,69248,222792,0.00,0.43547,9,futex_wait_queue
2026-09-18T09:12:58.392+00:00,7.910,2447012,21787092,2446992,2447012,S,1,2048,2904,0.00,0.01288,5,do_wait
2026-09-18T09:12:58.392+00:00,7.910,2447020,21787109,2447012,2447012,S,3,69248,222792,0.00,0.43547,9,futex_wait_queue
2026-09-18T09:12:58.494+00:00,8.013,2447012,21787092,2446992,2447012,S,1,2048,2904,0.00,0.01288,5,do_wait
2026-09-18T09:12:58.495+00:00,8.013,2447020,21787109,2447012,2447012,S,3,69248,222792,0.00,0.43547,9,futex_wait_queue
2026-09-18T09:12:58.597+00:00,8.116,2447012,21787092,2446992,2447012,S,1,2048,2904,0.00,0.01288,5,do_wait
2026-09-18T09:12:58.597+00:00,8.116,2447020,21787109,2447012,2447012,S,3,69248,222792,0.00,0.43547,9,futex_wait_queue
2026-09-18T09:12:58.700+00:00,8.219,2447012,21787092,2446992,2447012,S,1,2048,2904,0.00,0.01288,5,do_wait
2026-09-18T09:12:58.700+00:00,8.219,2447020,21787109,2447012,2447012,S,3,69248,222792,0.00,0.43547,9,futex_wait_queue
2026-09-18T09:12:58.803+00:00,8.322,2447012,21787092,2446992,2447012,S,1,2048,2904,0.00,0.01288,5,do_wait
2026-09-18T09:12:58.803+00:00,8.322,2447020,21787109,2447012,2447012,S,3,69248,222792,0.00,0.43547,9,futex_wait_queue
2026-09-18T09:12:58.906+00:00,8.425,2447012,21787092,2446992,2447012,S,1,2048,2904,0.00,0.01288,5,do_wait
2026-09-18T09:12:58.906+00:00,8.425,2447020,21787109,2447012,2447012,S,3,69248,222792,0.00,0.43547,9,futex_wait_queue
2026-09-18T09:12:59.008+00:00,8.528,2447012,21787092,2446992,2447012,S,1,2048,2904,0.00,0.01288,5,do_wait
2026-09-18T09:12:59.009+00:00,8.528,2447020,21787109,2447012,2447012,S,3,69248,222792,0.00,0.43547,9,futex_wait_queue
2026-09-18T09:12:59.111+00:00,8.630,2447012,21787092,2446992,2447012,S,1,2048,2904,0.00,0.01288,5,do_wait
2026-09-18T09:12:59.111+00:00,8.630,2447020,21787109,2447012,2447012,S,3,69248,222792,0.00,0.43547,9,futex_wait_queue
2026-09-18T09:12:59.213+00:00,8.732,2447012,21787092,2446992,2447012,S,1,2048,2904,0.00,0.01288,5,do_wait
2026-09-18T09:12:59.214+00:00,8.732,2447020,21787109,2447012,2447012,S,3,69248,222792,0.00,0.43547,9,futex_wait_queue
2026-09-18T09:12:59.316+00:00,8.835,2447012,21787092,2446992,2447012,S,1,2048,2904,0.00,0.01288,5,do_wait
2026-09-18T09:12:59.316+00:00,8.835,2447020,21787109,2447012,2447012,S,3,69248,222792,0.00,0.43547,9,futex_wait_queue
2026-09-18T09:12:59.420+00:00,8.938,2447012,21787092,2446992,2447012,S,1,2048,2904,0.00,0.01288,5,do_wait
2026-09-18T09:12:59.421+00:00,8.938,2447020,21787109,2447012,2447012,S,3,69248,222792,0.00,0.43547,9,futex_wait_queue
2026-09-18T09:12:59.523+00:00,9.042,2447012,21787092,2446992,2447012,S,1,2048,2904,0.00,0.01288,5,do_wait
2026-09-18T09:12:59.524+00:00,9.042,2447020,21787109,2447012,2447012,S,3,69248,222792,0.00,0.43547,9,futex_wait_queue
2026-09-18T09:12:59.626+00:00,9.145,2447012,21787092,2446992,2447012,S,1,2048,2904,0.00,0.01288,5,do_wait
2026-09-18T09:12:59.626+00:00,9.145,2447020,21787109,2447012,2447012,S,3,69248,222792,0.00,0.43547,9,futex_wait_queue
2026-09-18T09:12:59.728+00:00,9.247,2447012,21787092,2446992,2447012,S,1,2048,2904,0.00,0.01288,5,do_wait
2026-09-18T09:12:59.729+00:00,9.247,2447020,21787109,2447012,2447012,S,3,69248,222792,0.00,0.43547,9,futex_wait_queue
2026-09-18T09:12:59.831+00:00,9.350,2447012,21787092,2446992,2447012,S,1,2048,2904,0.00,0.01288,5,do_wait
2026-09-18T09:12:59.832+00:00,9.350,2447020,21787109,2447012,2447012,S,3,89472,248396,9.72,0.56265,10,futex_wait_queue
2026-09-18T09:12:59.934+00:00,9.453,2447012,21787092,2446992,2447012,S,1,2048,2904,0.00,0.01288,5,do_wait
2026-09-18T09:12:59.934+00:00,9.453,2447020,21787109,2447012,2447012,S,3,94848,248396,0.00,0.59646,10,futex_wait_queue
2026-09-18T09:13:00.036+00:00,9.556,2447012,21787092,2446992,2447012,S,1,2048,2904,0.00,0.01288,5,do_wait
2026-09-18T09:13:00.037+00:00,9.556,2447020,21787109,2447012,2447012,S,3,94848,248396,19.46,0.59646,12,futex_wait_queue
2026-09-18T09:13:00.139+00:00,9.658,2447012,21787092,2446992,2447012,S,1,2048,2904,0.00,0.01288,5,do_wait
2026-09-18T09:13:00.139+00:00,9.658,2447020,21787109,2447012,2447012,S,3,94848,248396,0.00,0.59646,12,futex_wait_queue
2026-09-18T09:13:00.241+00:00,9.761,2447012,21787092,2446992,2447012,S,1,2048,2904,0.00,0.01288,5,do_wait
2026-09-18T09:13:00.242+00:00,9.761,2447020,21787109,2447012,2447012,S,3,94848,248396,0.00,0.59646,12,futex_wait_queue
2026-09-18T09:13:00.344+00:00,9.863,2447012,21787092,2446992,2447012,S,1,2048,2904,0.00,0.01288,5,do_wait
2026-09-18T09:13:00.344+00:00,9.863,2447020,21787109,2447012,2447012,S,3,94848,248396,0.00,0.59646,12,futex_wait_queue
2026-09-18T09:13:00.447+00:00,9.966,2447012,21787092,2446992,2447012,S,1,2048,2904,0.00,0.01288,5,do_wait
2026-09-18T09:13:00.448+00:00,9.966,2447020,21787109,2447012,2447012,S,3,94848,248396,0.00,0.59646,12,futex_wait_queue
2026-09-18T09:13:00.550+00:00,10.069,2447012,21787092,2446992,2447012,S,1,2048,2904,0.00,0.01288,5,do_wait
2026-09-18T09:13:00.551+00:00,10.069,2447020,21787109,2447012,2447012,S,3,94848,248396,0.00,0.59646,12,futex_wait_queue
2026-09-18T09:13:00.653+00:00,10.172,2447012,21787092,2446992,2447012,S,1,2048,2904,0.00,0.01288,5,do_wait
2026-09-18T09:13:00.654+00:00,10.172,2447020,21787109,2447012,2447012,S,3,94848,248396,0.00,0.59646,12,futex_wait_queue
2026-09-18T09:13:00.755+00:00,10.275,2447012,21787092,2446992,2447012,S,1,2048,2904,0.00,0.01288,5,do_wait
2026-09-18T09:13:00.756+00:00,10.275,2447020,21787109,2447012,2447012,S,3,94848,248396,0.00,0.59646,12,futex_wait_queue
2026-09-18T09:13:00.858+00:00,10.377,2447012,21787092,2446992,2447012,S,1,2048,2904,0.00,0.01288,5,do_wait
2026-09-18T09:13:00.859+00:00,10.377,2447020,21787109,2447012,2447012,S,3,94848,248396,0.00,0.59646,12,futex_wait_queue
2026-09-18T09:13:00.961+00:00,10.480,2447012,21787092,2446992,2447012,S,1,2048,2904,0.00,0.01288,5,do_wait
2026-09-18T09:13:00.961+00:00,10.480,2447020,21787109,2447012,2447012,S,3,94848,248396,0.00,0.59646,12,futex_wait_queue
2026-09-18T09:13:01.063+00:00,10.582,2447012,21787092,2446992,2447012,S,1,2048,2904,0.00,0.01288,5,do_wait
2026-09-18T09:13:01.063+00:00,10.582,2447020,21787109,2447012,2447012,S,3,94848,248396,0.00,0.59646,12,futex_wait_queue
2026-09-18T09:13:01.167+00:00,10.685,2447012,21787092,2446992,2447012,S,1,2048,2904,0.00,0.01288,5,do_wait
2026-09-18T09:13:01.167+00:00,10.685,2447020,21787109,2447012,2447012,S,3,94848,248396,0.00,0.59646,12,futex_wait_queue
2026-09-18T09:13:01.269+00:00,10.789,2447012,21787092,2446992,2447012,S,1,2048,2904,0.00,0.01288,5,do_wait
2026-09-18T09:13:01.270+00:00,10.789,2447020,21787109,2447012,2447012,S,3,94848,248396,0.00,0.59646,12,futex_wait_queue
2026-09-18T09:13:01.372+00:00,10.891,2447012,21787092,2446992,2447012,S,1,2048,2904,0.00,0.01288,5,do_wait
2026-09-18T09:13:01.372+00:00,10.891,2447020,21787109,2447012,2447012,S,3,94848,248396,0.00,0.59646,12,futex_wait_queue
2026-09-18T09:13:01.474+00:00,10.994,2447012,21787092,2446992,2447012,S,1,2048,2904,0.00,0.01288,5,do_wait
2026-09-18T09:13:01.475+00:00,10.994,2447020,21787109,2447012,2447012,S,3,94848,248396,0.00,0.59646,12,futex_wait_queue
2026-09-18T09:13:01.576+00:00,11.096,2447012,21787092,2446992,2447012,S,1,2048,2904,0.00,0.01288,5,do_wait
2026-09-18T09:13:01.577+00:00,11.096,2447020,21787109,2447012,2447012,S,3,94848,248396,0.00,0.59646,12,futex_wait_queue
2026-09-18T09:13:01.679+00:00,11.198,2447012,21787092,2446992,2447012,S,1,2048,2904,0.00,0.01288,5,do_wait
2026-09-18T09:13:01.679+00:00,11.198,2447020,21787109,2447012,2447012,S,3,94848,248396,0.00,0.59646,12,futex_wait_queue
2026-09-18T09:13:01.781+00:00,11.300,2447012,21787092,2446992,2447012,S,1,2048,2904,0.00,0.01288,5,do_wait
2026-09-18T09:13:01.781+00:00,11.300,2447020,21787109,2447012,2447012,S,3,94848,248396,0.00,0.59646,12,futex_wait_queue
2026-09-18T09:13:01.883+00:00,11.402,2447012,21787092,2446992,2447012,S,1,2048,2904,0.00,0.01288,5,do_wait
2026-09-18T09:13:01.884+00:00,11.402,2447020,21787109,2447012,2447012,S,3,94848,248396,0.00,0.59646,12,futex_wait_queue
2026-09-18T09:13:01.986+00:00,11.506,2447012,21787092,2446992,2447012,S,1,2048,2904,0.00,0.01288,5,do_wait
2026-09-18T09:13:01.987+00:00,11.506,2447020,21787109,2447012,2447012,S,3,94848,248396,0.00,0.59646,12,futex_wait_queue
2026-09-18T09:13:02.088+00:00,11.608,2447012,21787092,2446992,2447012,S,1,2048,2904,0.00,0.01288,5,do_wait
2026-09-18T09:13:02.089+00:00,11.608,2447020,21787109,2447012,2447012,S,3,94848,248396,0.00,0.59646,12,futex_wait_queue
2026-09-18T09:13:02.191+00:00,11.710,2447012,21787092,2446992,2447012,S,1,2048,2904,0.00,0.01288,5,do_wait
2026-09-18T09:13:02.191+00:00,11.710,2447020,21787109,2447012,2447012,S,3,94848,248396,0.00,0.59646,12,futex_wait_queue
2026-09-18T09:13:02.293+00:00,11.813,2447012,21787092,2446992,2447012,S,1,2048,2904,0.00,0.01288,5,do_wait
2026-09-18T09:13:02.294+00:00,11.813,2447020,21787109,2447012,2447012,S,3,94848,248396,0.00,0.59646,12,futex_wait_queue
2026-09-18T09:13:02.396+00:00,11.915,2447012,21787092,2446992,2447012,S,1,2048,2904,0.00,0.01288,5,do_wait
2026-09-18T09:13:02.396+00:00,11.915,2447020,21787109,2447012,2447012,S,3,94848,248396,0.00,0.59646,12,futex_wait_queue
2026-09-18T09:13:02.498+00:00,12.018,2447012,21787092,2446992,2447012,S,1,2048,2904,0.00,0.01288,5,do_wait
2026-09-18T09:13:02.498+00:00,12.018,2447020,21787109,2447012,2447012,S,3,94848,248396,0.00,0.59646,12,futex_wait_queue
2026-09-18T09:13:02.600+00:00,12.120,2447012,21787092,2446992,2447012,S,1,2048,2904,0.00,0.01288,5,do_wait
2026-09-18T09:13:02.601+00:00,12.120,2447020,21787109,2447012,2447012,S,3,94848,248396,0.00,0.59646,12,futex_wait_queue
2026-09-18T09:13:02.703+00:00,12.222,2447012,21787092,2446992,2447012,S,1,2048,2904,0.00,0.01288,5,do_wait
2026-09-18T09:13:02.703+00:00,12.222,2447020,21787109,2447012,2447012,S,3,94848,248396,0.00,0.59646,12,futex_wait_queue
2026-09-18T09:13:02.805+00:00,12.325,2447012,21787092,2446992,2447012,S,1,2048,2904,0.00,0.01288,5,do_wait
2026-09-18T09:13:02.806+00:00,12.325,2447020,21787109,2447012,2447012,S,3,94848,248396,0.00,0.59646,12,futex_wait_queue
2026-09-18T09:13:02.908+00:00,12.427,2447012,21787092,2446992,2447012,S,1,2048,2904,0.00,0.01288,5,do_wait
2026-09-18T09:13:02.908+00:00,12.427,2447020,21787109,2447012,2447012,S,3,120448,274000,19.57,0.75744,14,futex_wait_queue
2026-09-18T09:13:03.010+00:00,12.529,2447012,21787092,2446992,2447012,S,1,2048,2904,0.00,0.01288,5,do_wait
2026-09-18T09:13:03.011+00:00,12.529,2447020,21787109,2447012,2447012,S,3,120448,274000,0.00,0.75744,14,futex_wait_queue
2026-09-18T09:13:03.114+00:00,12.633,2447012,21787092,2446992,2447012,S,1,2048,2904,0.00,0.01288,5,do_wait
2026-09-18T09:13:03.114+00:00,12.633,2447020,21787109,2447012,2447012,S,3,120448,274000,0.00,0.75744,14,futex_wait_queue
2026-09-18T09:13:03.217+00:00,12.736,2447012,21787092,2446992,2447012,S,1,2048,2904,0.00,0.01288,5,do_wait
2026-09-18T09:13:03.217+00:00,12.736,2447020,21787109,2447012,2447012,S,3,120448,274000,29.03,0.75744,17,futex_wait_queue
2026-09-18T09:13:03.320+00:00,12.839,2447012,21787092,2446992,2447012,S,1,2048,2904,0.00,0.01288,5,do_wait
2026-09-18T09:13:03.320+00:00,12.839,2447020,21787109,2447012,2447012,S,3,120448,274000,0.00,0.75744,17,futex_wait_queue
2026-09-18T09:13:03.422+00:00,12.941,2447012,21787092,2446992,2447012,S,1,2048,2904,0.00,0.01288,5,do_wait
2026-09-18T09:13:03.423+00:00,12.941,2447020,21787109,2447012,2447012,S,3,120448,274000,0.00,0.75744,17,futex_wait_queue
2026-09-18T09:13:03.525+00:00,13.044,2447012,21787092,2446992,2447012,S,1,2048,2904,0.00,0.01288,5,do_wait
2026-09-18T09:13:03.526+00:00,13.044,2447020,21787109,2447012,2447012,S,3,120448,274000,0.00,0.75744,17,futex_wait_queue
2026-09-18T09:13:03.628+00:00,13.147,2447012,21787092,2446992,2447012,S,1,2048,2904,0.00,0.01288,5,do_wait
2026-09-18T09:13:03.628+00:00,13.147,2447020,21787109,2447012,2447012,S,3,120448,274000,0.00,0.75744,17,futex_wait_queue
2026-09-18T09:13:03.731+00:00,13.250,2447012,21787092,2446992,2447012,S,1,2048,2904,0.00,0.01288,5,do_wait
2026-09-18T09:13:03.731+00:00,13.250,2447020,21787109,2447012,2447012,S,3,120448,274000,0.00,0.75744,17,futex_wait_queue
2026-09-18T09:13:03.833+00:00,13.353,2447012,21787092,2446992,2447012,S,1,2048,2904,0.00,0.01288,5,do_wait
2026-09-18T09:13:03.834+00:00,13.353,2447020,21787109,2447012,2447012,S,3,120448,274000,0.00,0.75744,17,futex_wait_queue
2026-09-18T09:13:03.936+00:00,13.455,2447012,21787092,2446992,2447012,S,1,2048,2904,0.00,0.01288,5,do_wait
2026-09-18T09:13:03.937+00:00,13.455,2447020,21787109,2447012,2447012,S,3,120448,274000,0.00,0.75744,17,futex_wait_queue
2026-09-18T09:13:04.040+00:00,13.558,2447012,21787092,2446992,2447012,S,1,2048,2904,0.00,0.01288,5,do_wait
2026-09-18T09:13:04.040+00:00,13.558,2447020,21787109,2447012,2447012,S,3,120448,274000,0.00,0.75744,17,futex_wait_queue
2026-09-18T09:13:04.143+00:00,13.662,2447012,21787092,2446992,2447012,S,1,2048,2904,0.00,0.01288,5,do_wait
2026-09-18T09:13:04.143+00:00,13.662,2447020,21787109,2447012,2447012,S,3,120448,274000,0.00,0.75744,17,futex_wait_queue
2026-09-18T09:13:04.245+00:00,13.765,2447012,21787092,2446992,2447012,S,1,2048,2904,0.00,0.01288,5,do_wait
2026-09-18T09:13:04.246+00:00,13.765,2447020,21787109,2447012,2447012,S,3,120448,274000,0.00,0.75744,17,futex_wait_queue
2026-09-18T09:13:04.348+00:00,13.867,2447012,21787092,2446992,2447012,S,1,2048,2904,0.00,0.01288,5,do_wait
2026-09-18T09:13:04.348+00:00,13.867,2447020,21787109,2447012,2447012,S,3,120448,274000,0.00,0.75744,17,futex_wait_queue
2026-09-18T09:13:04.451+00:00,13.970,2447012,21787092,2446992,2447012,S,1,2048,2904,0.00,0.01288,5,do_wait
2026-09-18T09:13:04.451+00:00,13.970,2447020,21787109,2447012,2447012,S,3,120448,274000,0.00,0.75744,17,futex_wait_queue
2026-09-18T09:13:04.553+00:00,14.073,2447012,21787092,2446992,2447012,S,1,2048,2904,0.00,0.01288,5,do_wait
2026-09-18T09:13:04.554+00:00,14.073,2447020,21787109,2447012,2447012,S,3,120448,274000,0.00,0.75744,17,futex_wait_queue
2026-09-18T09:13:04.656+00:00,14.175,2447012,21787092,2446992,2447012,S,1,2048,2904,0.00,0.01288,5,do_wait
2026-09-18T09:13:04.657+00:00,14.175,2447020,21787109,2447012,2447012,S,3,120448,274000,0.00,0.75744,17,futex_wait_queue
2026-09-18T09:13:04.759+00:00,14.278,2447012,21787092,2446992,2447012,S,1,2048,2904,0.00,0.01288,5,do_wait
2026-09-18T09:13:04.760+00:00,14.278,2447020,21787109,2447012,2447012,S,3,120448,274000,0.00,0.75744,17,futex_wait_queue
2026-09-18T09:13:04.862+00:00,14.381,2447012,21787092,2446992,2447012,S,1,2048,2904,0.00,0.01288,5,do_wait
2026-09-18T09:13:04.863+00:00,14.381,2447020,21787109,2447012,2447012,S,3,120448,274000,0.00,0.75744,17,futex_wait_queue
2026-09-18T09:13:04.965+00:00,14.484,2447012,21787092,2446992,2447012,S,1,2048,2904,0.00,0.01288,5,do_wait
2026-09-18T09:13:04.966+00:00,14.484,2447020,21787109,2447012,2447012,S,3,120448,274000,0.00,0.75744,17,futex_wait_queue
2026-09-18T09:13:05.068+00:00,14.587,2447012,21787092,2446992,2447012,S,1,2048,2904,0.00,0.01288,5,do_wait
2026-09-18T09:13:05.068+00:00,14.587,2447020,21787109,2447012,2447012,S,3,120448,274000,0.00,0.75744,17,futex_wait_queue
2026-09-18T09:13:05.171+00:00,14.690,2447012,21787092,2446992,2447012,S,1,2048,2904,0.00,0.01288,5,do_wait
2026-09-18T09:13:05.171+00:00,14.690,2447020,21787109,2447012,2447012,S,3,120448,274000,0.00,0.75744,17,futex_wait_queue
2026-09-18T09:13:05.273+00:00,14.792,2447012,21787092,2446992,2447012,S,1,2048,2904,0.00,0.01288,5,do_wait
2026-09-18T09:13:05.274+00:00,14.792,2447020,21787109,2447012,2447012,S,3,120448,274000,0.00,0.75744,17,futex_wait_queue
2026-09-18T09:13:05.376+00:00,14.895,2447012,21787092,2446992,2447012,S,1,2048,2904,0.00,0.01288,5,do_wait
2026-09-18T09:13:05.377+00:00,14.895,2447020,21787109,2447012,2447012,S,3,120448,274000,0.00,0.75744,17,futex_wait_queue
2026-09-18T09:13:05.479+00:00,14.998,2447012,21787092,2446992,2447012,S,1,2048,2904,0.00,0.01288,5,do_wait
2026-09-18T09:13:05.480+00:00,14.998,2447020,21787109,2447012,2447012,S,3,120448,274000,0.00,0.75744,17,futex_wait_queue
2026-09-18T09:13:05.582+00:00,15.101,2447012,21787092,2446992,2447012,S,1,2048,2904,0.00,0.01288,5,do_wait
2026-09-18T09:13:05.582+00:00,15.101,2447020,21787109,2447012,2447012,S,3,120448,274000,0.00,0.75744,17,futex_wait_queue
2026-09-18T09:13:05.684+00:00,15.203,2447012,21787092,2446992,2447012,S,1,2048,2904,0.00,0.01288,5,do_wait
2026-09-18T09:13:05.685+00:00,15.203,2447020,21787109,2447012,2447012,S,3,120448,274000,0.00,0.75744,17,futex_wait_queue
2026-09-18T09:13:05.787+00:00,15.306,2447012,21787092,2446992,2447012,S,1,2048,2904,0.00,0.01288,5,do_wait
2026-09-18T09:13:05.787+00:00,15.306,2447020,21787109,2447012,2447012,S,3,120448,274000,0.00,0.75744,17,futex_wait_queue
2026-09-18T09:13:05.889+00:00,15.408,2447012,21787092,2446992,2447012,S,1,2048,2904,0.00,0.01288,5,do_wait
2026-09-18T09:13:05.890+00:00,15.408,2447020,21787109,2447012,2447012,S,3,143616,299604,9.76,0.90314,18,futex_wait_queue
2026-09-18T09:13:05.992+00:00,15.511,2447012,21787092,2446992,2447012,S,1,2048,2904,0.00,0.01288,5,do_wait
2026-09-18T09:13:05.992+00:00,15.511,2447020,21787109,2447012,2447012,S,3,146048,299604,0.00,0.91843,18,futex_wait_queue
2026-09-18T09:13:06.094+00:00,15.613,2447012,21787092,2446992,2447012,S,1,2048,2904,0.00,0.01288,5,do_wait
2026-09-18T09:13:06.095+00:00,15.613,2447020,21787109,2447012,2447012,S,3,146048,299604,0.00,0.91843,18,futex_wait_queue
2026-09-18T09:13:06.197+00:00,15.716,2447012,21787092,2446992,2447012,S,1,2048,2904,0.00,0.01288,5,do_wait
2026-09-18T09:13:06.197+00:00,15.716,2447020,21787109,2447012,2447012,S,3,146048,299604,0.00,0.91843,18,futex_wait_queue
2026-09-18T09:13:06.299+00:00,15.819,2447012,21787092,2446992,2447012,S,1,2048,2904,0.00,0.01288,5,do_wait
2026-09-18T09:13:06.300+00:00,15.819,2447020,21787109,2447012,2447012,S,3,146048,299604,29.24,0.91843,21,futex_wait_queue
2026-09-18T09:13:06.402+00:00,15.921,2447012,21787092,2446992,2447012,S,1,2048,2904,0.00,0.01288,5,do_wait
2026-09-18T09:13:06.402+00:00,15.921,2447020,21787109,2447012,2447012,S,3,146048,299604,0.00,0.91843,21,futex_wait_queue
2026-09-18T09:13:06.504+00:00,16.024,2447012,21787092,2446992,2447012,S,1,2048,2904,0.00,0.01288,5,do_wait
2026-09-18T09:13:06.505+00:00,16.024,2447020,21787109,2447012,2447012,S,3,146048,299604,0.00,0.91843,21,futex_wait_queue
2026-09-18T09:13:06.607+00:00,16.126,2447012,21787092,2446992,2447012,S,1,2048,2904,0.00,0.01288,5,do_wait
2026-09-18T09:13:06.607+00:00,16.126,2447020,21787109,2447012,2447012,S,3,146048,299604,0.00,0.91843,21,futex_wait_queue
2026-09-18T09:13:06.709+00:00,16.229,2447012,21787092,2446992,2447012,S,1,2048,2904,0.00,0.01288,5,do_wait
2026-09-18T09:13:06.710+00:00,16.229,2447020,21787109,2447012,2447012,S,3,146048,299604,0.00,0.91843,21,futex_wait_queue
2026-09-18T09:13:06.812+00:00,16.331,2447012,21787092,2446992,2447012,S,1,2048,2904,0.00,0.01288,5,do_wait
2026-09-18T09:13:06.812+00:00,16.331,2447020,21787109,2447012,2447012,S,3,146048,299604,0.00,0.91843,21,futex_wait_queue
2026-09-18T09:13:06.915+00:00,16.434,2447012,21787092,2446992,2447012,S,1,2048,2904,0.00,0.01288,5,do_wait
2026-09-18T09:13:06.916+00:00,16.434,2447020,21787109,2447012,2447012,S,3,146048,299604,0.00,0.91843,21,futex_wait_queue
2026-09-18T09:13:07.018+00:00,16.537,2447012,21787092,2446992,2447012,S,1,2048,2904,0.00,0.01288,5,do_wait
2026-09-18T09:13:07.018+00:00,16.537,2447020,21787109,2447012,2447012,S,3,146048,299604,0.00,0.91843,21,futex_wait_queue
2026-09-18T09:13:07.121+00:00,16.640,2447012,21787092,2446992,2447012,S,1,2048,2904,0.00,0.01288,5,do_wait
2026-09-18T09:13:07.121+00:00,16.640,2447020,21787109,2447012,2447012,S,3,146048,299604,0.00,0.91843,21,futex_wait_queue
2026-09-18T09:13:07.223+00:00,16.743,2447012,21787092,2446992,2447012,S,1,2048,2904,0.00,0.01288,5,do_wait
2026-09-18T09:13:07.224+00:00,16.743,2447020,21787109,2447012,2447012,S,3,146048,299604,0.00,0.91843,21,futex_wait_queue
2026-09-18T09:13:07.326+00:00,16.846,2447012,21787092,2446992,2447012,S,1,2048,2904,0.00,0.01288,5,do_wait
2026-09-18T09:13:07.327+00:00,16.846,2447020,21787109,2447012,2447012,S,3,146048,299604,0.00,0.91843,21,futex_wait_queue
2026-09-18T09:13:07.429+00:00,16.948,2447012,21787092,2446992,2447012,S,1,2048,2904,0.00,0.01288,5,do_wait
2026-09-18T09:13:07.430+00:00,16.948,2447020,21787109,2447012,2447012,S,3,146048,299604,0.00,0.91843,21,futex_wait_queue
2026-09-18T09:13:07.532+00:00,17.051,2447012,21787092,2446992,2447012,S,1,2048,2904,0.00,0.01288,5,do_wait
2026-09-18T09:13:07.533+00:00,17.051,2447020,21787109,2447012,2447012,S,3,146048,299604,0.00,0.91843,21,futex_wait_queue
2026-09-18T09:13:07.634+00:00,17.154,2447012,21787092,2446992,2447012,S,1,2048,2904,0.00,0.01288,5,do_wait
2026-09-18T09:13:07.635+00:00,17.154,2447020,21787109,2447012,2447012,S,3,146048,299604,0.00,0.91843,21,futex_wait_queue
2026-09-18T09:13:07.737+00:00,17.256,2447012,21787092,2446992,2447012,S,1,2048,2904,0.00,0.01288,5,do_wait
2026-09-18T09:13:07.737+00:00,17.256,2447020,21787109,2447012,2447012,S,3,146048,299604,0.00,0.91843,21,futex_wait_queue
2026-09-18T09:13:07.839+00:00,17.358,2447012,21787092,2446992,2447012,S,1,2048,2904,0.00,0.01288,5,do_wait
2026-09-18T09:13:07.839+00:00,17.358,2447020,21787109,2447012,2447012,S,3,146048,299604,0.00,0.91843,21,futex_wait_queue
2026-09-18T09:13:07.941+00:00,17.460,2447012,21787092,2446992,2447012,S,1,2048,2904,0.00,0.01288,5,do_wait
2026-09-18T09:13:07.941+00:00,17.460,2447020,21787109,2447012,2447012,S,3,146048,299604,0.00,0.91843,21,futex_wait_queue
2026-09-18T09:13:08.043+00:00,17.563,2447012,21787092,2446992,2447012,S,1,2048,2904,0.00,0.01288,5,do_wait
2026-09-18T09:13:08.043+00:00,17.563,2447020,21787109,2447012,2447012,S,3,146048,299604,0.00,0.91843,21,futex_wait_queue
2026-09-18T09:13:08.145+00:00,17.665,2447012,21787092,2446992,2447012,S,1,2048,2904,0.00,0.01288,5,do_wait
2026-09-18T09:13:08.146+00:00,17.665,2447020,21787109,2447012,2447012,S,3,146048,299604,0.00,0.91843,21,futex_wait_queue
2026-09-18T09:13:08.247+00:00,17.767,2447012,21787092,2446992,2447012,S,1,2048,2904,0.00,0.01288,5,do_wait
2026-09-18T09:13:08.248+00:00,17.767,2447020,21787109,2447012,2447012,S,3,146048,299604,0.00,0.91843,21,futex_wait_queue
2026-09-18T09:13:08.351+00:00,17.869,2447012,21787092,2446992,2447012,S,1,2048,2904,0.00,0.01288,5,do_wait
2026-09-18T09:13:08.351+00:00,17.869,2447020,21787109,2447012,2447012,S,3,146048,299604,0.00,0.91843,21,futex_wait_queue
2026-09-18T09:13:08.453+00:00,17.972,2447012,21787092,2446992,2447012,S,1,2048,2904,0.00,0.01288,5,do_wait
2026-09-18T09:13:08.453+00:00,17.972,2447020,21787109,2447012,2447012,S,3,146048,299604,0.00,0.91843,21,futex_wait_queue
2026-09-18T09:13:08.555+00:00,18.075,2447012,21787092,2446992,2447012,S,1,2048,2904,0.00,0.01288,5,do_wait
2026-09-18T09:13:08.556+00:00,18.075,2447020,21787109,2447012,2447012,S,3,146048,299604,0.00,0.91843,21,futex_wait_queue
2026-09-18T09:13:08.658+00:00,18.177,2447012,21787092,2446992,2447012,S,1,2048,2904,0.00,0.01288,5,do_wait
2026-09-18T09:13:08.658+00:00,18.177,2447020,21787109,2447012,2447012,S,3,146048,299604,0.00,0.91843,21,futex_wait_queue
2026-09-18T09:13:08.760+00:00,18.279,2447012,21787092,2446992,2447012,S,1,2048,2904,0.00,0.01288,5,do_wait
2026-09-18T09:13:08.760+00:00,18.279,2447020,21787109,2447012,2447012,S,3,146048,299604,0.00,0.91843,21,futex_wait_queue
2026-09-18T09:13:08.862+00:00,18.382,2447012,21787092,2446992,2447012,S,1,2048,2904,0.00,0.01288,5,do_wait
2026-09-18T09:13:08.863+00:00,18.382,2447020,21787109,2447012,2447012,S,3,146048,299604,0.00,0.91843,21,futex_wait_queue
2026-09-18T09:13:08.964+00:00,18.484,2447012,21787092,2446992,2447012,S,1,2048,2904,0.00,0.01288,5,do_wait
2026-09-18T09:13:08.965+00:00,18.484,2447020,21787109,2447012,2447012,S,3,171648,325208,19.55,1.07942,23,futex_wait_queue
2026-09-18T09:13:09.067+00:00,18.586,2447012,21787092,2446992,2447012,S,1,2048,2904,0.00,0.01288,5,do_wait
2026-09-18T09:13:09.068+00:00,18.586,2447020,21787109,2447012,2447012,S,3,171648,325208,0.00,1.07942,23,futex_wait_queue
2026-09-18T09:13:09.170+00:00,18.690,2447012,21787092,2446992,2447012,S,1,2048,2904,0.00,0.01288,5,do_wait
2026-09-18T09:13:09.171+00:00,18.690,2447020,21787109,2447012,2447012,S,3,171648,325208,0.00,1.07942,23,futex_wait_queue
2026-09-18T09:13:09.272+00:00,18.792,2447012,21787092,2446992,2447012,S,1,2048,2904,0.00,0.01288,5,do_wait
2026-09-18T09:13:09.273+00:00,18.792,2447020,21787109,2447012,2447012,S,3,171648,325208,0.00,1.07942,23,futex_wait_queue
2026-09-18T09:13:09.375+00:00,18.894,2447012,21787092,2446992,2447012,S,1,2048,2904,0.00,0.01288,5,do_wait
2026-09-18T09:13:09.375+00:00,18.894,2447020,21787109,2447012,2447012,S,3,171648,325208,19.57,1.07942,25,futex_wait_queue
2026-09-18T09:13:09.477+00:00,18.996,2447012,21787092,2446992,2447012,S,1,2048,2904,0.00,0.01288,5,do_wait
2026-09-18T09:13:09.477+00:00,18.996,2447020,21787109,2447012,2447012,S,3,171648,325208,19.59,1.07942,27,futex_wait_queue
2026-09-18T09:13:09.579+00:00,19.099,2447012,21787092,2446992,2447012,S,1,2048,2904,0.00,0.01288,5,do_wait
2026-09-18T09:13:09.580+00:00,19.099,2447020,21787109,2447012,2447012,S,3,171648,325208,0.00,1.07942,27,futex_wait_queue
2026-09-18T09:13:09.681+00:00,19.201,2447012,21787092,2446992,2447012,S,1,2048,2904,0.00,0.01288,5,do_wait
2026-09-18T09:13:09.682+00:00,19.201,2447020,21787109,2447012,2447012,S,3,171648,325208,0.00,1.07942,27,futex_wait_queue
2026-09-18T09:13:09.785+00:00,19.303,2447012,21787092,2446992,2447012,S,1,2048,2904,0.00,0.01288,5,do_wait
2026-09-18T09:13:09.785+00:00,19.303,2447020,21787109,2447012,2447012,S,3,171648,325208,0.00,1.07942,27,futex_wait_queue
2026-09-18T09:13:09.887+00:00,19.407,2447012,21787092,2446992,2447012,S,1,2048,2904,0.00,0.01288,5,do_wait
2026-09-18T09:13:09.890+00:00,19.407,2447020,21787109,2447012,2447012,S,3,171648,325208,0.00,1.07942,27,futex_wait_queue
2026-09-18T09:13:09.992+00:00,19.511,2447012,21787092,2446992,2447012,S,1,2048,2904,0.00,0.01288,5,do_wait
2026-09-18T09:13:09.992+00:00,19.511,2447020,21787109,2447012,2447012,S,3,171648,325208,0.00,1.07942,27,futex_wait_queue
2026-09-18T09:13:10.095+00:00,19.614,2447012,21787092,2446992,2447012,S,1,2048,2904,0.00,0.01288,5,do_wait
2026-09-18T09:13:10.096+00:00,19.614,2447020,21787109,2447012,2447012,S,3,171648,325208,0.00,1.07942,27,futex_wait_queue
2026-09-18T09:13:10.198+00:00,19.717,2447012,21787092,2446992,2447012,S,1,2048,2904,0.00,0.01288,5,do_wait
2026-09-18T09:13:10.199+00:00,19.717,2447020,21787109,2447012,2447012,S,3,171648,325208,0.00,1.07942,27,futex_wait_queue
2026-09-18T09:13:10.301+00:00,19.820,2447012,21787092,2446992,2447012,S,1,2048,2904,0.00,0.01288,5,do_wait
2026-09-18T09:13:10.301+00:00,19.820,2447020,21787109,2447012,2447012,S,3,171648,325208,0.00,1.07942,27,futex_wait_queue
2026-09-18T09:13:10.403+00:00,19.923,2447012,21787092,2446992,2447012,S,1,2048,2904,0.00,0.01288,5,do_wait
2026-09-18T09:13:10.404+00:00,19.923,2447020,21787109,2447012,2447012,S,3,171648,325208,0.00,1.07942,27,futex_wait_queue
2026-09-18T09:13:10.506+00:00,20.025,2447012,21787092,2446992,2447012,S,1,2048,2904,0.00,0.01288,5,do_wait
2026-09-18T09:13:10.507+00:00,20.025,2447020,21787109,2447012,2447012,S,3,171648,325208,0.00,1.07942,27,futex_wait_queue
2026-09-18T09:13:10.609+00:00,20.128,2447012,21787092,2446992,2447012,S,1,2048,2904,0.00,0.01288,5,do_wait
2026-09-18T09:13:10.609+00:00,20.128,2447020,21787109,2447012,2447012,S,3,171648,325208,0.00,1.07942,27,futex_wait_queue
2026-09-18T09:13:10.711+00:00,20.230,2447012,21787092,2446992,2447012,S,1,2048,2904,0.00,0.01288,5,do_wait
2026-09-18T09:13:10.711+00:00,20.230,2447020,21787109,2447012,2447012,S,3,171648,325208,0.00,1.07942,27,futex_wait_queue
2026-09-18T09:13:10.814+00:00,20.333,2447012,21787092,2446992,2447012,S,1,2048,2904,0.00,0.01288,5,do_wait
2026-09-18T09:13:10.815+00:00,20.333,2447020,21787109,2447012,2447012,S,3,171648,325208,0.00,1.07942,27,futex_wait_queue
2026-09-18T09:13:10.916+00:00,20.436,2447012,21787092,2446992,2447012,S,1,2048,2904,0.00,0.01288,5,do_wait
2026-09-18T09:13:10.917+00:00,20.436,2447020,21787109,2447012,2447012,S,3,171648,325208,0.00,1.07942,27,futex_wait_queue
2026-09-18T09:13:11.019+00:00,20.538,2447012,21787092,2446992,2447012,S,1,2048,2904,0.00,0.01288,5,do_wait
2026-09-18T09:13:11.020+00:00,20.538,2447020,21787109,2447012,2447012,S,3,171648,325208,0.00,1.07942,27,futex_wait_queue
2026-09-18T09:13:11.122+00:00,20.641,2447012,21787092,2446992,2447012,S,1,2048,2904,0.00,0.01288,5,do_wait
2026-09-18T09:13:11.123+00:00,20.641,2447020,21787109,2447012,2447012,S,3,171648,325208,0.00,1.07942,27,futex_wait_queue
2026-09-18T09:13:11.225+00:00,20.744,2447012,21787092,2446992,2447012,S,1,2048,2904,0.00,0.01288,5,do_wait
2026-09-18T09:13:11.225+00:00,20.744,2447020,21787109,2447012,2447012,S,3,171648,325208,0.00,1.07942,27,futex_wait_queue
2026-09-18T09:13:11.327+00:00,20.847,2447012,21787092,2446992,2447012,S,1,2048,2904,0.00,0.01288,5,do_wait
2026-09-18T09:13:11.328+00:00,20.847,2447020,21787109,2447012,2447012,S,3,171648,325208,0.00,1.07942,27,futex_wait_queue
2026-09-18T09:13:11.430+00:00,20.949,2447012,21787092,2446992,2447012,S,1,2048,2904,0.00,0.01288,5,do_wait
2026-09-18T09:13:11.431+00:00,20.949,2447020,21787109,2447012,2447012,S,3,171648,325208,0.00,1.07942,27,futex_wait_queue
2026-09-18T09:13:11.533+00:00,21.052,2447012,21787092,2446992,2447012,S,1,2048,2904,0.00,0.01288,5,do_wait
2026-09-18T09:13:11.533+00:00,21.052,2447020,21787109,2447012,2447012,S,3,171648,325208,0.00,1.07942,27,futex_wait_queue
2026-09-18T09:13:11.636+00:00,21.155,2447012,21787092,2446992,2447012,S,1,2048,2904,0.00,0.01288,5,do_wait
2026-09-18T09:13:11.636+00:00,21.155,2447020,21787109,2447012,2447012,S,3,171648,325208,0.00,1.07942,27,futex_wait_queue
2026-09-18T09:13:11.738+00:00,21.258,2447012,21787092,2446992,2447012,S,1,2048,2904,0.00,0.01288,5,do_wait
2026-09-18T09:13:11.739+00:00,21.258,2447020,21787109,2447012,2447012,S,3,171648,325208,0.00,1.07942,27,futex_wait_queue
2026-09-18T09:13:11.842+00:00,21.360,2447012,21787092,2446992,2447012,S,1,2048,2904,0.00,0.01288,5,do_wait
2026-09-18T09:13:11.842+00:00,21.360,2447020,21787109,2447012,2447012,S,3,171648,325208,0.00,1.07942,27,futex_wait_queue
2026-09-18T09:13:11.944+00:00,21.463,2447012,21787092,2446992,2447012,S,1,2048,2904,0.00,0.01288,5,do_wait
2026-09-18T09:13:11.945+00:00,21.463,2447020,21787109,2447012,2447012,S,3,189184,350812,0.00,1.18969,27,futex_wait_queue
2026-09-18T09:13:12.047+00:00,21.566,2447012,21787092,2446992,2447012,S,1,2048,2904,0.00,0.01288,5,do_wait
2026-09-18T09:13:12.047+00:00,21.566,2447020,21787109,2447012,2447012,S,3,197248,350812,9.73,1.24041,28,futex_wait_queue
2026-09-18T09:13:12.150+00:00,21.669,2447012,21787092,2446992,2447012,S,1,2048,2904,0.00,0.01288,5,do_wait
2026-09-18T09:13:12.150+00:00,21.669,2447020,21787109,2447012,2447012,S,3,197248,350812,0.00,1.24041,28,futex_wait_queue
2026-09-18T09:13:12.252+00:00,21.771,2447012,21787092,2446992,2447012,S,1,2048,2904,0.00,0.01288,5,do_wait
2026-09-18T09:13:12.253+00:00,21.771,2447020,21787109,2447012,2447012,S,3,197248,350812,0.00,1.24041,28,futex_wait_queue
2026-09-18T09:13:12.355+00:00,21.874,2447012,21787092,2446992,2447012,S,1,2048,2904,0.00,0.01288,5,do_wait
2026-09-18T09:13:12.355+00:00,21.874,2447020,21787109,2447012,2447012,S,3,197248,350812,0.00,1.24041,28,futex_wait_queue
2026-09-18T09:13:12.457+00:00,21.977,2447012,21787092,2446992,2447012,S,1,2048,2904,0.00,0.01288,5,do_wait
2026-09-18T09:13:12.458+00:00,21.977,2447020,21787109,2447012,2447012,S,3,197248,350812,0.00,1.24041,28,futex_wait_queue
2026-09-18T09:13:12.560+00:00,22.079,2447012,21787092,2446992,2447012,S,1,2048,2904,0.00,0.01288,5,do_wait
2026-09-18T09:13:12.561+00:00,22.079,2447020,21787109,2447012,2447012,S,3,197248,350812,39.02,1.24041,32,futex_wait_queue
2026-09-18T09:13:12.663+00:00,22.182,2447012,21787092,2446992,2447012,S,1,2048,2904,0.00,0.01288,5,do_wait
2026-09-18T09:13:12.664+00:00,22.182,2447020,21787109,2447012,2447012,S,3,197248,350812,0.00,1.24041,32,futex_wait_queue
2026-09-18T09:13:12.766+00:00,22.285,2447012,21787092,2446992,2447012,S,1,2048,2904,0.00,0.01288,5,do_wait
2026-09-18T09:13:12.766+00:00,22.285,2447020,21787109,2447012,2447012,S,3,197248,350812,0.00,1.24041,32,futex_wait_queue
2026-09-18T09:13:12.868+00:00,22.388,2447012,21787092,2446992,2447012,S,1,2048,2904,0.00,0.01288,5,do_wait
2026-09-18T09:13:12.869+00:00,22.388,2447020,21787109,2447012,2447012,S,3,197248,350812,0.00,1.24041,32,futex_wait_queue
2026-09-18T09:13:12.971+00:00,22.490,2447012,21787092,2446992,2447012,S,1,2048,2904,0.00,0.01288,5,do_wait
2026-09-18T09:13:12.971+00:00,22.490,2447020,21787109,2447012,2447012,S,3,197248,350812,0.00,1.24041,32,futex_wait_queue
2026-09-18T09:13:13.073+00:00,22.593,2447012,21787092,2446992,2447012,S,1,2048,2904,0.00,0.01288,5,do_wait
2026-09-18T09:13:13.074+00:00,22.593,2447020,21787109,2447012,2447012,S,3,197248,350812,0.00,1.24041,32,futex_wait_queue
2026-09-18T09:13:13.176+00:00,22.695,2447012,21787092,2446992,2447012,S,1,2048,2904,0.00,0.01288,5,do_wait
2026-09-18T09:13:13.176+00:00,22.695,2447020,21787109,2447012,2447012,S,3,197248,350812,0.00,1.24041,32,futex_wait_queue
2026-09-18T09:13:13.279+00:00,22.798,2447012,21787092,2446992,2447012,S,1,2048,2904,0.00,0.01288,5,do_wait
2026-09-18T09:13:13.279+00:00,22.798,2447020,21787109,2447012,2447012,S,3,197248,350812,0.00,1.24041,32,futex_wait_queue
2026-09-18T09:13:13.382+00:00,22.900,2447012,21787092,2446992,2447012,S,1,2048,2904,0.00,0.01288,5,do_wait
2026-09-18T09:13:13.382+00:00,22.900,2447020,21787109,2447012,2447012,S,3,197248,350812,0.00,1.24041,32,futex_wait_queue
2026-09-18T09:13:13.485+00:00,23.003,2447012,21787092,2446992,2447012,S,1,2048,2904,0.00,0.01288,5,do_wait
2026-09-18T09:13:13.485+00:00,23.003,2447020,21787109,2447012,2447012,S,3,197248,350812,0.00,1.24041,32,futex_wait_queue
2026-09-18T09:13:13.587+00:00,23.107,2447012,21787092,2446992,2447012,S,1,2048,2904,0.00,0.01288,5,do_wait
2026-09-18T09:13:13.588+00:00,23.107,2447020,21787109,2447012,2447012,S,3,197248,350812,0.00,1.24041,32,futex_wait_queue
2026-09-18T09:13:13.690+00:00,23.209,2447012,21787092,2446992,2447012,S,1,2048,2904,0.00,0.01288,5,do_wait
2026-09-18T09:13:13.690+00:00,23.209,2447020,21787109,2447012,2447012,S,3,197248,350812,0.00,1.24041,32,futex_wait_queue
2026-09-18T09:13:13.792+00:00,23.311,2447012,21787092,2446992,2447012,S,1,2048,2904,0.00,0.01288,5,do_wait
2026-09-18T09:13:13.792+00:00,23.311,2447020,21787109,2447012,2447012,S,3,197248,350812,0.00,1.24041,32,futex_wait_queue
2026-09-18T09:13:13.895+00:00,23.414,2447012,21787092,2446992,2447012,S,1,2048,2904,0.00,0.01288,5,do_wait
2026-09-18T09:13:13.895+00:00,23.414,2447020,21787109,2447012,2447012,S,3,197248,350812,0.00,1.24041,32,futex_wait_queue
2026-09-18T09:13:13.998+00:00,23.516,2447012,21787092,2446992,2447012,S,1,2048,2904,0.00,0.01288,5,do_wait
2026-09-18T09:13:13.999+00:00,23.516,2447020,21787109,2447012,2447012,S,3,197248,350812,0.00,1.24041,32,futex_wait_queue
2026-09-18T09:13:14.101+00:00,23.620,2447012,21787092,2446992,2447012,S,1,2048,2904,0.00,0.01288,5,do_wait
2026-09-18T09:13:14.102+00:00,23.620,2447020,21787109,2447012,2447012,S,3,197248,350812,0.00,1.24041,32,futex_wait_queue
2026-09-18T09:13:14.204+00:00,23.723,2447012,21787092,2446992,2447012,S,1,2048,2904,0.00,0.01288,5,do_wait
2026-09-18T09:13:14.205+00:00,23.723,2447020,21787109,2447012,2447012,S,3,197248,350812,0.00,1.24041,32,futex_wait_queue
2026-09-18T09:13:14.307+00:00,23.826,2447012,21787092,2446992,2447012,S,1,2048,2904,0.00,0.01288,5,do_wait
2026-09-18T09:13:14.307+00:00,23.826,2447020,21787109,2447012,2447012,S,3,197248,350812,0.00,1.24041,32,futex_wait_queue
2026-09-18T09:13:14.409+00:00,23.929,2447012,21787092,2446992,2447012,S,1,2048,2904,0.00,0.01288,5,do_wait
2026-09-18T09:13:14.409+00:00,23.929,2447020,21787109,2447012,2447012,S,3,197248,350812,0.00,1.24041,32,futex_wait_queue
2026-09-18T09:13:14.511+00:00,24.031,2447012,21787092,2446992,2447012,S,1,2048,2904,0.00,0.01288,5,do_wait
2026-09-18T09:13:14.512+00:00,24.031,2447020,21787109,2447012,2447012,S,3,197248,350812,0.00,1.24041,32,futex_wait_queue
2026-09-18T09:13:14.613+00:00,24.133,2447012,21787092,2446992,2447012,S,1,2048,2904,0.00,0.01288,5,do_wait
2026-09-18T09:13:14.614+00:00,24.133,2447020,21787109,2447012,2447012,S,3,197248,350812,0.00,1.24041,32,futex_wait_queue
2026-09-18T09:13:14.715+00:00,24.235,2447012,21787092,2446992,2447012,S,1,2048,2904,0.00,0.01288,5,do_wait
2026-09-18T09:13:14.716+00:00,24.235,2447020,21787109,2447012,2447012,S,3,197248,350812,0.00,1.24041,32,futex_wait_queue
2026-09-18T09:13:14.818+00:00,24.337,2447012,21787092,2446992,2447012,S,1,2048,2904,0.00,0.01288,5,do_wait
2026-09-18T09:13:14.818+00:00,24.337,2447020,21787109,2447012,2447012,S,3,197248,350812,0.00,1.24041,32,futex_wait_queue
2026-09-18T09:13:14.920+00:00,24.440,2447012,21787092,2446992,2447012,S,1,2048,2904,0.00,0.01288,5,do_wait
2026-09-18T09:13:14.921+00:00,24.440,2447020,21787109,2447012,2447012,S,3,197248,350812,0.00,1.24041,32,futex_wait_queue
2026-09-18T09:13:15.023+00:00,24.542,2447012,21787092,2446992,2447012,S,1,2048,2904,0.00,0.01288,5,do_wait
2026-09-18T09:13:15.023+00:00,24.542,2447020,21787109,2447012,2447012,S,3,222848,376416,19.54,1.40139,34,futex_wait_queue
2026-09-18T09:13:15.126+00:00,24.645,2447012,21787092,2446992,2447012,S,1,2048,2904,0.00,0.01288,5,do_wait
2026-09-18T09:13:15.126+00:00,24.645,2447020,21787109,2447012,2447012,S,3,222848,376416,0.00,1.40139,34,futex_wait_queue
2026-09-18T09:13:15.228+00:00,24.747,2447012,21787092,2446992,2447012,S,1,2048,2904,0.00,0.01288,5,do_wait
2026-09-18T09:13:15.228+00:00,24.747,2447020,21787109,2447012,2447012,S,3,222848,376416,0.00,1.40139,34,futex_wait_queue
2026-09-18T09:13:15.330+00:00,24.850,2447012,21787092,2446992,2447012,S,1,2048,2904,0.00,0.01288,5,do_wait
2026-09-18T09:13:15.331+00:00,24.850,2447020,21787109,2447012,2447012,S,3,222848,376416,0.00,1.40139,34,futex_wait_queue
2026-09-18T09:13:15.432+00:00,24.952,2447012,21787092,2446992,2447012,S,1,2048,2904,0.00,0.01288,5,do_wait
2026-09-18T09:13:15.433+00:00,24.952,2447020,21787109,2447012,2447012,S,3,222848,376416,0.00,1.40139,34,futex_wait_queue
2026-09-18T09:13:15.535+00:00,25.054,2447012,21787092,2446992,2447012,S,1,2048,2904,0.00,0.01288,5,do_wait
2026-09-18T09:13:15.535+00:00,25.054,2447020,21787109,2447012,2447012,S,3,222848,376416,0.00,1.40139,34,futex_wait_queue
2026-09-18T09:13:15.637+00:00,25.157,2447012,21787092,2446992,2447012,S,1,2048,2904,0.00,0.01288,5,do_wait
2026-09-18T09:13:15.638+00:00,25.157,2447020,21787109,2447012,2447012,S,3,222848,376416,39.01,1.40139,38,futex_wait_queue
2026-09-18T09:13:15.739+00:00,25.259,2447012,21787092,2446992,2447012,S,1,2048,2904,0.00,0.01288,5,do_wait
2026-09-18T09:13:15.740+00:00,25.259,2447020,21787109,2447012,2447012,S,3,222848,376416,0.00,1.40139,38,futex_wait_queue
2026-09-18T09:13:15.842+00:00,25.361,2447012,21787092,2446992,2447012,S,1,2048,2904,0.00,0.01288,5,do_wait
2026-09-18T09:13:15.842+00:00,25.361,2447020,21787109,2447012,2447012,S,3,222848,376416,0.00,1.40139,38,futex_wait_queue
2026-09-18T09:13:15.944+00:00,25.463,2447012,21787092,2446992,2447012,S,1,2048,2904,0.00,0.01288,5,do_wait
2026-09-18T09:13:15.944+00:00,25.463,2447020,21787109,2447012,2447012,S,3,222848,376416,0.00,1.40139,38,futex_wait_queue
2026-09-18T09:13:16.046+00:00,25.566,2447012,21787092,2446992,2447012,S,1,2048,2904,0.00,0.01288,5,do_wait
2026-09-18T09:13:16.047+00:00,25.566,2447020,21787109,2447012,2447012,S,3,222848,376416,0.00,1.40139,38,futex_wait_queue
2026-09-18T09:13:16.149+00:00,25.668,2447012,21787092,2446992,2447012,S,1,2048,2904,0.00,0.01288,5,do_wait
2026-09-18T09:13:16.149+00:00,25.668,2447020,21787109,2447012,2447012,S,3,222848,376416,0.00,1.40139,38,futex_wait_queue
2026-09-18T09:13:16.252+00:00,25.771,2447012,21787092,2446992,2447012,S,1,2048,2904,0.00,0.01288,5,do_wait
2026-09-18T09:13:16.252+00:00,25.771,2447020,21787109,2447012,2447012,S,3,222848,376416,0.00,1.40139,38,futex_wait_queue
2026-09-18T09:13:16.354+00:00,25.873,2447012,21787092,2446992,2447012,S,1,2048,2904,0.00,0.01288,5,do_wait
2026-09-18T09:13:16.354+00:00,25.873,2447020,21787109,2447012,2447012,S,3,222848,376416,0.00,1.40139,38,futex_wait_queue
2026-09-18T09:13:16.456+00:00,25.975,2447012,21787092,2446992,2447012,S,1,2048,2904,0.00,0.01288,5,do_wait
2026-09-18T09:13:16.456+00:00,25.975,2447020,21787109,2447012,2447012,S,3,222848,376416,0.00,1.40139,38,futex_wait_queue
2026-09-18T09:13:16.558+00:00,26.078,2447012,21787092,2446992,2447012,S,1,2048,2904,0.00,0.01288,5,do_wait
2026-09-18T09:13:16.559+00:00,26.078,2447020,21787109,2447012,2447012,S,3,222848,376416,0.00,1.40139,38,futex_wait_queue
2026-09-18T09:13:16.661+00:00,26.180,2447012,21787092,2446992,2447012,S,1,2048,2904,0.00,0.01288,5,do_wait
2026-09-18T09:13:16.662+00:00,26.180,2447020,21787109,2447012,2447012,S,3,222848,376416,0.00,1.40139,38,futex_wait_queue
2026-09-18T09:13:16.763+00:00,26.283,2447012,21787092,2446992,2447012,S,1,2048,2904,0.00,0.01288,5,do_wait
2026-09-18T09:13:16.764+00:00,26.283,2447020,21787109,2447012,2447012,S,3,222848,376416,0.00,1.40139,38,futex_wait_queue
2026-09-18T09:13:16.866+00:00,26.385,2447012,21787092,2446992,2447012,S,1,2048,2904,0.00,0.01288,5,do_wait
2026-09-18T09:13:16.867+00:00,26.385,2447020,21787109,2447012,2447012,S,3,222848,376416,0.00,1.40139,38,futex_wait_queue
2026-09-18T09:13:16.971+00:00,26.488,2447012,21787092,2446992,2447012,S,1,2048,2904,0.00,0.01288,5,do_wait
2026-09-18T09:13:16.971+00:00,26.488,2447020,21787109,2447012,2447012,S,3,222848,376416,0.00,1.40139,38,futex_wait_queue
2026-09-18T09:13:17.073+00:00,26.592,2447012,21787092,2446992,2447012,S,1,2048,2904,0.00,0.01288,5,do_wait
2026-09-18T09:13:17.073+00:00,26.592,2447020,21787109,2447012,2447012,S,3,222848,376416,0.00,1.40139,38,futex_wait_queue
2026-09-18T09:13:17.175+00:00,26.695,2447012,21787092,2446992,2447012,S,1,2048,2904,0.00,0.01288,5,do_wait
2026-09-18T09:13:17.175+00:00,26.695,2447020,21787109,2447012,2447012,S,3,222848,376416,0.00,1.40139,38,futex_wait_queue
2026-09-18T09:13:17.277+00:00,26.797,2447012,21787092,2446992,2447012,S,1,2048,2904,0.00,0.01288,5,do_wait
2026-09-18T09:13:17.278+00:00,26.797,2447020,21787109,2447012,2447012,S,3,222848,376416,0.00,1.40139,38,futex_wait_queue
2026-09-18T09:13:17.380+00:00,26.899,2447012,21787092,2446992,2447012,S,1,2048,2904,0.00,0.01288,5,do_wait
2026-09-18T09:13:17.380+00:00,26.899,2447020,21787109,2447012,2447012,S,3,222848,376416,0.00,1.40139,38,futex_wait_queue
2026-09-18T09:13:17.482+00:00,27.002,2447012,21787092,2446992,2447012,S,1,2048,2904,0.00,0.01288,5,do_wait
2026-09-18T09:13:17.482+00:00,27.002,2447020,21787109,2447012,2447012,S,3,222848,376416,0.00,1.40139,38,futex_wait_queue
2026-09-18T09:13:17.585+00:00,27.104,2447012,21787092,2446992,2447012,S,1,2048,2904,0.00,0.01288,5,do_wait
2026-09-18T09:13:17.586+00:00,27.104,2447020,21787109,2447012,2447012,S,3,222848,376416,0.00,1.40139,38,futex_wait_queue
2026-09-18T09:13:17.688+00:00,27.207,2447012,21787092,2446992,2447012,S,1,2048,2904,0.00,0.01288,5,do_wait
2026-09-18T09:13:17.689+00:00,27.207,2447020,21787109,2447012,2447012,S,3,222848,376416,0.00,1.40139,38,futex_wait_queue
2026-09-18T09:13:17.790+00:00,27.310,2447012,21787092,2446992,2447012,S,1,2048,2904,0.00,0.01288,5,do_wait
2026-09-18T09:13:17.791+00:00,27.310,2447020,21787109,2447012,2447012,S,3,222848,376416,0.00,1.40139,38,futex_wait_queue
2026-09-18T09:13:17.893+00:00,27.412,2447012,21787092,2446992,2447012,S,1,2048,2904,0.00,0.01288,5,do_wait
2026-09-18T09:13:17.894+00:00,27.412,2447020,21787109,2447012,2447012,S,3,222848,376416,0.00,1.40139,38,futex_wait_queue
2026-09-18T09:13:17.996+00:00,27.515,2447012,21787092,2446992,2447012,S,1,2048,2904,0.00,0.01288,5,do_wait
2026-09-18T09:13:17.997+00:00,27.515,2447020,21787109,2447012,2447012,S,3,222848,376416,0.00,1.40139,38,futex_wait_queue
2026-09-18T09:13:18.099+00:00,27.618,2447012,21787092,2446992,2447012,S,1,2048,2904,0.00,0.01288,5,do_wait
2026-09-18T09:13:18.099+00:00,27.618,2447020,21787109,2447012,2447012,S,3,248448,402020,9.75,1.56238,39,futex_wait_queue
2026-09-18T09:13:18.201+00:00,27.720,2447012,21787092,2446992,2447012,S,1,2048,2904,0.00,0.01288,5,do_wait
2026-09-18T09:13:18.202+00:00,27.720,2447020,21787109,2447012,2447012,S,3,248448,402020,0.00,1.56238,39,futex_wait_queue
2026-09-18T09:13:18.304+00:00,27.823,2447012,21787092,2446992,2447012,S,1,2048,2904,0.00,0.01288,5,do_wait
2026-09-18T09:13:18.304+00:00,27.823,2447020,21787109,2447012,2447012,S,3,248448,402020,0.00,1.56238,39,futex_wait_queue
2026-09-18T09:13:18.406+00:00,27.926,2447012,21787092,2446992,2447012,S,1,2048,2904,0.00,0.01288,5,do_wait
2026-09-18T09:13:18.407+00:00,27.926,2447020,21787109,2447012,2447012,S,3,248448,402020,0.00,1.56238,39,futex_wait_queue
2026-09-18T09:13:18.509+00:00,28.028,2447012,21787092,2446992,2447012,S,1,2048,2904,0.00,0.01288,5,do_wait
2026-09-18T09:13:18.509+00:00,28.028,2447020,21787109,2447012,2447012,S,3,248448,402020,0.00,1.56238,39,futex_wait_queue
2026-09-18T09:13:18.612+00:00,28.131,2447012,21787092,2446992,2447012,S,1,2048,2904,0.00,0.01288,5,do_wait
2026-09-18T09:13:18.612+00:00,28.131,2447020,21787109,2447012,2447012,S,3,248448,402020,0.00,1.56238,39,futex_wait_queue
2026-09-18T09:13:18.715+00:00,28.234,2447012,21787092,2446992,2447012,S,1,2048,2904,0.00,0.01288,5,do_wait
2026-09-18T09:13:18.715+00:00,28.234,2447020,21787109,2447012,2447012,S,3,248448,402020,9.69,1.56238,40,futex_wait_queue
2026-09-18T09:13:18.817+00:00,28.336,2447012,21787092,2446992,2447012,S,1,2048,2904,0.00,0.01288,5,do_wait
2026-09-18T09:13:18.817+00:00,28.336,2447020,21787109,2447012,2447012,S,3,248448,402020,19.54,1.56238,42,futex_wait_queue
2026-09-18T09:13:18.919+00:00,28.439,2447012,21787092,2446992,2447012,S,1,2048,2904,0.00,0.01288,5,do_wait
2026-09-18T09:13:18.920+00:00,28.439,2447020,21787109,2447012,2447012,S,3,248448,402020,0.00,1.56238,42,futex_wait_queue
2026-09-18T09:13:19.022+00:00,28.541,2447012,21787092,2446992,2447012,S,1,2048,2904,0.00,0.01288,5,do_wait
2026-09-18T09:13:19.022+00:00,28.541,2447020,21787109,2447012,2447012,S,3,248448,402020,0.00,1.56238,42,futex_wait_queue
2026-09-18T09:13:19.125+00:00,28.644,2447012,21787092,2446992,2447012,S,1,2048,2904,0.00,0.01288,5,do_wait
2026-09-18T09:13:19.125+00:00,28.644,2447020,21787109,2447012,2447012,S,3,248448,402020,0.00,1.56238,42,futex_wait_queue
2026-09-18T09:13:19.227+00:00,28.746,2447012,21787092,2446992,2447012,S,1,2048,2904,0.00,0.01288,5,do_wait
2026-09-18T09:13:19.227+00:00,28.746,2447020,21787109,2447012,2447012,S,3,248448,402020,0.00,1.56238,42,futex_wait_queue
2026-09-18T09:13:19.330+00:00,28.849,2447012,21787092,2446992,2447012,S,1,2048,2904,0.00,0.01288,5,do_wait
2026-09-18T09:13:19.330+00:00,28.849,2447020,21787109,2447012,2447012,S,3,248448,402020,0.00,1.56238,42,futex_wait_queue
2026-09-18T09:13:19.432+00:00,28.952,2447012,21787092,2446992,2447012,S,1,2048,2904,0.00,0.01288,5,do_wait
2026-09-18T09:13:19.433+00:00,28.952,2447020,21787109,2447012,2447012,S,3,248448,402020,0.00,1.56238,42,futex_wait_queue
2026-09-18T09:13:19.535+00:00,29.054,2447012,21787092,2446992,2447012,S,1,2048,2904,0.00,0.01288,5,do_wait
2026-09-18T09:13:19.535+00:00,29.054,2447020,21787109,2447012,2447012,S,3,248448,402020,0.00,1.56238,42,futex_wait_queue
2026-09-18T09:13:19.638+00:00,29.157,2447012,21787092,2446992,2447012,S,1,2048,2904,0.00,0.01288,5,do_wait
2026-09-18T09:13:19.638+00:00,29.157,2447020,21787109,2447012,2447012,S,3,248448,402020,0.00,1.56238,42,futex_wait_queue
2026-09-18T09:13:19.740+00:00,29.259,2447012,21787092,2446992,2447012,S,1,2048,2904,0.00,0.01288,5,do_wait
2026-09-18T09:13:19.741+00:00,29.259,2447020,21787109,2447012,2447012,S,3,248448,402020,0.00,1.56238,42,futex_wait_queue
2026-09-18T09:13:19.843+00:00,29.362,2447012,21787092,2446992,2447012,S,1,2048,2904,0.00,0.01288,5,do_wait
2026-09-18T09:13:19.844+00:00,29.362,2447020,21787109,2447012,2447012,S,3,248448,402020,0.00,1.56238,42,futex_wait_queue
2026-09-18T09:13:19.945+00:00,29.465,2447012,21787092,2446992,2447012,S,1,2048,2904,0.00,0.01288,5,do_wait
2026-09-18T09:13:19.946+00:00,29.465,2447020,21787109,2447012,2447012,S,3,248448,402020,0.00,1.56238,42,futex_wait_queue
2026-09-18T09:13:20.048+00:00,29.567,2447012,21787092,2446992,2447012,S,1,2048,2904,0.00,0.01288,5,do_wait
2026-09-18T09:13:20.049+00:00,29.567,2447020,21787109,2447012,2447012,S,3,248448,402020,0.00,1.56238,42,futex_wait_queue
2026-09-18T09:13:20.151+00:00,29.670,2447012,21787092,2446992,2447012,S,1,2048,2904,0.00,0.01288,5,do_wait
2026-09-18T09:13:20.151+00:00,29.670,2447020,21787109,2447012,2447012,S,3,248448,402020,0.00,1.56238,42,futex_wait_queue
2026-09-18T09:13:20.253+00:00,29.773,2447012,21787092,2446992,2447012,S,1,2048,2904,0.00,0.01288,5,do_wait
2026-09-18T09:13:20.254+00:00,29.773,2447020,21787109,2447012,2447012,S,3,248448,402020,0.00,1.56238,42,futex_wait_queue
2026-09-18T09:13:20.356+00:00,29.875,2447012,21787092,2446992,2447012,S,1,2048,2904,0.00,0.01288,5,do_wait
2026-09-18T09:13:20.356+00:00,29.875,2447020,21787109,2447012,2447012,S,3,248448,402020,0.00,1.56238,42,futex_wait_queue
2026-09-18T09:13:20.458+00:00,29.978,2447012,21787092,2446992,2447012,S,1,2048,2904,0.00,0.01288,5,do_wait
2026-09-18T09:13:20.459+00:00,29.978,2447020,21787109,2447012,2447012,S,3,248448,402020,0.00,1.56238,42,futex_wait_queue
2026-09-18T09:13:20.561+00:00,30.080,2447012,21787092,2446992,2447012,S,1,2048,2904,0.00,0.01288,5,do_wait
2026-09-18T09:13:20.562+00:00,30.080,2447020,21787109,2447012,2447012,S,3,248448,402020,0.00,1.56238,42,futex_wait_queue
2026-09-18T09:13:20.664+00:00,30.183,2447012,21787092,2446992,2447012,S,1,2048,2904,0.00,0.01288,5,do_wait
2026-09-18T09:13:20.664+00:00,30.183,2447020,21787109,2447012,2447012,S,3,248448,402020,0.00,1.56238,42,futex_wait_queue
2026-09-18T09:13:20.766+00:00,30.285,2447012,21787092,2446992,2447012,S,1,2048,2904,0.00,0.01288,5,do_wait
2026-09-18T09:13:20.767+00:00,30.285,2447020,21787109,2447012,2447012,S,3,248448,402020,0.00,1.56238,42,futex_wait_queue
2026-09-18T09:13:20.869+00:00,30.388,2447012,21787092,2446992,2447012,S,1,2048,2904,0.00,0.01288,5,do_wait
2026-09-18T09:13:20.869+00:00,30.388,2447020,21787109,2447012,2447012,S,3,248448,402020,0.00,1.56238,42,futex_wait_queue
2026-09-18T09:13:20.971+00:00,30.490,2447012,21787092,2446992,2447012,S,1,2048,2904,0.00,0.01288,5,do_wait
2026-09-18T09:13:20.972+00:00,30.490,2447020,21787109,2447012,2447012,S,3,248448,402020,0.00,1.56238,42,futex_wait_queue
2026-09-18T09:13:21.074+00:00,30.593,2447012,21787092,2446992,2447012,S,1,2048,2904,0.00,0.01288,5,do_wait
2026-09-18T09:13:21.075+00:00,30.593,2447020,21787109,2447012,2447012,S,3,274048,427624,19.44,1.72337,44,futex_wait_queue
2026-09-18T09:13:21.178+00:00,30.696,2447012,21787092,2446992,2447012,S,1,2048,2904,0.00,0.01288,5,do_wait
2026-09-18T09:13:21.179+00:00,30.696,2447020,21787109,2447012,2447012,S,3,274048,427624,0.00,1.72337,44,futex_wait_queue
2026-09-18T09:13:21.280+00:00,30.800,2447012,21787092,2446992,2447012,S,1,2048,2904,0.00,0.01288,5,do_wait
2026-09-18T09:13:21.281+00:00,30.800,2447020,21787109,2447012,2447012,S,3,274048,427624,0.00,1.72337,44,futex_wait_queue
2026-09-18T09:13:21.383+00:00,30.902,2447012,21787092,2446992,2447012,S,1,2048,2904,0.00,0.01288,5,do_wait
2026-09-18T09:13:21.383+00:00,30.902,2447020,21787109,2447012,2447012,S,3,274048,427624,0.00,1.72337,44,futex_wait_queue
2026-09-18T09:13:21.485+00:00,31.004,2447012,21787092,2446992,2447012,S,1,2048,2904,0.00,0.01288,5,do_wait
2026-09-18T09:13:21.485+00:00,31.004,2447020,21787109,2447012,2447012,S,3,274048,427624,0.00,1.72337,44,futex_wait_queue
2026-09-18T09:13:21.588+00:00,31.107,2447012,21787092,2446992,2447012,S,1,2048,2904,0.00,0.01288,5,do_wait
2026-09-18T09:13:21.589+00:00,31.107,2447020,21787109,2447012,2447012,S,3,274048,427624,0.00,1.72337,44,futex_wait_queue
2026-09-18T09:13:21.691+00:00,31.210,2447012,21787092,2446992,2447012,S,1,2048,2904,0.00,0.01288,5,do_wait
2026-09-18T09:13:21.691+00:00,31.210,2447020,21787109,2447012,2447012,S,3,274048,427624,0.00,1.72337,44,futex_wait_queue
2026-09-18T09:13:21.793+00:00,31.313,2447012,21787092,2446992,2447012,S,1,2048,2904,0.00,0.01288,5,do_wait
2026-09-18T09:13:21.794+00:00,31.313,2447020,21787109,2447012,2447012,S,3,274048,427624,0.00,1.72337,44,futex_wait_queue
2026-09-18T09:13:21.896+00:00,31.415,2447012,21787092,2446992,2447012,S,1,2048,2904,0.00,0.01288,5,do_wait
2026-09-18T09:13:21.896+00:00,31.415,2447020,21787109,2447012,2447012,S,3,274048,427624,19.54,1.72337,46,futex_wait_queue
2026-09-18T09:13:21.998+00:00,31.518,2447012,21787092,2446992,2447012,S,1,2048,2904,0.00,0.01288,5,do_wait
2026-09-18T09:13:21.999+00:00,31.518,2447020,21787109,2447012,2447012,S,3,274048,427624,0.00,1.72337,46,futex_wait_queue
2026-09-18T09:13:22.101+00:00,31.620,2447012,21787092,2446992,2447012,S,1,2048,2904,0.00,0.01288,5,do_wait
2026-09-18T09:13:22.101+00:00,31.620,2447020,21787109,2447012,2447012,S,3,274048,427624,0.00,1.72337,46,futex_wait_queue
2026-09-18T09:13:22.203+00:00,31.723,2447012,21787092,2446992,2447012,S,1,2048,2904,0.00,0.01288,5,do_wait
2026-09-18T09:13:22.203+00:00,31.723,2447020,21787109,2447012,2447012,S,3,274048,427624,0.00,1.72337,46,futex_wait_queue
2026-09-18T09:13:22.305+00:00,31.825,2447012,21787092,2446992,2447012,S,1,2048,2904,0.00,0.01288,5,do_wait
2026-09-18T09:13:22.306+00:00,31.825,2447020,21787109,2447012,2447012,S,3,274048,427624,0.00,1.72337,46,futex_wait_queue
2026-09-18T09:13:22.408+00:00,31.927,2447012,21787092,2446992,2447012,S,1,2048,2904,0.00,0.01288,5,do_wait
2026-09-18T09:13:22.408+00:00,31.927,2447020,21787109,2447012,2447012,S,3,274048,427624,0.00,1.72337,46,futex_wait_queue
2026-09-18T09:13:22.510+00:00,32.030,2447012,21787092,2446992,2447012,S,1,2048,2904,0.00,0.01288,5,do_wait
2026-09-18T09:13:22.510+00:00,32.030,2447020,21787109,2447012,2447012,S,3,274048,427624,0.00,1.72337,46,futex_wait_queue
2026-09-18T09:13:22.612+00:00,32.132,2447012,21787092,2446992,2447012,S,1,2048,2904,0.00,0.01288,5,do_wait
2026-09-18T09:13:22.613+00:00,32.132,2447020,21787109,2447012,2447012,S,3,274048,427624,0.00,1.72337,46,futex_wait_queue
2026-09-18T09:13:22.715+00:00,32.234,2447012,21787092,2446992,2447012,S,1,2048,2904,0.00,0.01288,5,do_wait
2026-09-18T09:13:22.715+00:00,32.234,2447020,21787109,2447012,2447012,S,3,274048,427624,0.00,1.72337,46,futex_wait_queue
2026-09-18T09:13:22.818+00:00,32.337,2447012,21787092,2446992,2447012,S,1,2048,2904,0.00,0.01288,5,do_wait
2026-09-18T09:13:22.818+00:00,32.337,2447020,21787109,2447012,2447012,S,3,274048,427624,0.00,1.72337,46,futex_wait_queue
2026-09-18T09:13:22.921+00:00,32.439,2447012,21787092,2446992,2447012,S,1,2048,2904,0.00,0.01288,5,do_wait
2026-09-18T09:13:22.921+00:00,32.439,2447020,21787109,2447012,2447012,S,3,274048,427624,0.00,1.72337,46,futex_wait_queue
2026-09-18T09:13:23.023+00:00,32.542,2447012,21787092,2446992,2447012,S,1,2048,2904,0.00,0.01288,5,do_wait
2026-09-18T09:13:23.024+00:00,32.542,2447020,21787109,2447012,2447012,S,3,274048,427624,0.00,1.72337,46,futex_wait_queue
2026-09-18T09:13:23.126+00:00,32.646,2447012,21787092,2446992,2447012,S,1,2048,2904,0.00,0.01288,5,do_wait
2026-09-18T09:13:23.127+00:00,32.646,2447020,21787109,2447012,2447012,S,3,274048,427624,0.00,1.72337,46,futex_wait_queue
2026-09-18T09:13:23.229+00:00,32.748,2447012,21787092,2446992,2447012,S,1,2048,2904,0.00,0.01288,5,do_wait
2026-09-18T09:13:23.229+00:00,32.748,2447020,21787109,2447012,2447012,S,3,274048,427624,0.00,1.72337,46,futex_wait_queue
2026-09-18T09:13:23.331+00:00,32.851,2447012,21787092,2446992,2447012,S,1,2048,2904,0.00,0.01288,5,do_wait
2026-09-18T09:13:23.332+00:00,32.851,2447020,21787109,2447012,2447012,S,3,274048,427624,0.00,1.72337,46,futex_wait_queue
2026-09-18T09:13:23.434+00:00,32.953,2447012,21787092,2446992,2447012,S,1,2048,2904,0.00,0.01288,5,do_wait
2026-09-18T09:13:23.434+00:00,32.953,2447020,21787109,2447012,2447012,S,3,274048,427624,0.00,1.72337,46,futex_wait_queue
2026-09-18T09:13:23.537+00:00,33.056,2447012,21787092,2446992,2447012,S,1,2048,2904,0.00,0.01288,5,do_wait
2026-09-18T09:13:23.537+00:00,33.056,2447020,21787109,2447012,2447012,S,3,274048,427624,0.00,1.72337,46,futex_wait_queue
2026-09-18T09:13:23.639+00:00,33.159,2447012,21787092,2446992,2447012,S,1,2048,2904,0.00,0.01288,5,do_wait
2026-09-18T09:13:23.640+00:00,33.159,2447020,21787109,2447012,2447012,S,3,274048,427624,0.00,1.72337,46,futex_wait_queue
2026-09-18T09:13:23.743+00:00,33.261,2447012,21787092,2446992,2447012,S,1,2048,2904,0.00,0.01288,5,do_wait
2026-09-18T09:13:23.743+00:00,33.261,2447020,21787109,2447012,2447012,S,3,274048,427624,0.00,1.72337,46,futex_wait_queue
2026-09-18T09:13:23.846+00:00,33.365,2447012,21787092,2446992,2447012,S,1,2048,2904,0.00,0.01288,5,do_wait
2026-09-18T09:13:23.846+00:00,33.365,2447020,21787109,2447012,2447012,S,3,274048,427624,0.00,1.72337,46,futex_wait_queue
2026-09-18T09:13:23.948+00:00,33.467,2447012,21787092,2446992,2447012,S,1,2048,2904,0.00,0.01288,5,do_wait
2026-09-18T09:13:23.948+00:00,33.467,2447020,21787109,2447012,2447012,S,3,274048,427624,0.00,1.72337,46,futex_wait_queue
2026-09-18T09:13:24.051+00:00,33.570,2447012,21787092,2446992,2447012,S,1,2048,2904,0.00,0.01288,5,do_wait
2026-09-18T09:13:24.051+00:00,33.570,2447020,21787109,2447012,2447012,S,3,281472,453228,9.75,1.77005,47,futex_wait_queue
2026-09-18T09:13:24.153+00:00,33.672,2447012,21787092,2446992,2447012,S,1,2048,2904,0.00,0.01288,5,do_wait
2026-09-18T09:13:24.154+00:00,33.672,2447020,21787109,2447012,2447012,S,3,299648,453228,19.48,1.88435,49,futex_wait_queue
2026-09-18T09:13:24.256+00:00,33.775,2447012,21787092,2446992,2447012,S,1,2048,2904,0.00,0.01288,5,do_wait
2026-09-18T09:13:24.256+00:00,33.775,2447020,21787109,2447012,2447012,S,3,299648,453228,0.00,1.88435,49,futex_wait_queue
2026-09-18T09:13:24.358+00:00,33.877,2447012,21787092,2446992,2447012,S,1,2048,2904,0.00,0.01288,5,do_wait
2026-09-18T09:13:24.359+00:00,33.877,2447020,21787109,2447012,2447012,S,3,299648,453228,0.00,1.88435,49,futex_wait_queue
2026-09-18T09:13:24.461+00:00,33.980,2447012,21787092,2446992,2447012,S,1,2048,2904,0.00,0.01288,5,do_wait
2026-09-18T09:13:24.461+00:00,33.980,2447020,21787109,2447012,2447012,S,3,299648,453228,0.00,1.88435,49,futex_wait_queue
2026-09-18T09:13:24.564+00:00,34.083,2447012,21787092,2446992,2447012,S,1,2048,2904,0.00,0.01288,5,do_wait
2026-09-18T09:13:24.564+00:00,34.083,2447020,21787109,2447012,2447012,S,3,299648,453228,0.00,1.88435,49,futex_wait_queue
2026-09-18T09:13:24.666+00:00,34.185,2447012,21787092,2446992,2447012,S,1,2048,2904,0.00,0.01288,5,do_wait
2026-09-18T09:13:24.667+00:00,34.185,2447020,21787109,2447012,2447012,S,3,299648,453228,0.00,1.88435,49,futex_wait_queue
2026-09-18T09:13:24.769+00:00,34.288,2447012,21787092,2446992,2447012,S,1,2048,2904,0.00,0.01288,5,do_wait
2026-09-18T09:13:24.769+00:00,34.288,2447020,21787109,2447012,2447012,S,3,299648,453228,0.00,1.88435,49,futex_wait_queue
2026-09-18T09:13:24.871+00:00,34.391,2447012,21787092,2446992,2447012,S,1,2048,2904,0.00,0.01288,5,do_wait
2026-09-18T09:13:24.872+00:00,34.391,2447020,21787109,2447012,2447012,S,3,299648,453228,0.00,1.88435,49,futex_wait_queue
2026-09-18T09:13:24.974+00:00,34.493,2447012,21787092,2446992,2447012,S,1,2048,2904,0.00,0.01288,5,do_wait
2026-09-18T09:13:24.975+00:00,34.493,2447020,21787109,2447012,2447012,S,3,299648,453228,19.52,1.88435,51,futex_wait_queue
2026-09-18T09:13:25.077+00:00,34.596,2447012,21787092,2446992,2447012,S,1,2048,2904,0.00,0.01288,5,do_wait
2026-09-18T09:13:25.077+00:00,34.596,2447020,21787109,2447012,2447012,S,3,299648,453228,0.00,1.88435,51,futex_wait_queue
2026-09-18T09:13:25.179+00:00,34.699,2447012,21787092,2446992,2447012,S,1,2048,2904,0.00,0.01288,5,do_wait
2026-09-18T09:13:25.180+00:00,34.699,2447020,21787109,2447012,2447012,S,3,299648,453228,0.00,1.88435,51,futex_wait_queue
2026-09-18T09:13:25.282+00:00,34.802,2447012,21787092,2446992,2447012,S,1,2048,2904,0.00,0.01288,5,do_wait
2026-09-18T09:13:25.283+00:00,34.802,2447020,21787109,2447012,2447012,S,3,299648,453228,0.00,1.88435,51,futex_wait_queue
2026-09-18T09:13:25.385+00:00,34.904,2447012,21787092,2446992,2447012,S,1,2048,2904,0.00,0.01288,5,do_wait
2026-09-18T09:13:25.386+00:00,34.904,2447020,21787109,2447012,2447012,S,3,299648,453228,0.00,1.88435,51,futex_wait_queue
2026-09-18T09:13:25.488+00:00,35.007,2447012,21787092,2446992,2447012,S,1,2048,2904,0.00,0.01288,5,do_wait
2026-09-18T09:13:25.489+00:00,35.007,2447020,21787109,2447012,2447012,S,3,299648,453228,0.00,1.88435,51,futex_wait_queue
2026-09-18T09:13:25.591+00:00,35.110,2447012,21787092,2446992,2447012,S,1,2048,2904,0.00,0.01288,5,do_wait
2026-09-18T09:13:25.591+00:00,35.110,2447020,21787109,2447012,2447012,S,3,299648,453228,0.00,1.88435,51,futex_wait_queue
2026-09-18T09:13:25.693+00:00,35.212,2447012,21787092,2446992,2447012,S,1,2048,2904,0.00,0.01288,5,do_wait
2026-09-18T09:13:25.694+00:00,35.212,2447020,21787109,2447012,2447012,S,3,299648,453228,0.00,1.88435,51,futex_wait_queue
2026-09-18T09:13:25.796+00:00,35.315,2447012,21787092,2446992,2447012,S,1,2048,2904,0.00,0.01288,5,do_wait
2026-09-18T09:13:25.796+00:00,35.315,2447020,21787109,2447012,2447012,S,3,299648,453228,0.00,1.88435,51,futex_wait_queue
2026-09-18T09:13:25.899+00:00,35.418,2447012,21787092,2446992,2447012,S,1,2048,2904,0.00,0.01288,5,do_wait
2026-09-18T09:13:25.900+00:00,35.418,2447020,21787109,2447012,2447012,S,3,299648,453228,0.00,1.88435,51,futex_wait_queue
2026-09-18T09:13:26.002+00:00,35.521,2447012,21787092,2446992,2447012,S,1,2048,2904,0.00,0.01288,5,do_wait
2026-09-18T09:13:26.003+00:00,35.521,2447020,21787109,2447012,2447012,S,3,299648,453228,0.00,1.88435,51,futex_wait_queue
2026-09-18T09:13:26.105+00:00,35.624,2447012,21787092,2446992,2447012,S,1,2048,2904,0.00,0.01288,5,do_wait
2026-09-18T09:13:26.105+00:00,35.624,2447020,21787109,2447012,2447012,S,3,299648,453228,0.00,1.88435,51,futex_wait_queue
2026-09-18T09:13:26.207+00:00,35.727,2447012,21787092,2446992,2447012,S,1,2048,2904,0.00,0.01288,5,do_wait
2026-09-18T09:13:26.208+00:00,35.727,2447020,21787109,2447012,2447012,S,3,299648,453228,0.00,1.88435,51,futex_wait_queue
2026-09-18T09:13:26.310+00:00,35.830,2447012,21787092,2446992,2447012,S,1,2048,2904,0.00,0.01288,5,do_wait
2026-09-18T09:13:26.311+00:00,35.830,2447020,21787109,2447012,2447012,S,3,299648,453228,0.00,1.88435,51,futex_wait_queue
2026-09-18T09:13:26.413+00:00,35.932,2447012,21787092,2446992,2447012,S,1,2048,2904,0.00,0.01288,5,do_wait
2026-09-18T09:13:26.413+00:00,35.932,2447020,21787109,2447012,2447012,S,3,299648,453228,0.00,1.88435,51,futex_wait_queue
2026-09-18T09:13:26.516+00:00,36.035,2447012,21787092,2446992,2447012,S,1,2048,2904,0.00,0.01288,5,do_wait
2026-09-18T09:13:26.516+00:00,36.035,2447020,21787109,2447012,2447012,S,3,299648,453228,0.00,1.88435,51,futex_wait_queue
2026-09-18T09:13:26.618+00:00,36.137,2447012,21787092,2446992,2447012,S,1,2048,2904,0.00,0.01288,5,do_wait
2026-09-18T09:13:26.619+00:00,36.137,2447020,21787109,2447012,2447012,S,3,299648,453228,0.00,1.88435,51,futex_wait_queue
2026-09-18T09:13:26.721+00:00,36.240,2447012,21787092,2446992,2447012,S,1,2048,2904,0.00,0.01288,5,do_wait
2026-09-18T09:13:26.721+00:00,36.240,2447020,21787109,2447012,2447012,S,3,299648,453228,0.00,1.88435,51,futex_wait_queue
2026-09-18T09:13:26.823+00:00,36.343,2447012,21787092,2446992,2447012,S,1,2048,2904,0.00,0.01288,5,do_wait
2026-09-18T09:13:26.824+00:00,36.343,2447020,21787109,2447012,2447012,S,3,299648,453228,0.00,1.88435,51,futex_wait_queue
2026-09-18T09:13:26.926+00:00,36.445,2447012,21787092,2446992,2447012,S,1,2048,2904,0.00,0.01288,5,do_wait
2026-09-18T09:13:26.927+00:00,36.445,2447020,21787109,2447012,2447012,S,3,299648,453228,0.00,1.88435,51,futex_wait_queue
2026-09-18T09:13:27.029+00:00,36.548,2447012,21787092,2446992,2447012,S,1,2048,2904,0.00,0.01288,5,do_wait
2026-09-18T09:13:27.030+00:00,36.548,2447020,21787109,2447012,2447012,S,3,299648,453228,0.00,1.88435,51,futex_wait_queue
2026-09-18T09:13:27.132+00:00,36.651,2447012,21787092,2446992,2447012,S,1,2048,2904,0.00,0.01288,5,do_wait
2026-09-18T09:13:27.132+00:00,36.651,2447020,21787109,2447012,2447012,S,3,325248,478832,9.72,2.04534,52,futex_wait_queue
2026-09-18T09:13:27.235+00:00,36.754,2447012,21787092,2446992,2447012,S,1,2048,2904,0.00,0.01288,5,do_wait
2026-09-18T09:13:27.236+00:00,36.754,2447020,21787109,2447012,2447012,S,3,325248,478832,0.00,2.04534,52,futex_wait_queue
2026-09-18T09:13:27.338+00:00,36.857,2447012,21787092,2446992,2447012,S,1,2048,2904,0.00,0.01288,5,do_wait
2026-09-18T09:13:27.338+00:00,36.857,2447020,21787109,2447012,2447012,S,3,325248,478832,0.00,2.04534,52,futex_wait_queue
2026-09-18T09:13:27.441+00:00,36.960,2447012,21787092,2446992,2447012,S,1,2048,2904,0.00,0.01288,5,do_wait
2026-09-18T09:13:27.441+00:00,36.960,2447020,21787109,2447012,2447012,S,3,325248,478832,0.00,2.04534,52,futex_wait_queue
2026-09-18T09:13:27.543+00:00,37.063,2447012,21787092,2446992,2447012,S,1,2048,2904,0.00,0.01288,5,do_wait
2026-09-18T09:13:27.543+00:00,37.063,2447020,21787109,2447012,2447012,S,3,325248,478832,0.00,2.04534,52,futex_wait_queue
2026-09-18T09:13:27.646+00:00,37.165,2447012,21787092,2446992,2447012,S,1,2048,2904,0.00,0.01288,5,do_wait
2026-09-18T09:13:27.646+00:00,37.165,2447020,21787109,2447012,2447012,S,3,325248,478832,0.00,2.04534,52,futex_wait_queue
2026-09-18T09:13:27.748+00:00,37.268,2447012,21787092,2446992,2447012,S,1,2048,2904,0.00,0.01288,5,do_wait
2026-09-18T09:13:27.749+00:00,37.268,2447020,21787109,2447012,2447012,S,3,325248,478832,0.00,2.04534,52,futex_wait_queue
2026-09-18T09:13:27.850+00:00,37.370,2447012,21787092,2446992,2447012,S,1,2048,2904,0.00,0.01288,5,do_wait
2026-09-18T09:13:27.851+00:00,37.370,2447020,21787109,2447012,2447012,S,3,325248,478832,0.00,2.04534,52,futex_wait_queue
2026-09-18T09:13:27.954+00:00,37.473,2447012,21787092,2446992,2447012,S,1,2048,2904,0.00,0.01288,5,do_wait
2026-09-18T09:13:27.954+00:00,37.473,2447020,21787109,2447012,2447012,S,3,325248,478832,0.00,2.04534,52,futex_wait_queue
2026-09-18T09:13:28.056+00:00,37.576,2447012,21787092,2446992,2447012,S,1,2048,2904,0.00,0.01288,5,do_wait
2026-09-18T09:13:28.057+00:00,37.576,2447020,21787109,2447012,2447012,S,3,325248,478832,9.71,2.04534,53,futex_wait_queue
2026-09-18T09:13:28.159+00:00,37.678,2447012,21787092,2446992,2447012,S,1,2048,2904,0.00,0.01288,5,do_wait
2026-09-18T09:13:28.160+00:00,37.678,2447020,21787109,2447012,2447012,S,3,325248,478832,0.00,2.04534,53,futex_wait_queue
2026-09-18T09:13:28.262+00:00,37.781,2447012,21787092,2446992,2447012,S,1,2048,2904,0.00,0.01288,5,do_wait
2026-09-18T09:13:28.262+00:00,37.781,2447020,21787109,2447012,2447012,S,3,325248,478832,0.00,2.04534,53,futex_wait_queue
2026-09-18T09:13:28.364+00:00,37.884,2447012,21787092,2446992,2447012,S,1,2048,2904,0.00,0.01288,5,do_wait
2026-09-18T09:13:28.365+00:00,37.884,2447020,21787109,2447012,2447012,S,3,325248,478832,0.00,2.04534,53,futex_wait_queue
2026-09-18T09:13:28.467+00:00,37.987,2447012,21787092,2446992,2447012,S,1,2048,2904,0.00,0.01288,5,do_wait
2026-09-18T09:13:28.468+00:00,37.987,2447020,21787109,2447012,2447012,S,3,325248,478832,0.00,2.04534,53,futex_wait_queue
2026-09-18T09:13:28.570+00:00,38.089,2447012,21787092,2446992,2447012,S,1,2048,2904,0.00,0.01288,5,do_wait
2026-09-18T09:13:28.570+00:00,38.089,2447020,21787109,2447012,2447012,S,3,325248,478832,0.00,2.04534,53,futex_wait_queue
2026-09-18T09:13:28.672+00:00,38.192,2447012,21787092,2446992,2447012,S,1,2048,2904,0.00,0.01288,5,do_wait
2026-09-18T09:13:28.673+00:00,38.192,2447020,21787109,2447012,2447012,S,3,325248,478832,0.00,2.04534,53,futex_wait_queue
2026-09-18T09:13:28.775+00:00,38.294,2447012,21787092,2446992,2447012,S,1,2048,2904,0.00,0.01288,5,do_wait
2026-09-18T09:13:28.776+00:00,38.294,2447020,21787109,2447012,2447012,S,3,325248,478832,0.00,2.04534,53,futex_wait_queue
2026-09-18T09:13:28.878+00:00,38.397,2447012,21787092,2446992,2447012,S,1,2048,2904,0.00,0.01288,5,do_wait
2026-09-18T09:13:28.878+00:00,38.397,2447020,21787109,2447012,2447012,S,3,325248,478832,0.00,2.04534,53,futex_wait_queue
2026-09-18T09:13:28.980+00:00,38.500,2447012,21787092,2446992,2447012,S,1,2048,2904,0.00,0.01288,5,do_wait
2026-09-18T09:13:28.981+00:00,38.500,2447020,21787109,2447012,2447012,S,3,325248,478832,0.00,2.04534,53,futex_wait_queue
2026-09-18T09:13:29.083+00:00,38.602,2447012,21787092,2446992,2447012,S,1,2048,2904,0.00,0.01288,5,do_wait
2026-09-18T09:13:29.084+00:00,38.602,2447020,21787109,2447012,2447012,S,3,325248,478832,0.00,2.04534,53,futex_wait_queue
2026-09-18T09:13:29.186+00:00,38.705,2447012,21787092,2446992,2447012,S,1,2048,2904,0.00,0.01288,5,do_wait
2026-09-18T09:13:29.186+00:00,38.705,2447020,21787109,2447012,2447012,S,3,325248,478832,0.00,2.04534,53,futex_wait_queue
2026-09-18T09:13:29.288+00:00,38.808,2447012,21787092,2446992,2447012,S,1,2048,2904,0.00,0.01288,5,do_wait
2026-09-18T09:13:29.289+00:00,38.808,2447020,21787109,2447012,2447012,S,3,325248,478832,0.00,2.04534,53,futex_wait_queue
2026-09-18T09:13:29.391+00:00,38.910,2447012,21787092,2446992,2447012,S,1,2048,2904,0.00,0.01288,5,do_wait
2026-09-18T09:13:29.391+00:00,38.910,2447020,21787109,2447012,2447012,S,3,325248,478832,0.00,2.04534,53,futex_wait_queue
2026-09-18T09:13:29.494+00:00,39.013,2447012,21787092,2446992,2447012,S,1,2048,2904,0.00,0.01288,5,do_wait
2026-09-18T09:13:29.494+00:00,39.013,2447020,21787109,2447012,2447012,S,3,325248,478832,0.00,2.04534,53,futex_wait_queue
2026-09-18T09:13:29.596+00:00,39.115,2447012,21787092,2446992,2447012,S,1,2048,2904,0.00,0.01288,5,do_wait
2026-09-18T09:13:29.596+00:00,39.115,2447020,21787109,2447012,2447012,S,3,325248,478832,0.00,2.04534,53,futex_wait_queue
2026-09-18T09:13:29.699+00:00,39.218,2447012,21787092,2446992,2447012,S,1,2048,2904,0.00,0.01288,5,do_wait
2026-09-18T09:13:29.699+00:00,39.218,2447020,21787109,2447012,2447012,S,3,325248,478832,0.00,2.04534,53,futex_wait_queue
2026-09-18T09:13:29.801+00:00,39.320,2447012,21787092,2446992,2447012,S,1,2048,2904,0.00,0.01288,5,do_wait
2026-09-18T09:13:29.802+00:00,39.320,2447020,21787109,2447012,2447012,S,3,325248,478832,0.00,2.04534,53,futex_wait_queue
2026-09-18T09:13:29.904+00:00,39.423,2447012,21787092,2446992,2447012,S,1,2048,2904,0.00,0.01288,5,do_wait
2026-09-18T09:13:29.904+00:00,39.423,2447020,21787109,2447012,2447012,S,3,325248,478832,0.00,2.04534,53,futex_wait_queue
2026-09-18T09:13:30.006+00:00,39.526,2447012,21787092,2446992,2447012,S,1,2048,2904,0.00,0.01288,5,do_wait
2026-09-18T09:13:30.007+00:00,39.526,2447020,21787109,2447012,2447012,S,3,325248,478832,0.00,2.04534,53,futex_wait_queue
2026-09-18T09:13:30.109+00:00,39.628,2447012,21787092,2446992,2447012,S,1,2048,2904,0.00,0.01288,5,do_wait
2026-09-18T09:13:30.109+00:00,39.628,2447020,21787109,2447012,2447012,S,3,325248,478832,0.00,2.04534,53,futex_wait_queue
2026-09-18T09:13:30.211+00:00,39.731,2447012,21787092,2446992,2447012,S,1,2048,2904,0.00,0.01288,5,do_wait
2026-09-18T09:13:30.212+00:00,39.731,2447020,21787109,2447012,2447012,S,3,350848,504436,19.53,2.20633,55,futex_wait_queue
2026-09-18T09:13:30.314+00:00,39.833,2447012,21787092,2446992,2447012,S,1,2048,2904,0.00,0.01288,5,do_wait
2026-09-18T09:13:30.315+00:00,39.833,2447020,21787109,2447012,2447012,S,3,350848,504436,0.00,2.20633,55,futex_wait_queue
2026-09-18T09:13:30.416+00:00,39.936,2447012,21787092,2446992,2447012,S,1,2048,2904,0.00,0.01288,5,do_wait
2026-09-18T09:13:30.417+00:00,39.936,2447020,21787109,2447012,2447012,S,3,350848,504436,0.00,2.20633,55,futex_wait_queue
2026-09-18T09:13:30.519+00:00,40.038,2447012,21787092,2446992,2447012,S,1,2048,2904,0.00,0.01288,5,do_wait
2026-09-18T09:13:30.520+00:00,40.038,2447020,21787109,2447012,2447012,S,3,350848,504436,0.00,2.20633,55,futex_wait_queue
2026-09-18T09:13:30.622+00:00,40.141,2447012,21787092,2446992,2447012,S,1,2048,2904,0.00,0.01288,5,do_wait
2026-09-18T09:13:30.622+00:00,40.141,2447020,21787109,2447012,2447012,S,3,350848,504436,0.00,2.20633,55,futex_wait_queue
2026-09-18T09:13:30.725+00:00,40.243,2447012,21787092,2446992,2447012,S,1,2048,2904,0.00,0.01288,5,do_wait
2026-09-18T09:13:30.725+00:00,40.243,2447020,21787109,2447012,2447012,S,3,350848,504436,0.00,2.20633,55,futex_wait_queue
2026-09-18T09:13:30.827+00:00,40.346,2447012,21787092,2446992,2447012,S,1,2048,2904,0.00,0.01288,5,do_wait
2026-09-18T09:13:30.828+00:00,40.346,2447020,21787109,2447012,2447012,S,3,350848,504436,0.00,2.20633,55,futex_wait_queue
2026-09-18T09:13:30.930+00:00,40.449,2447012,21787092,2446992,2447012,S,1,2048,2904,0.00,0.01288,5,do_wait
2026-09-18T09:13:30.931+00:00,40.449,2447020,21787109,2447012,2447012,S,3,350848,504436,0.00,2.20633,55,futex_wait_queue
2026-09-18T09:13:31.033+00:00,40.552,2447012,21787092,2446992,2447012,S,1,2048,2904,0.00,0.01288,5,do_wait
2026-09-18T09:13:31.034+00:00,40.552,2447020,21787109,2447012,2447012,S,3,350848,504436,0.00,2.20633,55,futex_wait_queue
2026-09-18T09:13:31.136+00:00,40.655,2447012,21787092,2446992,2447012,S,1,2048,2904,0.00,0.01288,5,do_wait
2026-09-18T09:13:31.136+00:00,40.655,2447020,21787109,2447012,2447012,S,3,350848,504436,0.00,2.20633,55,futex_wait_queue
2026-09-18T09:13:31.238+00:00,40.758,2447012,21787092,2446992,2447012,S,1,2048,2904,0.00,0.01288,5,do_wait
2026-09-18T09:13:31.239+00:00,40.758,2447020,21787109,2447012,2447012,S,3,350848,504436,9.76,2.20633,56,futex_wait_queue
2026-09-18T09:13:31.341+00:00,40.860,2447012,21787092,2446992,2447012,S,1,2048,2904,0.00,0.01288,5,do_wait
2026-09-18T09:13:31.341+00:00,40.860,2447020,21787109,2447012,2447012,S,3,350848,504436,0.00,2.20633,56,futex_wait_queue
2026-09-18T09:13:31.444+00:00,40.963,2447012,21787092,2446992,2447012,S,1,2048,2904,0.00,0.01288,5,do_wait
2026-09-18T09:13:31.444+00:00,40.963,2447020,21787109,2447012,2447012,S,3,350848,504436,0.00,2.20633,56,futex_wait_queue
2026-09-18T09:13:31.546+00:00,41.065,2447012,21787092,2446992,2447012,S,1,2048,2904,0.00,0.01288,5,do_wait
2026-09-18T09:13:31.547+00:00,41.065,2447020,21787109,2447012,2447012,S,3,350848,504436,0.00,2.20633,56,futex_wait_queue
2026-09-18T09:13:31.649+00:00,41.168,2447012,21787092,2446992,2447012,S,1,2048,2904,0.00,0.01288,5,do_wait
2026-09-18T09:13:31.649+00:00,41.168,2447020,21787109,2447012,2447012,S,3,350848,504436,0.00,2.20633,56,futex_wait_queue
2026-09-18T09:13:31.752+00:00,41.271,2447012,21787092,2446992,2447012,S,1,2048,2904,0.00,0.01288,5,do_wait
2026-09-18T09:13:31.752+00:00,41.271,2447020,21787109,2447012,2447012,S,3,350848,504436,0.00,2.20633,56,futex_wait_queue
2026-09-18T09:13:31.854+00:00,41.374,2447012,21787092,2446992,2447012,S,1,2048,2904,0.00,0.01288,5,do_wait
2026-09-18T09:13:31.855+00:00,41.374,2447020,21787109,2447012,2447012,S,3,350848,504436,0.00,2.20633,56,futex_wait_queue
2026-09-18T09:13:31.957+00:00,41.476,2447012,21787092,2446992,2447012,S,1,2048,2904,0.00,0.01288,5,do_wait
2026-09-18T09:13:31.957+00:00,41.476,2447020,21787109,2447012,2447012,S,3,350848,504436,0.00,2.20633,56,futex_wait_queue
2026-09-18T09:13:32.059+00:00,41.579,2447012,21787092,2446992,2447012,S,1,2048,2904,0.00,0.01288,5,do_wait
2026-09-18T09:13:32.060+00:00,41.579,2447020,21787109,2447012,2447012,S,3,350848,504436,0.00,2.20633,56,futex_wait_queue
2026-09-18T09:13:32.162+00:00,41.681,2447012,21787092,2446992,2447012,S,1,2048,2904,0.00,0.01288,5,do_wait
2026-09-18T09:13:32.162+00:00,41.681,2447020,21787109,2447012,2447012,S,3,350848,504436,0.00,2.20633,56,futex_wait_queue
2026-09-18T09:13:32.264+00:00,41.784,2447012,21787092,2446992,2447012,S,1,2048,2904,0.00,0.01288,5,do_wait
2026-09-18T09:13:32.265+00:00,41.784,2447020,21787109,2447012,2447012,S,3,350848,504436,0.00,2.20633,56,futex_wait_queue
2026-09-18T09:13:32.367+00:00,41.886,2447012,21787092,2446992,2447012,S,1,2048,2904,0.00,0.01288,5,do_wait
2026-09-18T09:13:32.367+00:00,41.886,2447020,21787109,2447012,2447012,S,3,350848,504436,0.00,2.20633,56,futex_wait_queue
2026-09-18T09:13:32.470+00:00,41.989,2447012,21787092,2446992,2447012,S,1,2048,2904,0.00,0.01288,5,do_wait
2026-09-18T09:13:32.470+00:00,41.989,2447020,21787109,2447012,2447012,S,3,350848,504436,0.00,2.20633,56,futex_wait_queue
2026-09-18T09:13:32.572+00:00,42.091,2447012,21787092,2446992,2447012,S,1,2048,2904,0.00,0.01288,5,do_wait
2026-09-18T09:13:32.572+00:00,42.091,2447020,21787109,2447012,2447012,S,3,350848,504436,0.00,2.20633,56,futex_wait_queue
2026-09-18T09:13:32.674+00:00,42.194,2447012,21787092,2446992,2447012,S,1,2048,2904,0.00,0.01288,5,do_wait
2026-09-18T09:13:32.675+00:00,42.194,2447020,21787109,2447012,2447012,S,3,350848,504436,0.00,2.20633,56,futex_wait_queue
2026-09-18T09:13:32.777+00:00,42.296,2447012,21787092,2446992,2447012,S,1,2048,2904,0.00,0.01288,5,do_wait
2026-09-18T09:13:32.778+00:00,42.296,2447020,21787109,2447012,2447012,S,3,350848,504436,0.00,2.20633,56,futex_wait_queue
2026-09-18T09:13:32.880+00:00,42.399,2447012,21787092,2446992,2447012,S,1,2048,2904,0.00,0.01288,5,do_wait
2026-09-18T09:13:32.881+00:00,42.399,2447020,21787109,2447012,2447012,S,3,350848,504436,0.00,2.20633,56,futex_wait_queue
2026-09-18T09:13:32.983+00:00,42.502,2447012,21787092,2446992,2447012,S,1,2048,2904,0.00,0.01288,5,do_wait
2026-09-18T09:13:32.984+00:00,42.502,2447020,21787109,2447012,2447012,S,3,350848,504436,0.00,2.20633,56,futex_wait_queue
2026-09-18T09:13:33.086+00:00,42.605,2447012,21787092,2446992,2447012,S,1,2048,2904,0.00,0.01288,5,do_wait
2026-09-18T09:13:33.087+00:00,42.605,2447020,21787109,2447012,2447012,S,3,350848,504436,0.00,2.20633,56,futex_wait_queue
2026-09-18T09:13:33.189+00:00,42.708,2447012,21787092,2446992,2447012,S,1,2048,2904,0.00,0.01288,5,do_wait
2026-09-18T09:13:33.189+00:00,42.708,2447020,21787109,2447012,2447012,S,3,376448,530040,19.46,2.36731,58,futex_wait_queue
2026-09-18T09:13:33.292+00:00,42.811,2447012,21787092,2446992,2447012,S,1,2048,2904,0.00,0.01288,5,do_wait
2026-09-18T09:13:33.292+00:00,42.811,2447020,21787109,2447012,2447012,S,3,376448,530040,0.00,2.36731,58,futex_wait_queue
2026-09-18T09:13:33.394+00:00,42.914,2447012,21787092,2446992,2447012,S,1,2048,2904,0.00,0.01288,5,do_wait
2026-09-18T09:13:33.395+00:00,42.914,2447020,21787109,2447012,2447012,S,3,376448,530040,0.00,2.36731,58,futex_wait_queue
2026-09-18T09:13:33.497+00:00,43.016,2447012,21787092,2446992,2447012,S,1,2048,2904,0.00,0.01288,5,do_wait
2026-09-18T09:13:33.498+00:00,43.016,2447020,21787109,2447012,2447012,S,3,376448,530040,0.00,2.36731,58,futex_wait_queue
2026-09-18T09:13:33.600+00:00,43.119,2447012,21787092,2446992,2447012,S,1,2048,2904,0.00,0.01288,5,do_wait
2026-09-18T09:13:33.600+00:00,43.119,2447020,21787109,2447012,2447012,S,3,376448,530040,0.00,2.36731,58,futex_wait_queue
2026-09-18T09:13:33.703+00:00,43.222,2447012,21787092,2446992,2447012,S,1,2048,2904,0.00,0.01288,5,do_wait
2026-09-18T09:13:33.703+00:00,43.222,2447020,21787109,2447012,2447012,S,3,376448,530040,0.00,2.36731,58,futex_wait_queue
2026-09-18T09:13:33.806+00:00,43.325,2447012,21787092,2446992,2447012,S,1,2048,2904,0.00,0.01288,5,do_wait
2026-09-18T09:13:33.806+00:00,43.325,2447020,21787109,2447012,2447012,S,3,376448,530040,0.00,2.36731,58,futex_wait_queue
2026-09-18T09:13:33.908+00:00,43.428,2447012,21787092,2446992,2447012,S,1,2048,2904,0.00,0.01288,5,do_wait
2026-09-18T09:13:33.909+00:00,43.428,2447020,21787109,2447012,2447012,S,3,376448,530040,0.00,2.36731,58,futex_wait_queue
2026-09-18T09:13:34.011+00:00,43.530,2447012,21787092,2446992,2447012,S,1,2048,2904,0.00,0.01288,5,do_wait
2026-09-18T09:13:34.012+00:00,43.530,2447020,21787109,2447012,2447012,S,3,376448,530040,0.00,2.36731,58,futex_wait_queue
2026-09-18T09:13:34.114+00:00,43.633,2447012,21787092,2446992,2447012,S,1,2048,2904,0.00,0.01288,5,do_wait
2026-09-18T09:13:34.114+00:00,43.633,2447020,21787109,2447012,2447012,S,3,376448,530040,0.00,2.36731,58,futex_wait_queue
2026-09-18T09:13:34.217+00:00,43.736,2447012,21787092,2446992,2447012,S,1,2048,2904,0.00,0.01288,5,do_wait
2026-09-18T09:13:34.218+00:00,43.736,2447020,21787109,2447012,2447012,S,3,376448,530040,0.00,2.36731,58,futex_wait_queue
2026-09-18T09:13:34.320+00:00,43.839,2447012,21787092,2446992,2447012,S,1,2048,2904,0.00,0.01288,5,do_wait
2026-09-18T09:13:34.320+00:00,43.839,2447020,21787109,2447012,2447012,S,3,376448,530040,9.70,2.36731,59,futex_wait_queue
2026-09-18T09:13:34.422+00:00,43.941,2447012,21787092,2446992,2447012,S,1,2048,2904,0.00,0.01288,5,do_wait
2026-09-18T09:13:34.423+00:00,43.941,2447020,21787109,2447012,2447012,S,3,376448,530040,0.00,2.36731,59,futex_wait_queue
2026-09-18T09:13:34.525+00:00,44.044,2447012,21787092,2446992,2447012,S,1,2048,2904,0.00,0.01288,5,do_wait
2026-09-18T09:13:34.526+00:00,44.044,2447020,21787109,2447012,2447012,S,3,376448,530040,0.00,2.36731,59,futex_wait_queue
2026-09-18T09:13:34.627+00:00,44.147,2447012,21787092,2446992,2447012,S,1,2048,2904,0.00,0.01288,5,do_wait
2026-09-18T09:13:34.628+00:00,44.147,2447020,21787109,2447012,2447012,S,3,376448,530040,0.00,2.36731,59,futex_wait_queue
2026-09-18T09:13:34.730+00:00,44.249,2447012,21787092,2446992,2447012,S,1,2048,2904,0.00,0.01288,5,do_wait
2026-09-18T09:13:34.731+00:00,44.249,2447020,21787109,2447012,2447012,S,3,376448,530040,0.00,2.36731,59,futex_wait_queue
2026-09-18T09:13:34.833+00:00,44.352,2447012,21787092,2446992,2447012,S,1,2048,2904,0.00,0.01288,5,do_wait
2026-09-18T09:13:34.834+00:00,44.352,2447020,21787109,2447012,2447012,S,3,376448,530040,0.00,2.36731,59,futex_wait_queue
2026-09-18T09:13:34.936+00:00,44.455,2447012,21787092,2446992,2447012,S,1,2048,2904,0.00,0.01288,5,do_wait
2026-09-18T09:13:34.936+00:00,44.455,2447020,21787109,2447012,2447012,S,3,376448,530040,0.00,2.36731,59,futex_wait_queue
2026-09-18T09:13:35.038+00:00,44.557,2447012,21787092,2446992,2447012,S,1,2048,2904,0.00,0.01288,5,do_wait
2026-09-18T09:13:35.039+00:00,44.557,2447020,21787109,2447012,2447012,S,3,376448,530040,0.00,2.36731,59,futex_wait_queue
2026-09-18T09:13:35.141+00:00,44.660,2447012,21787092,2446992,2447012,S,1,2048,2904,0.00,0.01288,5,do_wait
2026-09-18T09:13:35.141+00:00,44.660,2447020,21787109,2447012,2447012,S,3,376448,530040,0.00,2.36731,59,futex_wait_queue
2026-09-18T09:13:35.243+00:00,44.762,2447012,21787092,2446992,2447012,S,1,2048,2904,0.00,0.01288,5,do_wait
2026-09-18T09:13:35.244+00:00,44.762,2447020,21787109,2447012,2447012,S,3,376448,530040,0.00,2.36731,59,futex_wait_queue
2026-09-18T09:13:35.346+00:00,44.865,2447012,21787092,2446992,2447012,S,1,2048,2904,0.00,0.01288,5,do_wait
2026-09-18T09:13:35.346+00:00,44.865,2447020,21787109,2447012,2447012,S,3,376448,530040,0.00,2.36731,59,futex_wait_queue
2026-09-18T09:13:35.448+00:00,44.967,2447012,21787092,2446992,2447012,S,1,2048,2904,0.00,0.01288,5,do_wait
2026-09-18T09:13:35.449+00:00,44.967,2447020,21787109,2447012,2447012,S,3,376448,530040,0.00,2.36731,59,futex_wait_queue
2026-09-18T09:13:35.551+00:00,45.070,2447012,21787092,2446992,2447012,S,1,2048,2904,0.00,0.01288,5,do_wait
2026-09-18T09:13:35.551+00:00,45.070,2447020,21787109,2447012,2447012,S,3,376448,530040,0.00,2.36731,59,futex_wait_queue
2026-09-18T09:13:35.654+00:00,45.173,2447012,21787092,2446992,2447012,S,1,2048,2904,0.00,0.01288,5,do_wait
2026-09-18T09:13:35.654+00:00,45.173,2447020,21787109,2447012,2447012,S,3,376448,530040,0.00,2.36731,59,futex_wait_queue
2026-09-18T09:13:35.756+00:00,45.275,2447012,21787092,2446992,2447012,S,1,2048,2904,0.00,0.01288,5,do_wait
2026-09-18T09:13:35.756+00:00,45.275,2447020,21787109,2447012,2447012,S,3,376448,530040,0.00,2.36731,59,futex_wait_queue
2026-09-18T09:13:35.858+00:00,45.378,2447012,21787092,2446992,2447012,S,1,2048,2904,0.00,0.01288,5,do_wait
2026-09-18T09:13:35.859+00:00,45.378,2447020,21787109,2447012,2447012,S,3,376448,530040,0.00,2.36731,59,futex_wait_queue
2026-09-18T09:13:35.961+00:00,45.480,2447012,21787092,2446992,2447012,S,1,2048,2904,0.00,0.01288,5,do_wait
2026-09-18T09:13:35.961+00:00,45.480,2447020,21787109,2447012,2447012,S,3,376448,530040,0.00,2.36731,59,futex_wait_queue
2026-09-18T09:13:36.063+00:00,45.583,2447012,21787092,2446992,2447012,S,1,2048,2904,0.00,0.01288,5,do_wait
2026-09-18T09:13:36.064+00:00,45.583,2447020,21787109,2447012,2447012,S,3,376448,530040,0.00,2.36731,59,futex_wait_queue
2026-09-18T09:13:36.166+00:00,45.685,2447012,21787092,2446992,2447012,S,1,2048,2904,0.00,0.01288,5,do_wait
2026-09-18T09:13:36.166+00:00,45.685,2447020,21787109,2447012,2447012,S,3,376448,530040,0.00,2.36731,59,futex_wait_queue
2026-09-18T09:13:36.268+00:00,45.787,2447012,21787092,2446992,2447012,S,1,2048,2904,0.00,0.01288,5,do_wait
2026-09-18T09:13:36.269+00:00,45.787,2447020,21787109,2447012,2447012,S,3,402048,555644,9.77,2.52830,60,futex_wait_queue
2026-09-18T09:13:36.372+00:00,45.891,2447012,21787092,2446992,2447012,S,1,2048,2904,0.00,0.01288,5,do_wait
2026-09-18T09:13:36.372+00:00,45.891,2447020,21787109,2447012,2447012,S,3,402048,555644,0.00,2.52830,60,futex_wait_queue
2026-09-18T09:13:36.475+00:00,45.993,2447012,21787092,2446992,2447012,S,1,2048,2904,0.00,0.01288,5,do_wait
2026-09-18T09:13:36.475+00:00,45.993,2447020,21787109,2447012,2447012,S,3,402048,555644,0.00,2.52830,60,futex_wait_queue
2026-09-18T09:13:36.577+00:00,46.096,2447012,21787092,2446992,2447012,S,1,2048,2904,0.00,0.01288,5,do_wait
2026-09-18T09:13:36.578+00:00,46.096,2447020,21787109,2447012,2447012,S,3,402048,555644,0.00,2.52830,60,futex_wait_queue
2026-09-18T09:13:36.680+00:00,46.199,2447012,21787092,2446992,2447012,S,1,2048,2904,0.00,0.01288,5,do_wait
2026-09-18T09:13:36.680+00:00,46.199,2447020,21787109,2447012,2447012,S,3,402048,555644,0.00,2.52830,60,futex_wait_queue
2026-09-18T09:13:36.782+00:00,46.301,2447012,21787092,2446992,2447012,S,1,2048,2904,0.00,0.01288,5,do_wait
2026-09-18T09:13:36.783+00:00,46.301,2447020,21787109,2447012,2447012,S,3,402048,555644,0.00,2.52830,60,futex_wait_queue
2026-09-18T09:13:36.885+00:00,46.404,2447012,21787092,2446992,2447012,S,1,2048,2904,0.00,0.01288,5,do_wait
2026-09-18T09:13:36.885+00:00,46.404,2447020,21787109,2447012,2447012,S,3,402048,555644,0.00,2.52830,60,futex_wait_queue
2026-09-18T09:13:36.988+00:00,46.507,2447012,21787092,2446992,2447012,S,1,2048,2904,0.00,0.01288,5,do_wait
2026-09-18T09:13:36.988+00:00,46.507,2447020,21787109,2447012,2447012,S,3,402048,555644,0.00,2.52830,60,futex_wait_queue
2026-09-18T09:13:37.090+00:00,46.610,2447012,21787092,2446992,2447012,S,1,2048,2904,0.00,0.01288,5,do_wait
2026-09-18T09:13:37.091+00:00,46.610,2447020,21787109,2447012,2447012,S,3,402048,555644,0.00,2.52830,60,futex_wait_queue
2026-09-18T09:13:37.193+00:00,46.712,2447012,21787092,2446992,2447012,S,1,2048,2904,0.00,0.01288,5,do_wait
2026-09-18T09:13:37.193+00:00,46.712,2447020,21787109,2447012,2447012,S,3,402048,555644,0.00,2.52830,60,futex_wait_queue
2026-09-18T09:13:37.296+00:00,46.815,2447012,21787092,2446992,2447012,S,1,2048,2904,0.00,0.01288,5,do_wait
2026-09-18T09:13:37.296+00:00,46.815,2447020,21787109,2447012,2447012,S,3,402048,555644,0.00,2.52830,60,futex_wait_queue
2026-09-18T09:13:37.398+00:00,46.918,2447012,21787092,2446992,2447012,S,1,2048,2904,0.00,0.01288,5,do_wait
2026-09-18T09:13:37.399+00:00,46.918,2447020,21787109,2447012,2447012,S,3,402048,555644,9.72,2.52830,61,futex_wait_queue
2026-09-18T09:13:37.501+00:00,47.020,2447012,21787092,2446992,2447012,S,1,2048,2904,0.00,0.01288,5,do_wait
2026-09-18T09:13:37.501+00:00,47.020,2447020,21787109,2447012,2447012,S,3,402048,555644,0.00,2.52830,61,futex_wait_queue
2026-09-18T09:13:37.604+00:00,47.123,2447012,21787092,2446992,2447012,S,1,2048,2904,0.00,0.01288,5,do_wait
2026-09-18T09:13:37.604+00:00,47.123,2447020,21787109,2447012,2447012,S,3,402048,555644,0.00,2.52830,61,futex_wait_queue
2026-09-18T09:13:37.706+00:00,47.225,2447012,21787092,2446992,2447012,S,1,2048,2904,0.00,0.01288,5,do_wait
2026-09-18T09:13:37.706+00:00,47.225,2447020,21787109,2447012,2447012,S,3,402048,555644,0.00,2.52830,61,futex_wait_queue
2026-09-18T09:13:37.808+00:00,47.328,2447012,21787092,2446992,2447012,S,1,2048,2904,0.00,0.01288,5,do_wait
2026-09-18T09:13:37.809+00:00,47.328,2447020,21787109,2447012,2447012,S,3,402048,555644,0.00,2.52830,61,futex_wait_queue
2026-09-18T09:13:37.911+00:00,47.430,2447012,21787092,2446992,2447012,S,1,2048,2904,0.00,0.01288,5,do_wait
2026-09-18T09:13:37.912+00:00,47.430,2447020,21787109,2447012,2447012,S,3,402048,555644,0.00,2.52830,61,futex_wait_queue
2026-09-18T09:13:38.014+00:00,47.533,2447012,21787092,2446992,2447012,S,1,2048,2904,0.00,0.01288,5,do_wait
2026-09-18T09:13:38.015+00:00,47.533,2447020,21787109,2447012,2447012,S,3,402048,555644,0.00,2.52830,61,futex_wait_queue
2026-09-18T09:13:38.117+00:00,47.636,2447012,21787092,2446992,2447012,S,1,2048,2904,0.00,0.01288,5,do_wait
2026-09-18T09:13:38.118+00:00,47.636,2447020,21787109,2447012,2447012,S,3,402048,555644,0.00,2.52830,61,futex_wait_queue
2026-09-18T09:13:38.220+00:00,47.739,2447012,21787092,2446992,2447012,S,1,2048,2904,0.00,0.01288,5,do_wait
2026-09-18T09:13:38.221+00:00,47.739,2447020,21787109,2447012,2447012,S,3,402048,555644,0.00,2.52830,61,futex_wait_queue
2026-09-18T09:13:38.323+00:00,47.842,2447012,21787092,2446992,2447012,S,1,2048,2904,0.00,0.01288,5,do_wait
2026-09-18T09:13:38.323+00:00,47.842,2447020,21787109,2447012,2447012,S,3,402048,555644,0.00,2.52830,61,futex_wait_queue
2026-09-18T09:13:38.426+00:00,47.945,2447012,21787092,2446992,2447012,S,1,2048,2904,0.00,0.01288,5,do_wait
2026-09-18T09:13:38.426+00:00,47.945,2447020,21787109,2447012,2447012,S,3,402048,555644,0.00,2.52830,61,futex_wait_queue
2026-09-18T09:13:38.528+00:00,48.048,2447012,21787092,2446992,2447012,S,1,2048,2904,0.00,0.01288,5,do_wait
2026-09-18T09:13:38.529+00:00,48.048,2447020,21787109,2447012,2447012,S,3,402048,555644,0.00,2.52830,61,futex_wait_queue
2026-09-18T09:13:38.631+00:00,48.150,2447012,21787092,2446992,2447012,S,1,2048,2904,0.00,0.01288,5,do_wait
2026-09-18T09:13:38.632+00:00,48.150,2447020,21787109,2447012,2447012,S,3,402048,555644,0.00,2.52830,61,futex_wait_queue
2026-09-18T09:13:38.734+00:00,48.253,2447012,21787092,2446992,2447012,S,1,2048,2904,0.00,0.01288,5,do_wait
2026-09-18T09:13:38.735+00:00,48.253,2447020,21787109,2447012,2447012,S,3,402048,555644,0.00,2.52830,61,futex_wait_queue
2026-09-18T09:13:38.838+00:00,48.356,2447012,21787092,2446992,2447012,S,1,2048,2904,0.00,0.01288,5,do_wait
2026-09-18T09:13:38.838+00:00,48.356,2447020,21787109,2447012,2447012,S,3,402048,555644,0.00,2.52830,61,futex_wait_queue
2026-09-18T09:13:38.940+00:00,48.459,2447012,21787092,2446992,2447012,S,1,2048,2904,0.00,0.01288,5,do_wait
2026-09-18T09:13:38.941+00:00,48.459,2447020,21787109,2447012,2447012,S,3,402048,555644,0.00,2.52830,61,futex_wait_queue
2026-09-18T09:13:39.043+00:00,48.562,2447012,21787092,2446992,2447012,S,1,2048,2904,0.00,0.01288,5,do_wait
2026-09-18T09:13:39.044+00:00,48.562,2447020,21787109,2447012,2447012,S,3,402048,555644,0.00,2.52830,61,futex_wait_queue
2026-09-18T09:13:39.146+00:00,48.665,2447012,21787092,2446992,2447012,S,1,2048,2904,0.00,0.01288,5,do_wait
2026-09-18T09:13:39.146+00:00,48.665,2447020,21787109,2447012,2447012,S,3,402048,555644,0.00,2.52830,61,futex_wait_queue
2026-09-18T09:13:39.248+00:00,48.768,2447012,21787092,2446992,2447012,S,1,2048,2904,0.00,0.01288,5,do_wait
2026-09-18T09:13:39.249+00:00,48.768,2447020,21787109,2447012,2447012,S,3,427648,581248,19.43,2.68929,63,futex_wait_queue
2026-09-18T09:13:39.351+00:00,48.870,2447012,21787092,2446992,2447012,S,1,2048,2904,0.00,0.01288,5,do_wait
2026-09-18T09:13:39.352+00:00,48.870,2447020,21787109,2447012,2447012,S,3,427648,581248,0.00,2.68929,63,futex_wait_queue
2026-09-18T09:13:39.454+00:00,48.973,2447012,21787092,2446992,2447012,S,1,2048,2904,0.00,0.01288,5,do_wait
2026-09-18T09:13:39.455+00:00,48.973,2447020,21787109,2447012,2447012,S,3,427648,581248,0.00,2.68929,63,futex_wait_queue
2026-09-18T09:13:39.557+00:00,49.076,2447012,21787092,2446992,2447012,S,1,2048,2904,0.00,0.01288,5,do_wait
2026-09-18T09:13:39.557+00:00,49.076,2447020,21787109,2447012,2447012,S,3,427648,581248,0.00,2.68929,63,futex_wait_queue
2026-09-18T09:13:39.659+00:00,49.179,2447012,21787092,2446992,2447012,S,1,2048,2904,0.00,0.01288,5,do_wait
2026-09-18T09:13:39.660+00:00,49.179,2447020,21787109,2447012,2447012,S,3,427648,581248,0.00,2.68929,63,futex_wait_queue
2026-09-18T09:13:39.762+00:00,49.281,2447012,21787092,2446992,2447012,S,1,2048,2904,0.00,0.01288,5,do_wait
2026-09-18T09:13:39.763+00:00,49.281,2447020,21787109,2447012,2447012,S,3,427648,581248,0.00,2.68929,63,futex_wait_queue
2026-09-18T09:13:39.865+00:00,49.384,2447012,21787092,2446992,2447012,S,1,2048,2904,0.00,0.01288,5,do_wait
2026-09-18T09:13:39.866+00:00,49.384,2447020,21787109,2447012,2447012,S,3,427648,581248,0.00,2.68929,63,futex_wait_queue
2026-09-18T09:13:39.968+00:00,49.487,2447012,21787092,2446992,2447012,S,1,2048,2904,0.00,0.01288,5,do_wait
2026-09-18T09:13:39.968+00:00,49.487,2447020,21787109,2447012,2447012,S,3,427648,581248,0.00,2.68929,63,futex_wait_queue
2026-09-18T09:13:40.070+00:00,49.590,2447012,21787092,2446992,2447012,S,1,2048,2904,0.00,0.01288,5,do_wait
2026-09-18T09:13:40.071+00:00,49.590,2447020,21787109,2447012,2447012,S,3,427648,581248,0.00,2.68929,63,futex_wait_queue
2026-09-18T09:13:40.173+00:00,49.692,2447012,21787092,2446992,2447012,S,1,2048,2904,0.00,0.01288,5,do_wait
2026-09-18T09:13:40.174+00:00,49.692,2447020,21787109,2447012,2447012,S,3,427648,581248,0.00,2.68929,63,futex_wait_queue
2026-09-18T09:13:40.276+00:00,49.795,2447012,21787092,2446992,2447012,S,1,2048,2904,0.00,0.01288,5,do_wait
2026-09-18T09:13:40.276+00:00,49.795,2447020,21787109,2447012,2447012,S,3,427648,581248,0.00,2.68929,63,futex_wait_queue
2026-09-18T09:13:40.378+00:00,49.897,2447012,21787092,2446992,2447012,S,1,2048,2904,0.00,0.01288,5,do_wait
2026-09-18T09:13:40.378+00:00,49.897,2447020,21787109,2447012,2447012,S,3,427648,581248,0.00,2.68929,63,futex_wait_queue
2026-09-18T09:13:40.480+00:00,50.000,2447012,21787092,2446992,2447012,S,1,2048,2904,0.00,0.01288,5,do_wait
2026-09-18T09:13:40.481+00:00,50.000,2447020,21787109,2447012,2447012,S,3,427648,581248,0.00,2.68929,63,futex_wait_queue
2026-09-18T09:13:40.583+00:00,50.102,2447012,21787092,2446992,2447012,S,1,2048,2904,0.00,0.01288,5,do_wait
2026-09-18T09:13:40.583+00:00,50.102,2447020,21787109,2447012,2447012,S,3,427648,581248,19.53,2.68929,65,futex_wait_queue
2026-09-18T09:13:40.685+00:00,50.205,2447012,21787092,2446992,2447012,S,1,2048,2904,0.00,0.01288,5,do_wait
2026-09-18T09:13:40.686+00:00,50.205,2447020,21787109,2447012,2447012,S,3,427648,581248,0.00,2.68929,65,futex_wait_queue
2026-09-18T09:13:40.788+00:00,50.307,2447012,21787092,2446992,2447012,S,1,2048,2904,0.00,0.01288,5,do_wait
2026-09-18T09:13:40.789+00:00,50.307,2447020,21787109,2447012,2447012,S,3,427648,581248,0.00,2.68929,65,futex_wait_queue
2026-09-18T09:13:40.891+00:00,50.410,2447012,21787092,2446992,2447012,S,1,2048,2904,0.00,0.01288,5,do_wait
2026-09-18T09:13:40.891+00:00,50.410,2447020,21787109,2447012,2447012,S,3,427648,581248,0.00,2.68929,65,futex_wait_queue
2026-09-18T09:13:40.994+00:00,50.513,2447012,21787092,2446992,2447012,S,1,2048,2904,0.00,0.01288,5,do_wait
2026-09-18T09:13:40.994+00:00,50.513,2447020,21787109,2447012,2447012,S,3,427648,581248,0.00,2.68929,65,futex_wait_queue
2026-09-18T09:13:41.096+00:00,50.615,2447012,21787092,2446992,2447012,S,1,2048,2904,0.00,0.01288,5,do_wait
2026-09-18T09:13:41.097+00:00,50.615,2447020,21787109,2447012,2447012,S,3,427648,581248,0.00,2.68929,65,futex_wait_queue
2026-09-18T09:13:41.199+00:00,50.718,2447012,21787092,2446992,2447012,S,1,2048,2904,0.00,0.01288,5,do_wait
2026-09-18T09:13:41.199+00:00,50.718,2447020,21787109,2447012,2447012,S,3,427648,581248,0.00,2.68929,65,futex_wait_queue
2026-09-18T09:13:41.302+00:00,50.821,2447012,21787092,2446992,2447012,S,1,2048,2904,0.00,0.01288,5,do_wait
2026-09-18T09:13:41.302+00:00,50.821,2447020,21787109,2447012,2447012,S,3,427648,581248,0.00,2.68929,65,futex_wait_queue
2026-09-18T09:13:41.404+00:00,50.924,2447012,21787092,2446992,2447012,S,1,2048,2904,0.00,0.01288,5,do_wait
2026-09-18T09:13:41.405+00:00,50.924,2447020,21787109,2447012,2447012,S,3,427648,581248,0.00,2.68929,65,futex_wait_queue
2026-09-18T09:13:41.507+00:00,51.026,2447012,21787092,2446992,2447012,S,1,2048,2904,0.00,0.01288,5,do_wait
2026-09-18T09:13:41.508+00:00,51.026,2447020,21787109,2447012,2447012,S,3,427648,581248,0.00,2.68929,65,futex_wait_queue
2026-09-18T09:13:41.610+00:00,51.130,2447012,21787092,2446992,2447012,S,1,2048,2904,0.00,0.01288,5,do_wait
2026-09-18T09:13:41.611+00:00,51.130,2447020,21787109,2447012,2447012,S,3,427648,581248,0.00,2.68929,65,futex_wait_queue
2026-09-18T09:13:41.713+00:00,51.232,2447012,21787092,2446992,2447012,S,1,2048,2904,0.00,0.01288,5,do_wait
2026-09-18T09:13:41.714+00:00,51.232,2447020,21787109,2447012,2447012,S,3,427648,581248,0.00,2.68929,65,futex_wait_queue
2026-09-18T09:13:41.816+00:00,51.335,2447012,21787092,2446992,2447012,S,1,2048,2904,0.00,0.01288,5,do_wait
2026-09-18T09:13:41.816+00:00,51.335,2447020,21787109,2447012,2447012,S,3,427648,581248,0.00,2.68929,65,futex_wait_queue
2026-09-18T09:13:41.918+00:00,51.437,2447012,21787092,2446992,2447012,S,1,2048,2904,0.00,0.01288,5,do_wait
2026-09-18T09:13:41.919+00:00,51.437,2447020,21787109,2447012,2447012,S,3,427648,581248,0.00,2.68929,65,futex_wait_queue
2026-09-18T09:13:42.021+00:00,51.540,2447012,21787092,2446992,2447012,S,1,2048,2904,0.00,0.01288,5,do_wait
2026-09-18T09:13:42.022+00:00,51.540,2447020,21787109,2447012,2447012,S,3,427648,581248,0.00,2.68929,65,futex_wait_queue
2026-09-18T09:13:42.124+00:00,51.643,2447012,21787092,2446992,2447012,S,1,2048,2904,0.00,0.01288,5,do_wait
2026-09-18T09:13:42.124+00:00,51.643,2447020,21787109,2447012,2447012,S,3,427648,581248,0.00,2.68929,65,futex_wait_queue
2026-09-18T09:13:42.226+00:00,51.746,2447012,21787092,2446992,2447012,S,1,2048,2904,0.00,0.01288,5,do_wait
2026-09-18T09:13:42.227+00:00,51.746,2447020,21787109,2447012,2447012,S,3,430976,606852,0.00,2.71022,65,futex_wait_queue
2026-09-18T09:13:42.329+00:00,51.848,2447012,21787092,2446992,2447012,S,1,2048,2904,0.00,0.01288,5,do_wait
2026-09-18T09:13:42.330+00:00,51.848,2447020,21787109,2447012,2447012,S,3,453248,606852,19.45,2.85028,67,futex_wait_queue
2026-09-18T09:13:42.432+00:00,51.951,2447012,21787092,2446992,2447012,S,1,2048,2904,0.00,0.01288,5,do_wait
2026-09-18T09:13:42.433+00:00,51.951,2447020,21787109,2447012,2447012,S,3,453248,606852,0.00,2.85028,67,futex_wait_queue
2026-09-18T09:13:42.535+00:00,52.054,2447012,21787092,2446992,2447012,S,1,2048,2904,0.00,0.01288,5,do_wait
2026-09-18T09:13:42.536+00:00,52.054,2447020,21787109,2447012,2447012,S,3,453248,606852,0.00,2.85028,67,futex_wait_queue
2026-09-18T09:13:42.638+00:00,52.157,2447012,21787092,2446992,2447012,S,1,2048,2904,0.00,0.01288,5,do_wait
2026-09-18T09:13:42.639+00:00,52.157,2447020,21787109,2447012,2447012,S,3,453248,606852,0.00,2.85028,67,futex_wait_queue
2026-09-18T09:13:42.741+00:00,52.260,2447012,21787092,2446992,2447012,S,1,2048,2904,0.00,0.01288,5,do_wait
2026-09-18T09:13:42.742+00:00,52.260,2447020,21787109,2447012,2447012,S,3,453248,606852,0.00,2.85028,67,futex_wait_queue
2026-09-18T09:13:42.844+00:00,52.363,2447012,21787092,2446992,2447012,S,1,2048,2904,0.00,0.01288,5,do_wait
2026-09-18T09:13:42.844+00:00,52.363,2447020,21787109,2447012,2447012,S,3,453248,606852,0.00,2.85028,67,futex_wait_queue
2026-09-18T09:13:42.946+00:00,52.466,2447012,21787092,2446992,2447012,S,1,2048,2904,0.00,0.01288,5,do_wait
2026-09-18T09:13:42.947+00:00,52.466,2447020,21787109,2447012,2447012,S,3,453248,606852,0.00,2.85028,67,futex_wait_queue
2026-09-18T09:13:43.049+00:00,52.568,2447012,21787092,2446992,2447012,S,1,2048,2904,0.00,0.01288,5,do_wait
2026-09-18T09:13:43.050+00:00,52.568,2447020,21787109,2447012,2447012,S,3,453248,606852,0.00,2.85028,67,futex_wait_queue
2026-09-18T09:13:43.152+00:00,52.671,2447012,21787092,2446992,2447012,S,1,2048,2904,0.00,0.01288,5,do_wait
2026-09-18T09:13:43.152+00:00,52.671,2447020,21787109,2447012,2447012,S,3,453248,606852,0.00,2.85028,67,futex_wait_queue
2026-09-18T09:13:43.254+00:00,52.773,2447012,21787092,2446992,2447012,S,1,2048,2904,0.00,0.01288,5,do_wait
2026-09-18T09:13:43.255+00:00,52.773,2447020,21787109,2447012,2447012,S,3,453248,606852,0.00,2.85028,67,futex_wait_queue
2026-09-18T09:13:43.357+00:00,52.876,2447012,21787092,2446992,2447012,S,1,2048,2904,0.00,0.01288,5,do_wait
2026-09-18T09:13:43.358+00:00,52.876,2447020,21787109,2447012,2447012,S,3,453248,606852,0.00,2.85028,67,futex_wait_queue
2026-09-18T09:13:43.460+00:00,52.979,2447012,21787092,2446992,2447012,S,1,2048,2904,0.00,0.01288,5,do_wait
2026-09-18T09:13:43.460+00:00,52.979,2447020,21787109,2447012,2447012,S,3,453248,606852,0.00,2.85028,67,futex_wait_queue
2026-09-18T09:13:43.563+00:00,53.082,2447012,21787092,2446992,2447012,S,1,2048,2904,0.00,0.01288,5,do_wait
2026-09-18T09:13:43.563+00:00,53.082,2447020,21787109,2447012,2447012,S,3,453248,606852,0.00,2.85028,67,futex_wait_queue
2026-09-18T09:13:43.665+00:00,53.185,2447012,21787092,2446992,2447012,S,1,2048,2904,0.00,0.01288,5,do_wait
2026-09-18T09:13:43.666+00:00,53.185,2447020,21787109,2447012,2447012,S,3,453248,606852,19.45,2.85028,69,futex_wait_queue
2026-09-18T09:13:43.768+00:00,53.287,2447012,21787092,2446992,2447012,S,1,2048,2904,0.00,0.01288,5,do_wait
2026-09-18T09:13:43.769+00:00,53.287,2447020,21787109,2447012,2447012,S,3,453248,606852,0.00,2.85028,69,futex_wait_queue
2026-09-18T09:13:43.870+00:00,53.390,2447012,21787092,2446992,2447012,S,1,2048,2904,0.00,0.01288,5,do_wait
2026-09-18T09:13:43.871+00:00,53.390,2447020,21787109,2447012,2447012,S,3,453248,606852,0.00,2.85028,69,futex_wait_queue
2026-09-18T09:13:43.974+00:00,53.492,2447012,21787092,2446992,2447012,S,1,2048,2904,0.00,0.01288,5,do_wait
2026-09-18T09:13:43.974+00:00,53.492,2447020,21787109,2447012,2447012,S,3,453248,606852,0.00,2.85028,69,futex_wait_queue
2026-09-18T09:13:44.076+00:00,53.596,2447012,21787092,2446992,2447012,S,1,2048,2904,0.00,0.01288,5,do_wait
2026-09-18T09:13:44.077+00:00,53.596,2447020,21787109,2447012,2447012,S,3,453248,606852,0.00,2.85028,69,futex_wait_queue
2026-09-18T09:13:44.179+00:00,53.698,2447012,21787092,2446992,2447012,S,1,2048,2904,0.00,0.01288,5,do_wait
2026-09-18T09:13:44.179+00:00,53.698,2447020,21787109,2447012,2447012,S,3,453248,606852,0.00,2.85028,69,futex_wait_queue
2026-09-18T09:13:44.281+00:00,53.800,2447012,21787092,2446992,2447012,S,1,2048,2904,0.00,0.01288,5,do_wait
2026-09-18T09:13:44.282+00:00,53.800,2447020,21787109,2447012,2447012,S,3,453248,606852,0.00,2.85028,69,futex_wait_queue
2026-09-18T09:13:44.384+00:00,53.903,2447012,21787092,2446992,2447012,S,1,2048,2904,0.00,0.01288,5,do_wait
2026-09-18T09:13:44.384+00:00,53.903,2447020,21787109,2447012,2447012,S,3,453248,606852,0.00,2.85028,69,futex_wait_queue
2026-09-18T09:13:44.486+00:00,54.006,2447012,21787092,2446992,2447012,S,1,2048,2904,0.00,0.01288,5,do_wait
2026-09-18T09:13:44.487+00:00,54.006,2447020,21787109,2447012,2447012,S,3,453248,606852,0.00,2.85028,69,futex_wait_queue
2026-09-18T09:13:44.589+00:00,54.108,2447012,21787092,2446992,2447012,S,1,2048,2904,0.00,0.01288,5,do_wait
2026-09-18T09:13:44.589+00:00,54.108,2447020,21787109,2447012,2447012,S,3,453248,606852,0.00,2.85028,69,futex_wait_queue
2026-09-18T09:13:44.691+00:00,54.211,2447012,21787092,2446992,2447012,S,1,2048,2904,0.00,0.01288,5,do_wait
2026-09-18T09:13:44.692+00:00,54.211,2447020,21787109,2447012,2447012,S,3,453248,606852,0.00,2.85028,69,futex_wait_queue
2026-09-18T09:13:44.794+00:00,54.313,2447012,21787092,2446992,2447012,S,1,2048,2904,0.00,0.01288,5,do_wait
2026-09-18T09:13:44.795+00:00,54.313,2447020,21787109,2447012,2447012,S,3,453248,606852,0.00,2.85028,69,futex_wait_queue
2026-09-18T09:13:44.897+00:00,54.416,2447012,21787092,2446992,2447012,S,1,2048,2904,0.00,0.01288,5,do_wait
2026-09-18T09:13:44.898+00:00,54.416,2447020,21787109,2447012,2447012,S,3,453248,606852,0.00,2.85028,69,futex_wait_queue
2026-09-18T09:13:45.000+00:00,54.519,2447012,21787092,2446992,2447012,S,1,2048,2904,0.00,0.01288,5,do_wait
2026-09-18T09:13:45.000+00:00,54.519,2447020,21787109,2447012,2447012,S,3,453248,606852,0.00,2.85028,69,futex_wait_queue
2026-09-18T09:13:45.103+00:00,54.622,2447012,21787092,2446992,2447012,S,1,2048,2904,0.00,0.01288,5,do_wait
2026-09-18T09:13:45.103+00:00,54.622,2447020,21787109,2447012,2447012,S,3,453248,606852,0.00,2.85028,69,futex_wait_queue
2026-09-18T09:13:45.205+00:00,54.725,2447012,21787092,2446992,2447012,S,1,2048,2904,0.00,0.01288,5,do_wait
2026-09-18T09:13:45.206+00:00,54.725,2447020,21787109,2447012,2447012,S,3,453248,606852,0.00,2.85028,69,futex_wait_queue
2026-09-18T09:13:45.308+00:00,54.827,2447012,21787092,2446992,2447012,S,1,2048,2904,0.00,0.01288,5,do_wait
2026-09-18T09:13:45.309+00:00,54.827,2447020,21787109,2447012,2447012,S,3,478848,632456,19.47,3.01126,71,futex_wait_queue
2026-09-18T09:13:45.411+00:00,54.930,2447012,21787092,2446992,2447012,S,1,2048,2904,0.00,0.01288,5,do_wait
2026-09-18T09:13:45.411+00:00,54.930,2447020,21787109,2447012,2447012,S,3,478848,632456,0.00,3.01126,71,futex_wait_queue
2026-09-18T09:13:45.514+00:00,55.033,2447012,21787092,2446992,2447012,S,1,2048,2904,0.00,0.01288,5,do_wait
2026-09-18T09:13:45.514+00:00,55.033,2447020,21787109,2447012,2447012,S,3,478848,632456,0.00,3.01126,71,futex_wait_queue
2026-09-18T09:13:45.616+00:00,55.135,2447012,21787092,2446992,2447012,S,1,2048,2904,0.00,0.01288,5,do_wait
2026-09-18T09:13:45.617+00:00,55.135,2447020,21787109,2447012,2447012,S,3,478848,632456,0.00,3.01126,71,futex_wait_queue
2026-09-18T09:13:45.719+00:00,55.238,2447012,21787092,2446992,2447012,S,1,2048,2904,0.00,0.01288,5,do_wait
2026-09-18T09:13:45.720+00:00,55.238,2447020,21787109,2447012,2447012,S,3,478848,632456,0.00,3.01126,71,futex_wait_queue
2026-09-18T09:13:45.822+00:00,55.341,2447012,21787092,2446992,2447012,S,1,2048,2904,0.00,0.01288,5,do_wait
2026-09-18T09:13:45.822+00:00,55.341,2447020,21787109,2447012,2447012,S,3,478848,632456,0.00,3.01126,71,futex_wait_queue
2026-09-18T09:13:45.925+00:00,55.444,2447012,21787092,2446992,2447012,S,1,2048,2904,0.00,0.01288,5,do_wait
2026-09-18T09:13:45.925+00:00,55.444,2447020,21787109,2447012,2447012,S,3,478848,632456,0.00,3.01126,71,futex_wait_queue
2026-09-18T09:13:46.028+00:00,55.547,2447012,21787092,2446992,2447012,S,1,2048,2904,0.00,0.01288,5,do_wait
2026-09-18T09:13:46.028+00:00,55.547,2447020,21787109,2447012,2447012,S,3,478848,632456,0.00,3.01126,71,futex_wait_queue
2026-09-18T09:13:46.130+00:00,55.650,2447012,21787092,2446992,2447012,S,1,2048,2904,0.00,0.01288,5,do_wait
2026-09-18T09:13:46.131+00:00,55.650,2447020,21787109,2447012,2447012,S,3,478848,632456,0.00,3.01126,71,futex_wait_queue
2026-09-18T09:13:46.234+00:00,55.752,2447012,21787092,2446992,2447012,S,1,2048,2904,0.00,0.01288,5,do_wait
2026-09-18T09:13:46.234+00:00,55.752,2447020,21787109,2447012,2447012,S,3,478848,632456,0.00,3.01126,71,futex_wait_queue
2026-09-18T09:13:46.336+00:00,55.855,2447012,21787092,2446992,2447012,S,1,2048,2904,0.00,0.01288,5,do_wait
2026-09-18T09:13:46.337+00:00,55.855,2447020,21787109,2447012,2447012,S,3,478848,632456,0.00,3.01126,71,futex_wait_queue
2026-09-18T09:13:46.439+00:00,55.958,2447012,21787092,2446992,2447012,S,1,2048,2904,0.00,0.01288,5,do_wait
2026-09-18T09:13:46.440+00:00,55.958,2447020,21787109,2447012,2447012,S,3,478848,632456,0.00,3.01126,71,futex_wait_queue
2026-09-18T09:13:46.542+00:00,56.061,2447012,21787092,2446992,2447012,S,1,2048,2904,0.00,0.01288,5,do_wait
2026-09-18T09:13:46.543+00:00,56.061,2447020,21787109,2447012,2447012,S,3,478848,632456,0.00,3.01126,71,futex_wait_queue
2026-09-18T09:13:46.645+00:00,56.164,2447012,21787092,2446992,2447012,S,1,2048,2904,0.00,0.01288,5,do_wait
2026-09-18T09:13:46.646+00:00,56.164,2447020,21787109,2447012,2447012,S,3,478848,632456,0.00,3.01126,71,futex_wait_queue
2026-09-18T09:13:46.748+00:00,56.267,2447012,21787092,2446992,2447012,S,1,2048,2904,0.00,0.01288,5,do_wait
2026-09-18T09:13:46.749+00:00,56.267,2447020,21787109,2447012,2447012,S,3,478848,632456,9.71,3.01126,72,futex_wait_queue
2026-09-18T09:13:46.852+00:00,56.370,2447012,21787092,2446992,2447012,S,1,2048,2904,0.00,0.01288,5,do_wait
2026-09-18T09:13:46.852+00:00,56.370,2447020,21787109,2447012,2447012,S,3,478848,632456,19.39,3.01126,74,futex_wait_queue
2026-09-18T09:13:46.955+00:00,56.474,2447012,21787092,2446992,2447012,S,1,2048,2904,0.00,0.01288,5,do_wait
2026-09-18T09:13:46.955+00:00,56.474,2447020,21787109,2447012,2447012,S,3,478848,632456,0.00,3.01126,74,futex_wait_queue
2026-09-18T09:13:47.057+00:00,56.576,2447012,21787092,2446992,2447012,S,1,2048,2904,0.00,0.01288,5,do_wait
2026-09-18T09:13:47.057+00:00,56.576,2447020,21787109,2447012,2447012,S,3,478848,632456,0.00,3.01126,74,futex_wait_queue
2026-09-18T09:13:47.159+00:00,56.679,2447012,21787092,2446992,2447012,S,1,2048,2904,0.00,0.01288,5,do_wait
2026-09-18T09:13:47.160+00:00,56.679,2447020,21787109,2447012,2447012,S,3,478848,632456,0.00,3.01126,74,futex_wait_queue
2026-09-18T09:13:47.262+00:00,56.781,2447012,21787092,2446992,2447012,S,1,2048,2904,0.00,0.01288,5,do_wait
2026-09-18T09:13:47.262+00:00,56.781,2447020,21787109,2447012,2447012,S,3,478848,632456,0.00,3.01126,74,futex_wait_queue
2026-09-18T09:13:47.364+00:00,56.884,2447012,21787092,2446992,2447012,S,1,2048,2904,0.00,0.01288,5,do_wait
2026-09-18T09:13:47.365+00:00,56.884,2447020,21787109,2447012,2447012,S,3,478848,632456,0.00,3.01126,74,futex_wait_queue
2026-09-18T09:13:47.467+00:00,56.986,2447012,21787092,2446992,2447012,S,1,2048,2904,0.00,0.01288,5,do_wait
2026-09-18T09:13:47.467+00:00,56.986,2447020,21787109,2447012,2447012,S,3,478848,632456,0.00,3.01126,74,futex_wait_queue
2026-09-18T09:13:47.569+00:00,57.089,2447012,21787092,2446992,2447012,S,1,2048,2904,0.00,0.01288,5,do_wait
2026-09-18T09:13:47.570+00:00,57.089,2447020,21787109,2447012,2447012,S,3,478848,632456,0.00,3.01126,74,futex_wait_queue
2026-09-18T09:13:47.672+00:00,57.191,2447012,21787092,2446992,2447012,S,1,2048,2904,0.00,0.01288,5,do_wait
2026-09-18T09:13:47.672+00:00,57.191,2447020,21787109,2447012,2447012,S,3,478848,632456,0.00,3.01126,74,futex_wait_queue
2026-09-18T09:13:47.775+00:00,57.294,2447012,21787092,2446992,2447012,S,1,2048,2904,0.00,0.01288,5,do_wait
2026-09-18T09:13:47.776+00:00,57.294,2447020,21787109,2447012,2447012,S,3,478848,632456,0.00,3.01126,74,futex_wait_queue
2026-09-18T09:13:47.878+00:00,57.397,2447012,21787092,2446992,2447012,S,1,2048,2904,0.00,0.01288,5,do_wait
2026-09-18T09:13:47.879+00:00,57.397,2447020,21787109,2447012,2447012,S,3,478848,632456,0.00,3.01126,74,futex_wait_queue
2026-09-18T09:13:47.981+00:00,57.500,2447012,21787092,2446992,2447012,S,1,2048,2904,0.00,0.01288,5,do_wait
2026-09-18T09:13:47.981+00:00,57.500,2447020,21787109,2447012,2447012,S,3,478848,632456,0.00,3.01126,74,futex_wait_queue
2026-09-18T09:13:48.083+00:00,57.603,2447012,21787092,2446992,2447012,S,1,2048,2904,0.00,0.01288,5,do_wait
2026-09-18T09:13:48.084+00:00,57.603,2447020,21787109,2447012,2447012,S,3,478848,632456,0.00,3.01126,74,futex_wait_queue
2026-09-18T09:13:48.186+00:00,57.705,2447012,21787092,2446992,2447012,S,1,2048,2904,0.00,0.01288,5,do_wait
2026-09-18T09:13:48.187+00:00,57.705,2447020,21787109,2447012,2447012,S,3,478848,632456,0.00,3.01126,74,futex_wait_queue
2026-09-18T09:13:48.289+00:00,57.808,2447012,21787092,2446992,2447012,S,1,2048,2904,0.00,0.01288,5,do_wait
2026-09-18T09:13:48.290+00:00,57.808,2447020,21787109,2447012,2447012,S,3,481792,658060,0.00,3.02978,74,futex_wait_queue
2026-09-18T09:13:48.392+00:00,57.911,2447012,21787092,2446992,2447012,S,1,2048,2904,0.00,0.01288,5,do_wait
2026-09-18T09:13:48.392+00:00,57.911,2447020,21787109,2447012,2447012,S,3,504448,658060,19.46,3.17225,76,futex_wait_queue
2026-09-18T09:13:48.495+00:00,58.014,2447012,21787092,2446992,2447012,S,1,2048,2904,0.00,0.01288,5,do_wait
2026-09-18T09:13:48.496+00:00,58.014,2447020,21787109,2447012,2447012,S,3,504448,658060,0.00,3.17225,76,futex_wait_queue
2026-09-18T09:13:48.598+00:00,58.117,2447012,21787092,2446992,2447012,S,1,2048,2904,0.00,0.01288,5,do_wait
2026-09-18T09:13:48.599+00:00,58.117,2447020,21787109,2447012,2447012,S,3,504448,658060,0.00,3.17225,76,futex_wait_queue
2026-09-18T09:13:48.701+00:00,58.220,2447012,21787092,2446992,2447012,S,1,2048,2904,0.00,0.01288,5,do_wait
2026-09-18T09:13:48.701+00:00,58.220,2447020,21787109,2447012,2447012,S,3,504448,658060,0.00,3.17225,76,futex_wait_queue
2026-09-18T09:13:48.804+00:00,58.323,2447012,21787092,2446992,2447012,S,1,2048,2904,0.00,0.01288,5,do_wait
2026-09-18T09:13:48.805+00:00,58.323,2447020,21787109,2447012,2447012,S,3,504448,658060,0.00,3.17225,76,futex_wait_queue
2026-09-18T09:13:48.907+00:00,58.426,2447012,21787092,2446992,2447012,S,1,2048,2904,0.00,0.01288,5,do_wait
2026-09-18T09:13:48.908+00:00,58.426,2447020,21787109,2447012,2447012,S,3,504448,658060,0.00,3.17225,76,futex_wait_queue
2026-09-18T09:13:49.010+00:00,58.529,2447012,21787092,2446992,2447012,S,1,2048,2904,0.00,0.01288,5,do_wait
2026-09-18T09:13:49.010+00:00,58.529,2447020,21787109,2447012,2447012,S,3,504448,658060,0.00,3.17225,76,futex_wait_queue
2026-09-18T09:13:49.113+00:00,58.632,2447012,21787092,2446992,2447012,S,1,2048,2904,0.00,0.01288,5,do_wait
2026-09-18T09:13:49.113+00:00,58.632,2447020,21787109,2447012,2447012,S,3,504448,658060,0.00,3.17225,76,futex_wait_queue
2026-09-18T09:13:49.216+00:00,58.735,2447012,21787092,2446992,2447012,S,1,2048,2904,0.00,0.01288,5,do_wait
2026-09-18T09:13:49.217+00:00,58.735,2447020,21787109,2447012,2447012,S,3,504448,658060,0.00,3.17225,76,futex_wait_queue
2026-09-18T09:13:49.319+00:00,58.838,2447012,21787092,2446992,2447012,S,1,2048,2904,0.00,0.01288,5,do_wait
2026-09-18T09:13:49.320+00:00,58.838,2447020,21787109,2447012,2447012,S,3,504448,658060,0.00,3.17225,76,futex_wait_queue
2026-09-18T09:13:49.422+00:00,58.941,2447012,21787092,2446992,2447012,S,1,2048,2904,0.00,0.01288,5,do_wait
2026-09-18T09:13:49.422+00:00,58.941,2447020,21787109,2447012,2447012,S,3,504448,658060,0.00,3.17225,76,futex_wait_queue
2026-09-18T09:13:49.524+00:00,59.043,2447012,21787092,2446992,2447012,S,1,2048,2904,0.00,0.01288,5,do_wait
2026-09-18T09:13:49.524+00:00,59.043,2447020,21787109,2447012,2447012,S,3,504448,658060,0.00,3.17225,76,futex_wait_queue
2026-09-18T09:13:49.627+00:00,59.146,2447012,21787092,2446992,2447012,S,1,2048,2904,0.00,0.01288,5,do_wait
2026-09-18T09:13:49.628+00:00,59.146,2447020,21787109,2447012,2447012,S,3,504448,658060,0.00,3.17225,76,futex_wait_queue
2026-09-18T09:13:49.730+00:00,59.249,2447012,21787092,2446992,2447012,S,1,2048,2904,0.00,0.01288,5,do_wait
2026-09-18T09:13:49.730+00:00,59.249,2447020,21787109,2447012,2447012,S,3,504448,658060,0.00,3.17225,76,futex_wait_queue
2026-09-18T09:13:49.832+00:00,59.352,2447012,21787092,2446992,2447012,S,1,2048,2904,0.00,0.01288,5,do_wait
2026-09-18T09:13:49.833+00:00,59.352,2447020,21787109,2447012,2447012,S,3,504448,658060,0.00,3.17225,76,futex_wait_queue
2026-09-18T09:13:49.934+00:00,59.454,2447012,21787092,2446992,2447012,S,1,2048,2904,0.00,0.01288,5,do_wait
2026-09-18T09:13:49.935+00:00,59.454,2447020,21787109,2447012,2447012,S,3,504448,658060,29.29,3.17225,79,futex_wait_queue
2026-09-18T09:13:50.038+00:00,59.556,2447012,21787092,2446992,2447012,S,1,2048,2904,0.00,0.01288,5,do_wait
2026-09-18T09:13:50.038+00:00,59.556,2447020,21787109,2447012,2447012,S,3,504448,658060,0.00,3.17225,79,futex_wait_queue
2026-09-18T09:13:50.140+00:00,59.660,2447012,21787092,2446992,2447012,S,1,2048,2904,0.00,0.01288,5,do_wait
2026-09-18T09:13:50.141+00:00,59.660,2447020,21787109,2447012,2447012,S,3,504448,658060,0.00,3.17225,79,futex_wait_queue
2026-09-18T09:13:50.243+00:00,59.762,2447012,21787092,2446992,2447012,S,1,2048,2904,0.00,0.01288,5,do_wait
2026-09-18T09:13:50.243+00:00,59.762,2447020,21787109,2447012,2447012,S,3,504448,658060,0.00,3.17225,79,futex_wait_queue
2026-09-18T09:13:50.345+00:00,59.865,2447012,21787092,2446992,2447012,S,1,2048,2904,0.00,0.01288,5,do_wait
2026-09-18T09:13:50.346+00:00,59.865,2447020,21787109,2447012,2447012,S,3,504448,658060,0.00,3.17225,79,futex_wait_queue
2026-09-18T09:13:50.448+00:00,59.967,2447012,21787092,2446992,2447012,S,1,2048,2904,0.00,0.01288,5,do_wait
2026-09-18T09:13:50.449+00:00,59.967,2447020,21787109,2447012,2447012,S,3,504448,658060,0.00,3.17225,79,futex_wait_queue
2026-09-18T09:13:50.551+00:00,60.070,2447012,21787092,2446992,2447012,S,1,2048,2904,0.00,0.01288,5,do_wait
2026-09-18T09:13:50.551+00:00,60.070,2447020,21787109,2447012,2447012,S,3,504448,658060,0.00,3.17225,79,futex_wait_queue
2026-09-18T09:13:50.654+00:00,60.172,2447012,21787092,2446992,2447012,S,1,2048,2904,0.00,0.01288,5,do_wait
2026-09-18T09:13:50.654+00:00,60.172,2447020,21787109,2447012,2447012,S,3,504448,658060,0.00,3.17225,79,futex_wait_queue
2026-09-18T09:13:50.756+00:00,60.275,2447012,21787092,2446992,2447012,S,1,2048,2904,0.00,0.01288,5,do_wait
2026-09-18T09:13:50.757+00:00,60.275,2447020,21787109,2447012,2447012,S,3,504448,658060,0.00,3.17225,79,futex_wait_queue
2026-09-18T09:13:50.859+00:00,60.378,2447012,21787092,2446992,2447012,S,1,2048,2904,0.00,0.01288,5,do_wait
2026-09-18T09:13:50.859+00:00,60.378,2447020,21787109,2447012,2447012,S,3,504448,658060,0.00,3.17225,79,futex_wait_queue
2026-09-18T09:13:50.962+00:00,60.481,2447012,21787092,2446992,2447012,S,1,2048,2904,0.00,0.01288,5,do_wait
2026-09-18T09:13:50.962+00:00,60.481,2447020,21787109,2447012,2447012,S,3,504448,658060,0.00,3.17225,79,futex_wait_queue
2026-09-18T09:13:51.064+00:00,60.583,2447012,21787092,2446992,2447012,S,1,2048,2904,0.00,0.01288,5,do_wait
2026-09-18T09:13:51.065+00:00,60.583,2447020,21787109,2447012,2447012,S,3,504448,658060,0.00,3.17225,79,futex_wait_queue
2026-09-18T09:13:51.167+00:00,60.686,2447012,21787092,2446992,2447012,S,1,2048,2904,0.00,0.01288,5,do_wait
2026-09-18T09:13:51.167+00:00,60.686,2447020,21787109,2447012,2447012,S,3,504448,658060,0.00,3.17225,79,futex_wait_queue
2026-09-18T09:13:51.270+00:00,60.789,2447012,21787092,2446992,2447012,S,1,2048,2904,0.00,0.01288,5,do_wait
2026-09-18T09:13:51.270+00:00,60.789,2447020,21787109,2447012,2447012,S,3,504448,658060,0.00,3.17225,79,futex_wait_queue
2026-09-18T09:13:51.372+00:00,60.892,2447012,21787092,2446992,2447012,S,1,2048,2904,0.00,0.01288,5,do_wait
2026-09-18T09:13:51.373+00:00,60.892,2447020,21787109,2447012,2447012,S,3,530048,683664,19.46,3.33324,81,futex_wait_queue
2026-09-18T09:13:51.475+00:00,60.994,2447012,21787092,2446992,2447012,S,1,2048,2904,0.00,0.01288,5,do_wait
2026-09-18T09:13:51.475+00:00,60.994,2447020,21787109,2447012,2447012,S,3,530048,683664,0.00,3.33324,81,futex_wait_queue
2026-09-18T09:13:51.577+00:00,61.096,2447012,21787092,2446992,2447012,S,1,2048,2904,0.00,0.01288,5,do_wait
2026-09-18T09:13:51.578+00:00,61.096,2447020,21787109,2447012,2447012,S,3,530048,683664,0.00,3.33324,81,futex_wait_queue
2026-09-18T09:13:51.680+00:00,61.199,2447012,21787092,2446992,2447012,S,1,2048,2904,0.00,0.01288,5,do_wait
2026-09-18T09:13:51.681+00:00,61.199,2447020,21787109,2447012,2447012,S,3,530048,683664,0.00,3.33324,81,futex_wait_queue
2026-09-18T09:13:51.783+00:00,61.303,2447012,21787092,2446992,2447012,S,1,2048,2904,0.00,0.01288,5,do_wait
2026-09-18T09:13:51.784+00:00,61.303,2447020,21787109,2447012,2447012,S,3,530048,683664,0.00,3.33324,81,futex_wait_queue
2026-09-18T09:13:51.887+00:00,61.405,2447012,21787092,2446992,2447012,S,1,2048,2904,0.00,0.01288,5,do_wait
2026-09-18T09:13:51.888+00:00,61.405,2447020,21787109,2447012,2447012,S,3,530048,683664,0.00,3.33324,81,futex_wait_queue
2026-09-18T09:13:51.990+00:00,61.509,2447012,21787092,2446992,2447012,S,1,2048,2904,0.00,0.01288,5,do_wait
2026-09-18T09:13:51.990+00:00,61.509,2447020,21787109,2447012,2447012,S,3,530048,683664,0.00,3.33324,81,futex_wait_queue
2026-09-18T09:13:52.093+00:00,61.612,2447012,21787092,2446992,2447012,S,1,2048,2904,0.00,0.01288,5,do_wait
2026-09-18T09:13:52.093+00:00,61.612,2447020,21787109,2447012,2447012,S,3,530048,683664,0.00,3.33324,81,futex_wait_queue
2026-09-18T09:13:52.196+00:00,61.715,2447012,21787092,2446992,2447012,S,1,2048,2904,0.00,0.01288,5,do_wait
2026-09-18T09:13:52.196+00:00,61.715,2447020,21787109,2447012,2447012,S,3,530048,683664,0.00,3.33324,81,futex_wait_queue
2026-09-18T09:13:52.299+00:00,61.818,2447012,21787092,2446992,2447012,S,1,2048,2904,0.00,0.01288,5,do_wait
2026-09-18T09:13:52.299+00:00,61.818,2447020,21787109,2447012,2447012,S,3,530048,683664,0.00,3.33324,81,futex_wait_queue
2026-09-18T09:13:52.402+00:00,61.921,2447012,21787092,2446992,2447012,S,1,2048,2904,0.00,0.01288,5,do_wait
2026-09-18T09:13:52.403+00:00,61.921,2447020,21787109,2447012,2447012,S,3,530048,683664,0.00,3.33324,81,futex_wait_queue
2026-09-18T09:13:52.505+00:00,62.024,2447012,21787092,2446992,2447012,S,1,2048,2904,0.00,0.01288,5,do_wait
2026-09-18T09:13:52.505+00:00,62.024,2447020,21787109,2447012,2447012,S,3,530048,683664,0.00,3.33324,81,futex_wait_queue
2026-09-18T09:13:52.607+00:00,62.127,2447012,21787092,2446992,2447012,S,1,2048,2904,0.00,0.01288,5,do_wait
2026-09-18T09:13:52.608+00:00,62.127,2447020,21787109,2447012,2447012,S,3,530048,683664,0.00,3.33324,81,futex_wait_queue
2026-09-18T09:13:52.710+00:00,62.229,2447012,21787092,2446992,2447012,S,1,2048,2904,0.00,0.01288,5,do_wait
2026-09-18T09:13:52.711+00:00,62.229,2447020,21787109,2447012,2447012,S,3,530048,683664,0.00,3.33324,81,futex_wait_queue
2026-09-18T09:13:52.813+00:00,62.332,2447012,21787092,2446992,2447012,S,1,2048,2904,0.00,0.01288,5,do_wait
2026-09-18T09:13:52.813+00:00,62.332,2447020,21787109,2447012,2447012,S,3,530048,683664,0.00,3.33324,81,futex_wait_queue
2026-09-18T09:13:52.915+00:00,62.435,2447012,21787092,2446992,2447012,S,1,2048,2904,0.00,0.01288,5,do_wait
2026-09-18T09:13:52.916+00:00,62.435,2447020,21787109,2447012,2447012,S,3,530048,683664,0.00,3.33324,81,futex_wait_queue
2026-09-18T09:13:53.018+00:00,62.537,2447012,21787092,2446992,2447012,S,1,2048,2904,0.00,0.01288,5,do_wait
2026-09-18T09:13:53.019+00:00,62.537,2447020,21787109,2447012,2447012,S,3,530048,683664,39.00,3.33324,85,futex_wait_queue
2026-09-18T09:13:53.121+00:00,62.640,2447012,21787092,2446992,2447012,S,1,2048,2904,0.00,0.01288,5,do_wait
2026-09-18T09:13:53.121+00:00,62.640,2447020,21787109,2447012,2447012,S,3,530048,683664,0.00,3.33324,85,futex_wait_queue
2026-09-18T09:13:53.223+00:00,62.742,2447012,21787092,2446992,2447012,S,1,2048,2904,0.00,0.01288,5,do_wait
2026-09-18T09:13:53.223+00:00,62.742,2447020,21787109,2447012,2447012,S,3,530048,683664,0.00,3.33324,85,futex_wait_queue
2026-09-18T09:13:53.326+00:00,62.845,2447012,21787092,2446992,2447012,S,1,2048,2904,0.00,0.01288,5,do_wait
2026-09-18T09:13:53.326+00:00,62.845,2447020,21787109,2447012,2447012,S,3,530048,683664,0.00,3.33324,85,futex_wait_queue
2026-09-18T09:13:53.428+00:00,62.947,2447012,21787092,2446992,2447012,S,1,2048,2904,0.00,0.01288,5,do_wait
2026-09-18T09:13:53.428+00:00,62.947,2447020,21787109,2447012,2447012,S,3,530048,683664,0.00,3.33324,85,futex_wait_queue
2026-09-18T09:13:53.530+00:00,63.050,2447012,21787092,2446992,2447012,S,1,2048,2904,0.00,0.01288,5,do_wait
2026-09-18T09:13:53.531+00:00,63.050,2447020,21787109,2447012,2447012,S,3,530048,683664,0.00,3.33324,85,futex_wait_queue
2026-09-18T09:13:53.633+00:00,63.152,2447012,21787092,2446992,2447012,S,1,2048,2904,0.00,0.01288,5,do_wait
2026-09-18T09:13:53.633+00:00,63.152,2447020,21787109,2447012,2447012,S,3,530048,683664,0.00,3.33324,85,futex_wait_queue
2026-09-18T09:13:53.736+00:00,63.255,2447012,21787092,2446992,2447012,S,1,2048,2904,0.00,0.01288,5,do_wait
2026-09-18T09:13:53.736+00:00,63.255,2447020,21787109,2447012,2447012,S,3,530048,683664,0.00,3.33324,85,futex_wait_queue
2026-09-18T09:13:53.838+00:00,63.357,2447012,21787092,2446992,2447012,S,1,2048,2904,0.00,0.01288,5,do_wait
2026-09-18T09:13:53.838+00:00,63.357,2447020,21787109,2447012,2447012,S,3,530048,683664,0.00,3.33324,85,futex_wait_queue
2026-09-18T09:13:53.941+00:00,63.460,2447012,21787092,2446992,2447012,S,1,2048,2904,0.00,0.01288,5,do_wait
2026-09-18T09:13:53.941+00:00,63.460,2447020,21787109,2447012,2447012,S,3,530048,683664,0.00,3.33324,85,futex_wait_queue
2026-09-18T09:13:54.044+00:00,63.563,2447012,21787092,2446992,2447012,S,1,2048,2904,0.00,0.01288,5,do_wait
2026-09-18T09:13:54.045+00:00,63.563,2447020,21787109,2447012,2447012,S,3,530048,683664,0.00,3.33324,85,futex_wait_queue
2026-09-18T09:13:54.147+00:00,63.666,2447012,21787092,2446992,2447012,S,1,2048,2904,0.00,0.01288,5,do_wait
2026-09-18T09:13:54.147+00:00,63.666,2447020,21787109,2447012,2447012,S,3,530048,683664,0.00,3.33324,85,futex_wait_queue
2026-09-18T09:13:54.250+00:00,63.769,2447012,21787092,2446992,2447012,S,1,2048,2904,0.00,0.01288,5,do_wait
2026-09-18T09:13:54.250+00:00,63.769,2447020,21787109,2447012,2447012,S,3,530048,683664,0.00,3.33324,85,futex_wait_queue
2026-09-18T09:13:54.353+00:00,63.871,2447012,21787092,2446992,2447012,S,1,2048,2904,0.00,0.01288,5,do_wait
2026-09-18T09:13:54.353+00:00,63.871,2447020,21787109,2447012,2447012,S,3,538496,709268,9.74,3.38636,86,futex_wait_queue
2026-09-18T09:13:54.455+00:00,63.975,2447012,21787092,2446992,2447012,S,1,2048,2904,0.00,0.01288,5,do_wait
2026-09-18T09:13:54.456+00:00,63.975,2447020,21787109,2447012,2447012,S,3,18012,171584,19.40,0.11327,88,futex_wait_queue
2026-09-18T09:13:54.558+00:00,64.077,2447012,21787092,2446992,2447012,S,1,2048,2904,0.00,0.01288,5,do_wait
2026-09-18T09:13:54.558+00:00,64.077,2447020,21787109,2447012,2447012,S,3,18012,171584,0.00,0.11327,88,futex_wait_queue
2026-09-18T09:13:54.660+00:00,64.179,2447012,21787092,2446992,2447012,S,1,2048,2904,0.00,0.01288,5,do_wait
2026-09-18T09:13:54.661+00:00,64.179,2447020,21787109,2447012,2447012,S,3,18012,171584,0.00,0.11327,88,futex_wait_queue
2026-09-18T09:13:54.763+00:00,64.282,2447012,21787092,2446992,2447012,S,1,2048,2904,0.00,0.01288,5,do_wait
2026-09-18T09:13:54.763+00:00,64.282,2447020,21787109,2447012,2447012,S,3,18012,171584,0.00,0.11327,88,futex_wait_queue
2026-09-18T09:13:54.866+00:00,64.385,2447012,21787092,2446992,2447012,S,1,2048,2904,0.00,0.01288,5,do_wait
2026-09-18T09:13:54.866+00:00,64.385,2447020,21787109,2447012,2447012,S,3,18012,171584,0.00,0.11327,88,futex_wait_queue
2026-09-18T09:13:54.968+00:00,64.487,2447012,21787092,2446992,2447012,S,1,2048,2904,0.00,0.01288,5,do_wait
2026-09-18T09:13:54.968+00:00,64.487,2447020,21787109,2447012,2447012,S,3,18012,171584,0.00,0.11327,88,futex_wait_queue
2026-09-18T09:13:55.071+00:00,64.590,2447012,21787092,2446992,2447012,S,1,2048,2904,0.00,0.01288,5,do_wait
2026-09-18T09:13:55.072+00:00,64.590,2447020,21787109,2447012,2447012,S,3,18012,171584,0.00,0.11327,88,futex_wait_queue
2026-09-18T09:13:55.174+00:00,64.693,2447012,21787092,2446992,2447012,S,1,2048,2904,0.00,0.01288,5,do_wait
2026-09-18T09:13:55.175+00:00,64.693,2447020,21787109,2447012,2447012,S,3,18012,171584,0.00,0.11327,88,futex_wait_queue
2026-09-18T09:13:55.277+00:00,64.796,2447012,21787092,2446992,2447012,S,1,2048,2904,0.00,0.01288,5,do_wait
2026-09-18T09:13:55.277+00:00,64.796,2447020,21787109,2447012,2447012,S,3,18012,171584,0.00,0.11327,88,futex_wait_queue
2026-09-18T09:13:55.379+00:00,64.899,2447012,21787092,2446992,2447012,S,1,2048,2904,0.00,0.01288,5,do_wait
2026-09-18T09:13:55.379+00:00,64.899,2447020,21787109,2447012,2447012,S,3,18012,171584,0.00,0.11327,88,futex_wait_queue
2026-09-18T09:13:55.482+00:00,65.001,2447012,21787092,2446992,2447012,S,1,2048,2904,0.00,0.01288,5,do_wait
2026-09-18T09:13:55.482+00:00,65.001,2447020,21787109,2447012,2447012,S,3,18012,171584,0.00,0.11327,88,futex_wait_queue
2026-09-18T09:13:55.584+00:00,65.104,2447012,21787092,2446992,2447012,S,1,2048,2904,0.00,0.01288,5,do_wait
2026-09-18T09:13:55.585+00:00,65.104,2447020,21787109,2447012,2447012,S,3,18012,171584,0.00,0.11327,88,futex_wait_queue
2026-09-18T09:13:55.687+00:00,65.206,2447012,21787092,2446992,2447012,S,1,2048,2904,0.00,0.01288,5,do_wait
2026-09-18T09:13:55.687+00:00,65.206,2447020,21787109,2447012,2447012,S,3,18012,171584,0.00,0.11327,88,futex_wait_queue
2026-09-18T09:13:55.789+00:00,65.308,2447012,21787092,2446992,2447012,S,1,2048,2904,0.00,0.01288,5,do_wait
2026-09-18T09:13:55.789+00:00,65.308,2447020,21787109,2447012,2447012,S,3,18012,171584,0.00,0.11327,88,futex_wait_queue
2026-09-18T09:13:55.891+00:00,65.411,2447012,21787092,2446992,2447012,S,1,2048,2904,0.00,0.01288,5,do_wait
2026-09-18T09:13:55.892+00:00,65.411,2447020,21787109,2447012,2447012,S,3,18012,171584,0.00,0.11327,88,futex_wait_queue
2026-09-18T09:13:55.994+00:00,65.513,2447012,21787092,2446992,2447012,S,1,2048,2904,0.00,0.01288,5,do_wait
2026-09-18T09:13:55.994+00:00,65.513,2447020,21787109,2447012,2447012,S,3,18012,171584,0.00,0.11327,88,futex_wait_queue
2026-09-18T09:13:56.096+00:00,65.616,2447012,21787092,2446992,2447012,S,1,2048,2904,0.00,0.01288,5,do_wait
2026-09-18T09:13:56.097+00:00,65.616,2447020,21787109,2447012,2447012,S,3,18012,171584,19.50,0.11327,90,futex_wait_queue
2026-09-18T09:13:56.199+00:00,65.718,2447012,21787092,2446992,2447012,S,1,2048,2904,0.00,0.01288,5,do_wait
2026-09-18T09:13:56.199+00:00,65.718,2447020,21787109,2447012,2447012,S,3,18012,171584,9.78,0.11327,91,futex_wait_queue
2026-09-18T09:13:56.301+00:00,65.821,2447012,21787092,2446992,2447012,S,1,2048,2904,0.00,0.01288,5,do_wait
2026-09-18T09:13:56.302+00:00,65.821,2447020,21787109,2447012,2447012,S,3,18012,171584,0.00,0.11327,91,futex_wait_queue
2026-09-18T09:13:56.404+00:00,65.923,2447012,21787092,2446992,2447012,S,1,2048,2904,0.00,0.01288,5,do_wait
2026-09-18T09:13:56.404+00:00,65.923,2447020,21787109,2447012,2447012,S,3,18012,171584,0.00,0.11327,91,futex_wait_queue
2026-09-18T09:13:56.506+00:00,66.026,2447012,21787092,2446992,2447012,S,1,2048,2904,0.00,0.01288,5,do_wait
2026-09-18T09:13:56.506+00:00,66.026,2447020,21787109,2447012,2447012,S,3,18012,171584,0.00,0.11327,91,futex_wait_queue
2026-09-18T09:13:56.609+00:00,66.128,2447012,21787092,2446992,2447012,S,1,2048,2904,0.00,0.01288,5,do_wait
2026-09-18T09:13:56.610+00:00,66.128,2447020,21787109,2447012,2447012,S,3,18012,171584,0.00,0.11327,91,futex_wait_queue
2026-09-18T09:13:56.712+00:00,66.231,2447012,21787092,2446992,2447012,S,1,2048,2904,0.00,0.01288,5,do_wait
2026-09-18T09:13:56.712+00:00,66.231,2447020,21787109,2447012,2447012,S,3,18012,171584,0.00,0.11327,91,futex_wait_queue
2026-09-18T09:13:56.814+00:00,66.333,2447012,21787092,2446992,2447012,S,1,2048,2904,0.00,0.01288,5,do_wait
2026-09-18T09:13:56.815+00:00,66.333,2447020,21787109,2447012,2447012,S,3,18012,171584,0.00,0.11327,91,futex_wait_queue
2026-09-18T09:13:56.917+00:00,66.436,2447012,21787092,2446992,2447012,S,1,2048,2904,0.00,0.01288,5,do_wait
2026-09-18T09:13:56.918+00:00,66.436,2447020,21787109,2447012,2447012,S,3,18012,171584,0.00,0.11327,91,futex_wait_queue
2026-09-18T09:13:57.020+00:00,66.539,2447012,21787092,2446992,2447012,S,1,2048,2904,0.00,0.01288,5,do_wait
2026-09-18T09:13:57.020+00:00,66.539,2447020,21787109,2447012,2447012,S,3,18012,171584,0.00,0.11327,91,futex_wait_queue
2026-09-18T09:13:57.122+00:00,66.642,2447012,21787092,2446992,2447012,S,1,2048,2904,0.00,0.01288,5,do_wait
2026-09-18T09:13:57.123+00:00,66.642,2447020,21787109,2447012,2447012,S,3,18012,171584,0.00,0.11327,91,futex_wait_queue
2026-09-18T09:13:57.225+00:00,66.744,2447012,21787092,2446992,2447012,S,1,2048,2904,0.00,0.01288,5,do_wait
2026-09-18T09:13:57.226+00:00,66.744,2447020,21787109,2447012,2447012,S,3,18012,171584,0.00,0.11327,91,futex_wait_queue
2026-09-18T09:13:57.328+00:00,66.847,2447012,21787092,2446992,2447012,S,1,2048,2904,0.00,0.01288,5,do_wait
2026-09-18T09:13:57.328+00:00,66.847,2447020,21787109,2447012,2447012,S,3,18012,171584,0.00,0.11327,91,futex_wait_queue
2026-09-18T09:13:57.430+00:00,66.950,2447012,21787092,2446992,2447012,S,1,2048,2904,0.00,0.01288,5,do_wait
2026-09-18T09:13:57.431+00:00,66.950,2447020,21787109,2447012,2447012,S,3,18012,171584,0.00,0.11327,91,futex_wait_queue
2026-09-18T09:13:57.533+00:00,67.052,2447012,21787092,2446992,2447012,S,1,2048,2904,0.00,0.01288,5,do_wait
2026-09-18T09:13:57.533+00:00,67.052,2447020,21787109,2447012,2447012,S,3,18012,171584,0.00,0.11327,91,futex_wait_queue
2026-09-18T09:13:57.635+00:00,67.155,2447012,21787092,2446992,2447012,S,1,2048,2904,0.00,0.01288,5,do_wait
2026-09-18T09:13:57.636+00:00,67.155,2447020,21787109,2447012,2447012,S,3,18012,171584,0.00,0.11327,91,futex_wait_queue
2026-09-18T09:13:57.738+00:00,67.257,2447012,21787092,2446992,2447012,S,1,2048,2904,0.00,0.01288,5,do_wait
2026-09-18T09:13:57.739+00:00,67.257,2447020,21787109,2447012,2447012,S,3,18012,171584,0.00,0.11327,91,futex_wait_queue
2026-09-18T09:13:57.841+00:00,67.360,2447012,21787092,2446992,2447012,S,1,2048,2904,0.00,0.01288,5,do_wait
2026-09-18T09:13:57.841+00:00,67.360,2447020,21787109,2447012,2447012,S,3,18012,171584,0.00,0.11327,91,futex_wait_queue
2026-09-18T09:13:57.943+00:00,67.462,2447012,21787092,2446992,2447012,S,1,2048,2904,0.00,0.01288,5,do_wait
2026-09-18T09:13:57.944+00:00,67.462,2447020,21787109,2447012,2447012,S,3,18012,171584,0.00,0.11327,91,futex_wait_queue
2026-09-18T09:13:58.047+00:00,67.566,2447012,21787092,2446992,2447012,S,1,2048,2904,0.00,0.01288,5,do_wait
2026-09-18T09:13:58.047+00:00,67.566,2447020,21787109,2447012,2447012,S,3,18012,171584,0.00,0.11327,91,futex_wait_queue
2026-09-18T09:13:58.149+00:00,67.669,2447012,21787092,2446992,2447012,S,1,2048,2904,0.00,0.01288,5,do_wait
2026-09-18T09:13:58.150+00:00,67.669,2447020,21787109,2447012,2447012,S,3,18012,171584,0.00,0.11327,91,futex_wait_queue
2026-09-18T09:13:58.252+00:00,67.771,2447012,21787092,2446992,2447012,S,1,2048,2904,0.00,0.01288,5,do_wait
2026-09-18T09:13:58.253+00:00,67.771,2447020,21787109,2447012,2447012,S,3,18012,171584,0.00,0.11327,91,futex_wait_queue
2026-09-18T09:13:58.355+00:00,67.875,2447012,21787092,2446992,2447012,S,1,2048,2904,0.00,0.01288,5,do_wait
2026-09-18T09:13:58.356+00:00,67.875,2447020,21787109,2447012,2447012,S,3,18012,171584,0.00,0.11327,91,futex_wait_queue
2026-09-18T09:13:58.458+00:00,67.977,2447012,21787092,2446992,2447012,S,1,2048,2904,0.00,0.01288,5,do_wait
2026-09-18T09:13:58.459+00:00,67.977,2447020,21787109,2447012,2447012,S,3,18012,171584,0.00,0.11327,91,futex_wait_queue
2026-09-18T09:13:58.561+00:00,68.080,2447012,21787092,2446992,2447012,S,1,2048,2904,0.00,0.01288,5,do_wait
2026-09-18T09:13:58.561+00:00,68.080,2447020,21787109,2447012,2447012,S,3,18012,171584,0.00,0.11327,91,futex_wait_queue
2026-09-18T09:13:58.663+00:00,68.182,2447012,21787092,2446992,2447012,S,1,2048,2904,0.00,0.01288,5,do_wait
2026-09-18T09:13:58.664+00:00,68.182,2447020,21787109,2447012,2447012,S,3,18012,171584,0.00,0.11327,91,futex_wait_queue
2026-09-18T09:13:58.766+00:00,68.285,2447012,21787092,2446992,2447012,S,1,2048,2904,0.00,0.01288,5,do_wait
2026-09-18T09:13:58.767+00:00,68.285,2447020,21787109,2447012,2447012,S,3,18012,171584,0.00,0.11327,91,futex_wait_queue
2026-09-18T09:13:58.870+00:00,68.388,2447012,21787092,2446992,2447012,S,1,2048,2904,0.00,0.01288,5,do_wait
2026-09-18T09:13:58.870+00:00,68.388,2447020,21787109,2447012,2447012,S,3,18012,171584,0.00,0.11327,91,futex_wait_queue
2026-09-18T09:13:58.973+00:00,68.492,2447012,21787092,2446992,2447012,S,1,2048,2904,0.00,0.01288,5,do_wait
2026-09-18T09:13:58.973+00:00,68.492,2447020,21787109,2447012,2447012,S,3,18012,171584,0.00,0.11327,91,futex_wait_queue
2026-09-18T09:13:59.075+00:00,68.595,2447012,21787092,2446992,2447012,S,1,2048,2904,0.00,0.01288,5,do_wait
2026-09-18T09:13:59.076+00:00,68.595,2447020,21787109,2447012,2447012,S,3,18012,171584,0.00,0.11327,91,futex_wait_queue
2026-09-18T09:13:59.178+00:00,68.697,2447012,21787092,2446992,2447012,S,1,2048,2904,0.00,0.01288,5,do_wait
2026-09-18T09:13:59.179+00:00,68.697,2447020,21787109,2447012,2447012,S,3,18012,171584,0.00,0.11327,91,futex_wait_queue
2026-09-18T09:13:59.281+00:00,68.800,2447012,21787092,2446992,2447012,S,1,2048,2904,0.00,0.01288,5,do_wait
2026-09-18T09:13:59.281+00:00,68.800,2447020,21787109,2447012,2447012,S,3,18012,171584,19.52,0.11327,93,futex_wait_queue
2026-09-18T09:13:59.383+00:00,68.903,2447012,21787092,2446992,2447012,S,1,2048,2904,0.00,0.01288,5,do_wait
2026-09-18T09:13:59.384+00:00,68.903,2447020,21787109,2447012,2447012,S,3,18012,171584,0.00,0.11327,93,futex_wait_queue
2026-09-18T09:13:59.486+00:00,69.005,2447012,21787092,2446992,2447012,S,1,2048,2904,0.00,0.01288,5,do_wait
2026-09-18T09:13:59.486+00:00,69.005,2447020,21787109,2447012,2447012,S,3,43612,171584,19.56,0.27426,95,futex_wait_queue
2026-09-18T09:13:59.589+00:00,69.108,2447012,21787092,2446992,2447012,S,1,2048,2904,0.00,0.01288,5,do_wait
2026-09-18T09:13:59.589+00:00,69.108,2447020,21787109,2447012,2447012,S,3,43612,171584,0.00,0.27426,95,futex_wait_queue
2026-09-18T09:13:59.691+00:00,69.210,2447012,21787092,2446992,2447012,S,1,2048,2904,0.00,0.01288,5,do_wait
2026-09-18T09:13:59.691+00:00,69.210,2447020,21787109,2447012,2447012,S,3,43612,171584,0.00,0.27426,95,futex_wait_queue
2026-09-18T09:13:59.793+00:00,69.313,2447012,21787092,2446992,2447012,S,1,2048,2904,0.00,0.01288,5,do_wait
2026-09-18T09:13:59.794+00:00,69.313,2447020,21787109,2447012,2447012,S,3,43612,171584,0.00,0.27426,95,futex_wait_queue
2026-09-18T09:13:59.896+00:00,69.415,2447012,21787092,2446992,2447012,S,1,2048,2904,0.00,0.01288,5,do_wait
2026-09-18T09:13:59.896+00:00,69.415,2447020,21787109,2447012,2447012,S,3,43612,171584,0.00,0.27426,95,futex_wait_queue
2026-09-18T09:13:59.998+00:00,69.518,2447012,21787092,2446992,2447012,S,1,2048,2904,0.00,0.01288,5,do_wait
2026-09-18T09:13:59.999+00:00,69.518,2447020,21787109,2447012,2447012,S,3,43612,171584,0.00,0.27426,95,futex_wait_queue
2026-09-18T09:14:00.101+00:00,69.620,2447012,21787092,2446992,2447012,S,1,2048,2904,0.00,0.01288,5,do_wait
2026-09-18T09:14:00.101+00:00,69.620,2447020,21787109,2447012,2447012,S,3,43612,171584,0.00,0.27426,95,futex_wait_queue
2026-09-18T09:14:00.203+00:00,69.723,2447012,21787092,2446992,2447012,S,1,2048,2904,0.00,0.01288,5,do_wait
2026-09-18T09:14:00.204+00:00,69.723,2447020,21787109,2447012,2447012,S,3,43612,171584,0.00,0.27426,95,futex_wait_queue
2026-09-18T09:14:00.306+00:00,69.825,2447012,21787092,2446992,2447012,S,1,2048,2904,0.00,0.01288,5,do_wait
2026-09-18T09:14:00.307+00:00,69.825,2447020,21787109,2447012,2447012,S,3,43612,171584,0.00,0.27426,95,futex_wait_queue
2026-09-18T09:14:00.409+00:00,69.928,2447012,21787092,2446992,2447012,S,1,2048,2904,0.00,0.01288,5,do_wait
2026-09-18T09:14:00.410+00:00,69.928,2447020,21787109,2447012,2447012,S,3,43612,171584,0.00,0.27426,95,futex_wait_queue
2026-09-18T09:14:00.512+00:00,70.031,2447012,21787092,2446992,2447012,S,1,2048,2904,0.00,0.01288,5,do_wait
2026-09-18T09:14:00.512+00:00,70.031,2447020,21787109,2447012,2447012,S,3,43612,171584,0.00,0.27426,95,futex_wait_queue
2026-09-18T09:14:00.614+00:00,70.134,2447012,21787092,2446992,2447012,S,1,2048,2904,0.00,0.01288,5,do_wait
2026-09-18T09:14:00.615+00:00,70.134,2447020,21787109,2447012,2447012,S,3,43612,171584,0.00,0.27426,95,futex_wait_queue
2026-09-18T09:14:00.718+00:00,70.236,2447012,21787092,2446992,2447012,S,1,2048,2904,0.00,0.01288,5,do_wait
2026-09-18T09:14:00.718+00:00,70.236,2447020,21787109,2447012,2447012,S,3,43612,171584,0.00,0.27426,95,futex_wait_queue
2026-09-18T09:14:00.820+00:00,70.340,2447012,21787092,2446992,2447012,S,1,2048,2904,0.00,0.01288,5,do_wait
2026-09-18T09:14:00.820+00:00,70.340,2447020,21787109,2447012,2447012,S,3,43612,171584,0.00,0.27426,95,futex_wait_queue
2026-09-18T09:14:00.922+00:00,70.442,2447012,21787092,2446992,2447012,S,1,2048,2904,0.00,0.01288,5,do_wait
2026-09-18T09:14:00.922+00:00,70.442,2447020,21787109,2447012,2447012,S,3,43612,171584,0.00,0.27426,95,futex_wait_queue
2026-09-18T09:14:01.024+00:00,70.544,2447012,21787092,2446992,2447012,S,1,2048,2904,0.00,0.01288,5,do_wait
2026-09-18T09:14:01.025+00:00,70.544,2447020,21787109,2447012,2447012,S,3,43612,171584,0.00,0.27426,95,futex_wait_queue
2026-09-18T09:14:01.127+00:00,70.646,2447012,21787092,2446992,2447012,S,1,2048,2904,0.00,0.01288,5,do_wait
2026-09-18T09:14:01.127+00:00,70.646,2447020,21787109,2447012,2447012,S,3,43612,171584,0.00,0.27426,95,futex_wait_queue
2026-09-18T09:14:01.229+00:00,70.749,2447012,21787092,2446992,2447012,S,1,2048,2904,0.00,0.01288,5,do_wait
2026-09-18T09:14:01.229+00:00,70.749,2447020,21787109,2447012,2447012,S,3,43612,171584,0.00,0.27426,95,futex_wait_queue
2026-09-18T09:14:01.331+00:00,70.851,2447012,21787092,2446992,2447012,S,1,2048,2904,0.00,0.01288,5,do_wait
2026-09-18T09:14:01.331+00:00,70.851,2447020,21787109,2447012,2447012,S,3,43612,171584,0.00,0.27426,95,futex_wait_queue
2026-09-18T09:14:01.433+00:00,70.953,2447012,21787092,2446992,2447012,S,1,2048,2904,0.00,0.01288,5,do_wait
2026-09-18T09:14:01.434+00:00,70.953,2447020,21787109,2447012,2447012,S,3,43612,171584,0.00,0.27426,95,futex_wait_queue
2026-09-18T09:14:01.536+00:00,71.055,2447012,21787092,2446992,2447012,S,1,2048,2904,0.00,0.01288,5,do_wait
2026-09-18T09:14:01.536+00:00,71.055,2447020,21787109,2447012,2447012,S,3,43612,171584,0.00,0.27426,95,futex_wait_queue
2026-09-18T09:14:01.638+00:00,71.158,2447012,21787092,2446992,2447012,S,1,2048,2904,0.00,0.01288,5,do_wait
2026-09-18T09:14:01.639+00:00,71.158,2447020,21787109,2447012,2447012,S,3,43612,171584,0.00,0.27426,95,futex_wait_queue
2026-09-18T09:14:01.741+00:00,71.260,2447012,21787092,2446992,2447012,S,1,2048,2904,0.00,0.01288,5,do_wait
2026-09-18T09:14:01.741+00:00,71.260,2447020,21787109,2447012,2447012,S,3,43612,171584,0.00,0.27426,95,futex_wait_queue
2026-09-18T09:14:01.843+00:00,71.363,2447012,21787092,2446992,2447012,S,1,2048,2904,0.00,0.01288,5,do_wait
2026-09-18T09:14:01.843+00:00,71.363,2447020,21787109,2447012,2447012,S,3,43612,171584,0.00,0.27426,95,futex_wait_queue
2026-09-18T09:14:01.946+00:00,71.465,2447012,21787092,2446992,2447012,S,1,2048,2904,0.00,0.01288,5,do_wait
2026-09-18T09:14:01.947+00:00,71.465,2447020,21787109,2447012,2447012,S,3,43612,171584,0.00,0.27426,95,futex_wait_queue
2026-09-18T09:14:02.049+00:00,71.568,2447012,21787092,2446992,2447012,S,1,2048,2904,0.00,0.01288,5,do_wait
2026-09-18T09:14:02.049+00:00,71.568,2447020,21787109,2447012,2447012,S,3,43612,171584,0.00,0.27426,95,futex_wait_queue
2026-09-18T09:14:02.151+00:00,71.671,2447012,21787092,2446992,2447012,S,1,2048,2904,0.00,0.01288,5,do_wait
2026-09-18T09:14:02.151+00:00,71.671,2447020,21787109,2447012,2447012,S,3,43612,171584,0.00,0.27426,95,futex_wait_queue
2026-09-18T09:14:02.253+00:00,71.773,2447012,21787092,2446992,2447012,S,1,2048,2904,0.00,0.01288,5,do_wait
2026-09-18T09:14:02.254+00:00,71.773,2447020,21787109,2447012,2447012,S,3,43612,171584,0.00,0.27426,95,futex_wait_queue
2026-09-18T09:14:02.356+00:00,71.875,2447012,21787092,2446992,2447012,S,1,2048,2904,0.00,0.01288,5,do_wait
2026-09-18T09:14:02.356+00:00,71.875,2447020,21787109,2447012,2447012,S,3,43612,171584,9.76,0.27426,96,futex_wait_queue
2026-09-18T09:14:02.459+00:00,71.978,2447012,21787092,2446992,2447012,S,1,2048,2904,0.00,0.01288,5,do_wait
2026-09-18T09:14:02.460+00:00,71.978,2447020,21787109,2447012,2447012,S,3,69212,171584,19.49,0.43524,98,futex_wait_queue
2026-09-18T09:14:02.562+00:00,72.081,2447012,21787092,2446992,2447012,S,1,2048,2904,0.00,0.01288,5,do_wait
2026-09-18T09:14:02.562+00:00,72.081,2447020,21787109,2447012,2447012,S,3,69212,171584,0.00,0.43524,98,futex_wait_queue
2026-09-18T09:14:02.664+00:00,72.183,2447012,21787092,2446992,2447012,S,1,2048,2904,0.00,0.01288,5,do_wait
2026-09-18T09:14:02.665+00:00,72.183,2447020,21787109,2447012,2447012,S,3,69212,171584,0.00,0.43524,98,futex_wait_queue
2026-09-18T09:14:02.767+00:00,72.286,2447012,21787092,2446992,2447012,S,1,2048,2904,0.00,0.01288,5,do_wait
2026-09-18T09:14:02.768+00:00,72.286,2447020,21787109,2447012,2447012,S,3,69212,171584,0.00,0.43524,98,futex_wait_queue
2026-09-18T09:14:02.870+00:00,72.389,2447012,21787092,2446992,2447012,S,1,2048,2904,0.00,0.01288,5,do_wait
2026-09-18T09:14:02.870+00:00,72.389,2447020,21787109,2447012,2447012,S,3,69212,171584,0.00,0.43524,98,futex_wait_queue
2026-09-18T09:14:02.972+00:00,72.492,2447012,21787092,2446992,2447012,S,1,2048,2904,0.00,0.01288,5,do_wait
2026-09-18T09:14:02.973+00:00,72.492,2447020,21787109,2447012,2447012,S,3,69212,171584,0.00,0.43524,98,futex_wait_queue
2026-09-18T09:14:03.075+00:00,72.594,2447012,21787092,2446992,2447012,S,1,2048,2904,0.00,0.01288,5,do_wait
2026-09-18T09:14:03.075+00:00,72.594,2447020,21787109,2447012,2447012,S,3,69212,171584,0.00,0.43524,98,futex_wait_queue
2026-09-18T09:14:03.177+00:00,72.697,2447012,21787092,2446992,2447012,S,1,2048,2904,0.00,0.01288,5,do_wait
2026-09-18T09:14:03.177+00:00,72.697,2447020,21787109,2447012,2447012,S,3,69212,171584,0.00,0.43524,98,futex_wait_queue
2026-09-18T09:14:03.279+00:00,72.799,2447012,21787092,2446992,2447012,S,1,2048,2904,0.00,0.01288,5,do_wait
2026-09-18T09:14:03.280+00:00,72.799,2447020,21787109,2447012,2447012,S,3,69212,171584,0.00,0.43524,98,futex_wait_queue
2026-09-18T09:14:03.382+00:00,72.901,2447012,21787092,2446992,2447012,S,1,2048,2904,0.00,0.01288,5,do_wait
2026-09-18T09:14:03.382+00:00,72.901,2447020,21787109,2447012,2447012,S,3,69212,171584,0.00,0.43524,98,futex_wait_queue
2026-09-18T09:14:03.484+00:00,73.003,2447012,21787092,2446992,2447012,S,1,2048,2904,0.00,0.01288,5,do_wait
2026-09-18T09:14:03.485+00:00,73.003,2447020,21787109,2447012,2447012,S,3,69212,171584,0.00,0.43524,98,futex_wait_queue
2026-09-18T09:14:03.587+00:00,73.106,2447012,21787092,2446992,2447012,S,1,2048,2904,0.00,0.01288,5,do_wait
2026-09-18T09:14:03.588+00:00,73.106,2447020,21787109,2447012,2447012,S,3,69212,171584,0.00,0.43524,98,futex_wait_queue
2026-09-18T09:14:03.690+00:00,73.209,2447012,21787092,2446992,2447012,S,1,2048,2904,0.00,0.01288,5,do_wait
2026-09-18T09:14:03.690+00:00,73.209,2447020,21787109,2447012,2447012,S,3,69212,171584,0.00,0.43524,98,futex_wait_queue
2026-09-18T09:14:03.792+00:00,73.311,2447012,21787092,2446992,2447012,S,1,2048,2904,0.00,0.01288,5,do_wait
2026-09-18T09:14:03.793+00:00,73.311,2447020,21787109,2447012,2447012,S,3,69212,171584,0.00,0.43524,98,futex_wait_queue
2026-09-18T09:14:03.895+00:00,73.414,2447012,21787092,2446992,2447012,S,1,2048,2904,0.00,0.01288,5,do_wait
2026-09-18T09:14:03.895+00:00,73.414,2447020,21787109,2447012,2447012,S,3,69212,171584,0.00,0.43524,98,futex_wait_queue
2026-09-18T09:14:03.997+00:00,73.516,2447012,21787092,2446992,2447012,S,1,2048,2904,0.00,0.01288,5,do_wait
2026-09-18T09:14:03.997+00:00,73.516,2447020,21787109,2447012,2447012,S,3,69212,171584,0.00,0.43524,98,futex_wait_queue
2026-09-18T09:14:04.099+00:00,73.619,2447012,21787092,2446992,2447012,S,1,2048,2904,0.00,0.01288,5,do_wait
2026-09-18T09:14:04.100+00:00,73.619,2447020,21787109,2447012,2447012,S,3,69212,171584,0.00,0.43524,98,futex_wait_queue
2026-09-18T09:14:04.202+00:00,73.721,2447012,21787092,2446992,2447012,S,1,2048,2904,0.00,0.01288,5,do_wait
2026-09-18T09:14:04.202+00:00,73.721,2447020,21787109,2447012,2447012,S,3,69212,171584,0.00,0.43524,98,futex_wait_queue
2026-09-18T09:14:04.304+00:00,73.823,2447012,21787092,2446992,2447012,S,1,2048,2904,0.00,0.01288,5,do_wait
2026-09-18T09:14:04.304+00:00,73.823,2447020,21787109,2447012,2447012,S,3,69212,171584,0.00,0.43524,98,futex_wait_queue
2026-09-18T09:14:04.406+00:00,73.926,2447012,21787092,2446992,2447012,S,1,2048,2904,0.00,0.01288,5,do_wait
2026-09-18T09:14:04.407+00:00,73.926,2447020,21787109,2447012,2447012,S,3,69212,171584,0.00,0.43524,98,futex_wait_queue
2026-09-18T09:14:04.509+00:00,74.028,2447012,21787092,2446992,2447012,S,1,2048,2904,0.00,0.01288,5,do_wait
2026-09-18T09:14:04.510+00:00,74.028,2447020,21787109,2447012,2447012,S,3,69212,171584,0.00,0.43524,98,futex_wait_queue
2026-09-18T09:14:04.611+00:00,74.131,2447012,21787092,2446992,2447012,S,1,2048,2904,0.00,0.01288,5,do_wait
2026-09-18T09:14:04.612+00:00,74.131,2447020,21787109,2447012,2447012,S,3,69212,171584,0.00,0.43524,98,futex_wait_queue
2026-09-18T09:14:04.714+00:00,74.233,2447012,21787092,2446992,2447012,S,1,2048,2904,0.00,0.01288,5,do_wait
2026-09-18T09:14:04.714+00:00,74.233,2447020,21787109,2447012,2447012,S,3,69212,171584,0.00,0.43524,98,futex_wait_queue
2026-09-18T09:14:04.816+00:00,74.336,2447012,21787092,2446992,2447012,S,1,2048,2904,0.00,0.01288,5,do_wait
2026-09-18T09:14:04.817+00:00,74.336,2447020,21787109,2447012,2447012,S,3,69212,171584,0.00,0.43524,98,futex_wait_queue
2026-09-18T09:14:04.919+00:00,74.438,2447012,21787092,2446992,2447012,S,1,2048,2904,0.00,0.01288,5,do_wait
2026-09-18T09:14:04.920+00:00,74.438,2447020,21787109,2447012,2447012,S,3,69212,171584,0.00,0.43524,98,futex_wait_queue
2026-09-18T09:14:05.022+00:00,74.541,2447012,21787092,2446992,2447012,S,1,2048,2904,0.00,0.01288,5,do_wait
2026-09-18T09:14:05.022+00:00,74.541,2447020,21787109,2447012,2447012,S,3,69212,171584,0.00,0.43524,98,futex_wait_queue
2026-09-18T09:14:05.125+00:00,74.643,2447012,21787092,2446992,2447012,S,1,2048,2904,0.00,0.01288,5,do_wait
2026-09-18T09:14:05.126+00:00,74.643,2447020,21787109,2447012,2447012,S,3,69212,171584,0.00,0.43524,98,futex_wait_queue
2026-09-18T09:14:05.229+00:00,74.747,2447012,21787092,2446992,2447012,S,1,2048,2904,0.00,0.01288,5,do_wait
2026-09-18T09:14:05.229+00:00,74.747,2447020,21787109,2447012,2447012,S,3,69212,171584,0.00,0.43524,98,futex_wait_queue
2026-09-18T09:14:05.331+00:00,74.851,2447012,21787092,2446992,2447012,S,1,2048,2904,0.00,0.01288,5,do_wait
2026-09-18T09:14:05.332+00:00,74.851,2447020,21787109,2447012,2447012,S,3,69212,171584,0.00,0.43524,98,futex_wait_queue
2026-09-18T09:14:05.435+00:00,74.953,2447012,21787092,2446992,2447012,S,1,2048,2904,0.00,0.01288,5,do_wait
2026-09-18T09:14:05.435+00:00,74.953,2447020,21787109,2447012,2447012,S,3,69212,171584,0.00,0.43524,98,futex_wait_queue
2026-09-18T09:14:05.538+00:00,75.056,2447012,21787092,2446992,2447012,S,1,2048,2904,0.00,0.01288,5,do_wait
2026-09-18T09:14:05.538+00:00,75.056,2447020,21787109,2447012,2447012,S,3,94812,237120,29.08,0.59623,101,futex_wait_queue
2026-09-18T09:14:05.640+00:00,75.159,2447012,21787092,2446992,2447012,S,1,2048,2904,0.00,0.01288,5,do_wait
2026-09-18T09:14:05.640+00:00,75.159,2447020,21787109,2447012,2447012,S,3,94812,237120,0.00,0.59623,101,futex_wait_queue
2026-09-18T09:14:05.742+00:00,75.262,2447012,21787092,2446992,2447012,S,1,2048,2904,0.00,0.01288,5,do_wait
2026-09-18T09:14:05.743+00:00,75.262,2447020,21787109,2447012,2447012,S,3,94812,237120,0.00,0.59623,101,futex_wait_queue
2026-09-18T09:14:05.846+00:00,75.364,2447012,21787092,2446992,2447012,S,1,2048,2904,0.00,0.01288,5,do_wait
2026-09-18T09:14:05.847+00:00,75.364,2447020,21787109,2447012,2447012,S,3,94812,237120,0.00,0.59623,101,futex_wait_queue
2026-09-18T09:14:05.949+00:00,75.468,2447012,21787092,2446992,2447012,S,1,2048,2904,0.00,0.01288,5,do_wait
2026-09-18T09:14:05.949+00:00,75.468,2447020,21787109,2447012,2447012,S,3,94812,237120,0.00,0.59623,101,futex_wait_queue
2026-09-18T09:14:06.051+00:00,75.571,2447012,21787092,2446992,2447012,S,1,2048,2904,0.00,0.01288,5,do_wait
2026-09-18T09:14:06.052+00:00,75.571,2447020,21787109,2447012,2447012,S,3,94812,237120,0.00,0.59623,101,futex_wait_queue
2026-09-18T09:14:06.154+00:00,75.673,2447012,21787092,2446992,2447012,S,1,2048,2904,0.00,0.01288,5,do_wait
2026-09-18T09:14:06.155+00:00,75.673,2447020,21787109,2447012,2447012,S,3,94812,237120,0.00,0.59623,101,futex_wait_queue
2026-09-18T09:14:06.257+00:00,75.776,2447012,21787092,2446992,2447012,S,1,2048,2904,0.00,0.01288,5,do_wait
2026-09-18T09:14:06.257+00:00,75.776,2447020,21787109,2447012,2447012,S,3,94812,237120,0.00,0.59623,101,futex_wait_queue
2026-09-18T09:14:06.359+00:00,75.879,2447012,21787092,2446992,2447012,S,1,2048,2904,0.00,0.01288,5,do_wait
2026-09-18T09:14:06.360+00:00,75.879,2447020,21787109,2447012,2447012,S,3,94812,237120,0.00,0.59623,101,futex_wait_queue
2026-09-18T09:14:06.462+00:00,75.981,2447012,21787092,2446992,2447012,S,1,2048,2904,0.00,0.01288,5,do_wait
2026-09-18T09:14:06.462+00:00,75.981,2447020,21787109,2447012,2447012,S,3,94812,237120,0.00,0.59623,101,futex_wait_queue
2026-09-18T09:14:06.565+00:00,76.084,2447012,21787092,2446992,2447012,S,1,2048,2904,0.00,0.01288,5,do_wait
2026-09-18T09:14:06.565+00:00,76.084,2447020,21787109,2447012,2447012,S,3,94812,237120,0.00,0.59623,101,futex_wait_queue
2026-09-18T09:14:06.667+00:00,76.187,2447012,21787092,2446992,2447012,S,1,2048,2904,0.00,0.01288,5,do_wait
2026-09-18T09:14:06.668+00:00,76.187,2447020,21787109,2447012,2447012,S,3,94812,237120,0.00,0.59623,101,futex_wait_queue
2026-09-18T09:14:06.770+00:00,76.289,2447012,21787092,2446992,2447012,S,1,2048,2904,0.00,0.01288,5,do_wait
2026-09-18T09:14:06.771+00:00,76.289,2447020,21787109,2447012,2447012,S,3,94812,237120,0.00,0.59623,101,futex_wait_queue
2026-09-18T09:14:06.873+00:00,76.392,2447012,21787092,2446992,2447012,S,1,2048,2904,0.00,0.01288,5,do_wait
2026-09-18T09:14:06.874+00:00,76.392,2447020,21787109,2447012,2447012,S,3,94812,237120,0.00,0.59623,101,futex_wait_queue
2026-09-18T09:14:06.976+00:00,76.495,2447012,21787092,2446992,2447012,S,1,2048,2904,0.00,0.01288,5,do_wait
2026-09-18T09:14:06.976+00:00,76.495,2447020,21787109,2447012,2447012,S,3,94812,237120,0.00,0.59623,101,futex_wait_queue
2026-09-18T09:14:07.079+00:00,76.598,2447012,21787092,2446992,2447012,S,1,2048,2904,0.00,0.01288,5,do_wait
2026-09-18T09:14:07.079+00:00,76.598,2447020,21787109,2447012,2447012,S,3,94812,237120,0.00,0.59623,101,futex_wait_queue
2026-09-18T09:14:07.181+00:00,76.700,2447012,21787092,2446992,2447012,S,1,2048,2904,0.00,0.01288,5,do_wait
2026-09-18T09:14:07.182+00:00,76.700,2447020,21787109,2447012,2447012,S,3,94812,237120,0.00,0.59623,101,futex_wait_queue
2026-09-18T09:14:07.286+00:00,76.804,2447012,21787092,2446992,2447012,S,1,2048,2904,0.00,0.01288,5,do_wait
2026-09-18T09:14:07.286+00:00,76.804,2447020,21787109,2447012,2447012,S,3,94812,237120,0.00,0.59623,101,futex_wait_queue
2026-09-18T09:14:07.388+00:00,76.908,2447012,21787092,2446992,2447012,S,1,2048,2904,0.00,0.01288,5,do_wait
2026-09-18T09:14:07.389+00:00,76.908,2447020,21787109,2447012,2447012,S,3,94812,237120,0.00,0.59623,101,futex_wait_queue
2026-09-18T09:14:07.491+00:00,77.010,2447012,21787092,2446992,2447012,S,1,2048,2904,0.00,0.01288,5,do_wait
2026-09-18T09:14:07.491+00:00,77.010,2447020,21787109,2447012,2447012,S,3,94812,237120,0.00,0.59623,101,futex_wait_queue
2026-09-18T09:14:07.593+00:00,77.112,2447012,21787092,2446992,2447012,S,1,2048,2904,0.00,0.01288,5,do_wait
2026-09-18T09:14:07.594+00:00,77.112,2447020,21787109,2447012,2447012,S,3,94812,237120,0.00,0.59623,101,futex_wait_queue
2026-09-18T09:14:07.696+00:00,77.215,2447012,21787092,2446992,2447012,S,1,2048,2904,0.00,0.01288,5,do_wait
2026-09-18T09:14:07.696+00:00,77.215,2447020,21787109,2447012,2447012,S,3,94812,237120,0.00,0.59623,101,futex_wait_queue
2026-09-18T09:14:07.798+00:00,77.318,2447012,21787092,2446992,2447012,S,1,2048,2904,0.00,0.01288,5,do_wait
2026-09-18T09:14:07.798+00:00,77.318,2447020,21787109,2447012,2447012,S,3,94812,237120,0.00,0.59623,101,futex_wait_queue
2026-09-18T09:14:07.900+00:00,77.420,2447012,21787092,2446992,2447012,S,1,2048,2904,0.00,0.01288,5,do_wait
2026-09-18T09:14:07.901+00:00,77.420,2447020,21787109,2447012,2447012,S,3,94812,237120,0.00,0.59623,101,futex_wait_queue
2026-09-18T09:14:08.002+00:00,77.522,2447012,21787092,2446992,2447012,S,1,2048,2904,0.00,0.01288,5,do_wait
2026-09-18T09:14:08.003+00:00,77.522,2447020,21787109,2447012,2447012,S,3,94812,237120,0.00,0.59623,101,futex_wait_queue
2026-09-18T09:14:08.105+00:00,77.624,2447012,21787092,2446992,2447012,S,1,2048,2904,0.00,0.01288,5,do_wait
2026-09-18T09:14:08.105+00:00,77.624,2447020,21787109,2447012,2447012,S,3,94812,237120,0.00,0.59623,101,futex_wait_queue
2026-09-18T09:14:08.207+00:00,77.726,2447012,21787092,2446992,2447012,S,1,2048,2904,0.00,0.01288,5,do_wait
2026-09-18T09:14:08.207+00:00,77.726,2447020,21787109,2447012,2447012,S,3,94812,237120,0.00,0.59623,101,futex_wait_queue
2026-09-18T09:14:08.309+00:00,77.829,2447012,21787092,2446992,2447012,S,1,2048,2904,0.00,0.01288,5,do_wait
2026-09-18T09:14:08.310+00:00,77.829,2447020,21787109,2447012,2447012,S,3,94812,237120,0.00,0.59623,101,futex_wait_queue
2026-09-18T09:14:08.411+00:00,77.931,2447012,21787092,2446992,2447012,S,1,2048,2904,0.00,0.01288,5,do_wait
2026-09-18T09:14:08.412+00:00,77.931,2447020,21787109,2447012,2447012,S,3,94812,237120,0.00,0.59623,101,futex_wait_queue
2026-09-18T09:14:08.514+00:00,78.033,2447012,21787092,2446992,2447012,S,1,2048,2904,0.00,0.01288,5,do_wait
2026-09-18T09:14:08.514+00:00,78.033,2447020,21787109,2447012,2447012,S,3,120412,237120,9.79,0.75722,102,futex_wait_queue
2026-09-18T09:14:08.616+00:00,78.135,2447012,21787092,2446992,2447012,S,1,2048,2904,0.00,0.01288,5,do_wait
2026-09-18T09:14:08.616+00:00,78.135,2447020,21787109,2447012,2447012,S,3,120412,237120,0.00,0.75722,102,futex_wait_queue
2026-09-18T09:14:08.718+00:00,78.237,2447012,21787092,2446992,2447012,S,1,2048,2904,0.00,0.01288,5,do_wait
2026-09-18T09:14:08.718+00:00,78.237,2447020,21787109,2447012,2447012,S,3,120412,237120,0.00,0.75722,102,futex_wait_queue
2026-09-18T09:14:08.820+00:00,78.340,2447012,21787092,2446992,2447012,S,1,2048,2904,0.00,0.01288,5,do_wait
2026-09-18T09:14:08.821+00:00,78.340,2447020,21787109,2447012,2447012,S,3,120412,237120,0.00,0.75722,102,futex_wait_queue
2026-09-18T09:14:08.923+00:00,78.442,2447012,21787092,2446992,2447012,S,1,2048,2904,0.00,0.01288,5,do_wait
2026-09-18T09:14:08.923+00:00,78.442,2447020,21787109,2447012,2447012,S,3,120412,237120,0.00,0.75722,102,futex_wait_queue
2026-09-18T09:14:09.025+00:00,78.544,2447012,21787092,2446992,2447012,S,1,2048,2904,0.00,0.01288,5,do_wait
2026-09-18T09:14:09.025+00:00,78.544,2447020,21787109,2447012,2447012,S,3,120412,237120,0.00,0.75722,102,futex_wait_queue
2026-09-18T09:14:09.127+00:00,78.647,2447012,21787092,2446992,2447012,S,1,2048,2904,0.00,0.01288,5,do_wait
2026-09-18T09:14:09.128+00:00,78.647,2447020,21787109,2447012,2447012,S,3,120412,237120,0.00,0.75722,102,futex_wait_queue
2026-09-18T09:14:09.230+00:00,78.749,2447012,21787092,2446992,2447012,S,1,2048,2904,0.00,0.01288,5,do_wait
2026-09-18T09:14:09.230+00:00,78.749,2447020,21787109,2447012,2447012,S,3,120412,237120,0.00,0.75722,102,futex_wait_queue
2026-09-18T09:14:09.332+00:00,78.851,2447012,21787092,2446992,2447012,S,1,2048,2904,0.00,0.01288,5,do_wait
2026-09-18T09:14:09.332+00:00,78.851,2447020,21787109,2447012,2447012,S,3,120412,237120,0.00,0.75722,102,futex_wait_queue
2026-09-18T09:14:09.434+00:00,78.954,2447012,21787092,2446992,2447012,S,1,2048,2904,0.00,0.01288,5,do_wait
2026-09-18T09:14:09.435+00:00,78.954,2447020,21787109,2447012,2447012,S,3,120412,237120,0.00,0.75722,102,futex_wait_queue
2026-09-18T09:14:09.537+00:00,79.056,2447012,21787092,2446992,2447012,S,1,2048,2904,0.00,0.01288,5,do_wait
2026-09-18T09:14:09.538+00:00,79.056,2447020,21787109,2447012,2447012,S,3,120412,237120,0.00,0.75722,102,futex_wait_queue
2026-09-18T09:14:09.639+00:00,79.159,2447012,21787092,2446992,2447012,S,1,2048,2904,0.00,0.01288,5,do_wait
2026-09-18T09:14:09.640+00:00,79.159,2447020,21787109,2447012,2447012,S,3,120412,237120,0.00,0.75722,102,futex_wait_queue
2026-09-18T09:14:09.742+00:00,79.261,2447012,21787092,2446992,2447012,S,1,2048,2904,0.00,0.01288,5,do_wait
2026-09-18T09:14:09.743+00:00,79.261,2447020,21787109,2447012,2447012,S,3,120412,237120,0.00,0.75722,102,futex_wait_queue
2026-09-18T09:14:09.845+00:00,79.364,2447012,21787092,2446992,2447012,S,1,2048,2904,0.00,0.01288,5,do_wait
2026-09-18T09:14:09.845+00:00,79.364,2447020,21787109,2447012,2447012,S,3,120412,237120,0.00,0.75722,102,futex_wait_queue
2026-09-18T09:14:09.948+00:00,79.467,2447012,21787092,2446992,2447012,S,1,2048,2904,0.00,0.01288,5,do_wait
2026-09-18T09:14:09.948+00:00,79.467,2447020,21787109,2447012,2447012,S,3,120412,237120,0.00,0.75722,102,futex_wait_queue
2026-09-18T09:14:10.050+00:00,79.569,2447012,21787092,2446992,2447012,S,1,2048,2904,0.00,0.01288,5,do_wait
2026-09-18T09:14:10.050+00:00,79.569,2447020,21787109,2447012,2447012,S,3,120412,237120,0.00,0.75722,102,futex_wait_queue
2026-09-18T09:14:10.152+00:00,79.672,2447012,21787092,2446992,2447012,S,1,2048,2904,0.00,0.01288,5,do_wait
2026-09-18T09:14:10.153+00:00,79.672,2447020,21787109,2447012,2447012,S,3,120412,237120,0.00,0.75722,102,futex_wait_queue
2026-09-18T09:14:10.255+00:00,79.774,2447012,21787092,2446992,2447012,S,1,2048,2904,0.00,0.01288,5,do_wait
2026-09-18T09:14:10.256+00:00,79.774,2447020,21787109,2447012,2447012,S,3,120412,237120,0.00,0.75722,102,futex_wait_queue
2026-09-18T09:14:10.358+00:00,79.877,2447012,21787092,2446992,2447012,S,1,2048,2904,0.00,0.01288,5,do_wait
2026-09-18T09:14:10.358+00:00,79.877,2447020,21787109,2447012,2447012,S,3,120412,237120,0.00,0.75722,102,futex_wait_queue
2026-09-18T09:14:10.460+00:00,79.979,2447012,21787092,2446992,2447012,S,1,2048,2904,0.00,0.01288,5,do_wait
2026-09-18T09:14:10.460+00:00,79.979,2447020,21787109,2447012,2447012,S,3,120412,237120,0.00,0.75722,102,futex_wait_queue
2026-09-18T09:14:10.562+00:00,80.082,2447012,21787092,2446992,2447012,S,1,2048,2904,0.00,0.01288,5,do_wait
2026-09-18T09:14:10.563+00:00,80.082,2447020,21787109,2447012,2447012,S,3,120412,237120,0.00,0.75722,102,futex_wait_queue
2026-09-18T09:14:10.665+00:00,80.184,2447012,21787092,2446992,2447012,S,1,2048,2904,0.00,0.01288,5,do_wait
2026-09-18T09:14:10.666+00:00,80.184,2447020,21787109,2447012,2447012,S,3,120412,237120,0.00,0.75722,102,futex_wait_queue
2026-09-18T09:14:10.768+00:00,80.287,2447012,21787092,2446992,2447012,S,1,2048,2904,0.00,0.01288,5,do_wait
2026-09-18T09:14:10.768+00:00,80.287,2447020,21787109,2447012,2447012,S,3,120412,237120,0.00,0.75722,102,futex_wait_queue
2026-09-18T09:14:10.870+00:00,80.390,2447012,21787092,2446992,2447012,S,1,2048,2904,0.00,0.01288,5,do_wait
2026-09-18T09:14:10.871+00:00,80.390,2447020,21787109,2447012,2447012,S,3,120412,237120,0.00,0.75722,102,futex_wait_queue
2026-09-18T09:14:10.973+00:00,80.492,2447012,21787092,2446992,2447012,S,1,2048,2904,0.00,0.01288,5,do_wait
2026-09-18T09:14:10.974+00:00,80.492,2447020,21787109,2447012,2447012,S,3,120412,237120,0.00,0.75722,102,futex_wait_queue
2026-09-18T09:14:11.076+00:00,80.595,2447012,21787092,2446992,2447012,S,1,2048,2904,0.00,0.01288,5,do_wait
2026-09-18T09:14:11.077+00:00,80.595,2447020,21787109,2447012,2447012,S,3,120412,237120,0.00,0.75722,102,futex_wait_queue
2026-09-18T09:14:11.179+00:00,80.698,2447012,21787092,2446992,2447012,S,1,2048,2904,0.00,0.01288,5,do_wait
2026-09-18T09:14:11.179+00:00,80.698,2447020,21787109,2447012,2447012,S,3,120412,237120,0.00,0.75722,102,futex_wait_queue
2026-09-18T09:14:11.281+00:00,80.800,2447012,21787092,2446992,2447012,S,1,2048,2904,0.00,0.01288,5,do_wait
2026-09-18T09:14:11.282+00:00,80.800,2447020,21787109,2447012,2447012,S,3,120412,237120,0.00,0.75722,102,futex_wait_queue
2026-09-18T09:14:11.384+00:00,80.903,2447012,21787092,2446992,2447012,S,1,2048,2904,0.00,0.01288,5,do_wait
2026-09-18T09:14:11.384+00:00,80.903,2447020,21787109,2447012,2447012,S,3,120412,237120,0.00,0.75722,102,futex_wait_queue
2026-09-18T09:14:11.487+00:00,81.006,2447012,21787092,2446992,2447012,S,1,2048,2904,0.00,0.01288,5,do_wait
2026-09-18T09:14:11.487+00:00,81.006,2447020,21787109,2447012,2447012,S,3,120412,237120,0.00,0.75722,102,futex_wait_queue
2026-09-18T09:14:11.589+00:00,81.109,2447012,21787092,2446992,2447012,S,1,2048,2904,0.00,0.01288,5,do_wait
2026-09-18T09:14:11.590+00:00,81.109,2447020,21787109,2447012,2447012,S,3,146012,302656,19.47,0.91820,104,futex_wait_queue
2026-09-18T09:14:11.692+00:00,81.211,2447012,21787092,2446992,2447012,S,1,2048,2904,0.00,0.01288,5,do_wait
2026-09-18T09:14:11.692+00:00,81.211,2447020,21787109,2447012,2447012,S,3,146012,302656,0.00,0.91820,104,futex_wait_queue
2026-09-18T09:14:11.795+00:00,81.314,2447012,21787092,2446992,2447012,S,1,2048,2904,0.00,0.01288,5,do_wait
2026-09-18T09:14:11.796+00:00,81.314,2447020,21787109,2447012,2447012,S,3,146012,302656,0.00,0.91820,104,futex_wait_queue
2026-09-18T09:14:11.898+00:00,81.417,2447012,21787092,2446992,2447012,S,1,2048,2904,0.00,0.01288,5,do_wait
2026-09-18T09:14:11.898+00:00,81.417,2447020,21787109,2447012,2447012,S,3,146012,302656,0.00,0.91820,104,futex_wait_queue
2026-09-18T09:14:12.001+00:00,81.520,2447012,21787092,2446992,2447012,S,1,2048,2904,0.00,0.01288,5,do_wait
2026-09-18T09:14:12.001+00:00,81.520,2447020,21787109,2447012,2447012,S,3,146012,302656,0.00,0.91820,104,futex_wait_queue
2026-09-18T09:14:12.104+00:00,81.623,2447012,21787092,2446992,2447012,S,1,2048,2904,0.00,0.01288,5,do_wait
2026-09-18T09:14:12.105+00:00,81.623,2447020,21787109,2447012,2447012,S,3,146012,302656,0.00,0.91820,104,futex_wait_queue
2026-09-18T09:14:12.207+00:00,81.726,2447012,21787092,2446992,2447012,S,1,2048,2904,0.00,0.01288,5,do_wait
2026-09-18T09:14:12.207+00:00,81.726,2447020,21787109,2447012,2447012,S,3,146012,302656,0.00,0.91820,104,futex_wait_queue
2026-09-18T09:14:12.309+00:00,81.828,2447012,21787092,2446992,2447012,S,1,2048,2904,0.00,0.01288,5,do_wait
2026-09-18T09:14:12.310+00:00,81.828,2447020,21787109,2447012,2447012,S,3,146012,302656,0.00,0.91820,104,futex_wait_queue
2026-09-18T09:14:12.412+00:00,81.931,2447012,21787092,2446992,2447012,S,1,2048,2904,0.00,0.01288,5,do_wait
2026-09-18T09:14:12.412+00:00,81.931,2447020,21787109,2447012,2447012,S,3,146012,302656,0.00,0.91820,104,futex_wait_queue
2026-09-18T09:14:12.514+00:00,82.034,2447012,21787092,2446992,2447012,S,1,2048,2904,0.00,0.01288,5,do_wait
2026-09-18T09:14:12.515+00:00,82.034,2447020,21787109,2447012,2447012,S,3,146012,302656,0.00,0.91820,104,futex_wait_queue
2026-09-18T09:14:12.617+00:00,82.136,2447012,21787092,2446992,2447012,S,1,2048,2904,0.00,0.01288,5,do_wait
2026-09-18T09:14:12.617+00:00,82.136,2447020,21787109,2447012,2447012,S,3,146012,302656,0.00,0.91820,104,futex_wait_queue
2026-09-18T09:14:12.720+00:00,82.239,2447012,21787092,2446992,2447012,S,1,2048,2904,0.00,0.01288,5,do_wait
2026-09-18T09:14:12.720+00:00,82.239,2447020,21787109,2447012,2447012,S,3,146012,302656,0.00,0.91820,104,futex_wait_queue
2026-09-18T09:14:12.822+00:00,82.341,2447012,21787092,2446992,2447012,S,1,2048,2904,0.00,0.01288,5,do_wait
2026-09-18T09:14:12.822+00:00,82.341,2447020,21787109,2447012,2447012,S,3,146012,302656,0.00,0.91820,104,futex_wait_queue
2026-09-18T09:14:12.925+00:00,82.444,2447012,21787092,2446992,2447012,S,1,2048,2904,0.00,0.01288,5,do_wait
2026-09-18T09:14:12.926+00:00,82.444,2447020,21787109,2447012,2447012,S,3,146012,302656,0.00,0.91820,104,futex_wait_queue
2026-09-18T09:14:13.028+00:00,82.547,2447012,21787092,2446992,2447012,S,1,2048,2904,0.00,0.01288,5,do_wait
2026-09-18T09:14:13.028+00:00,82.547,2447020,21787109,2447012,2447012,S,3,146012,302656,0.00,0.91820,104,futex_wait_queue
2026-09-18T09:14:13.130+00:00,82.650,2447012,21787092,2446992,2447012,S,1,2048,2904,0.00,0.01288,5,do_wait
2026-09-18T09:14:13.131+00:00,82.650,2447020,21787109,2447012,2447012,S,3,146012,302656,0.00,0.91820,104,futex_wait_queue
2026-09-18T09:14:13.233+00:00,82.752,2447012,21787092,2446992,2447012,S,1,2048,2904,0.00,0.01288,5,do_wait
2026-09-18T09:14:13.234+00:00,82.752,2447020,21787109,2447012,2447012,S,3,146012,302656,0.00,0.91820,104,futex_wait_queue
2026-09-18T09:14:13.336+00:00,82.855,2447012,21787092,2446992,2447012,S,1,2048,2904,0.00,0.01288,5,do_wait
2026-09-18T09:14:13.337+00:00,82.855,2447020,21787109,2447012,2447012,S,3,146012,302656,0.00,0.91820,104,futex_wait_queue
2026-09-18T09:14:13.439+00:00,82.958,2447012,21787092,2446992,2447012,S,1,2048,2904,0.00,0.01288,5,do_wait
2026-09-18T09:14:13.439+00:00,82.958,2447020,21787109,2447012,2447012,S,3,146012,302656,0.00,0.91820,104,futex_wait_queue
2026-09-18T09:14:13.542+00:00,83.061,2447012,21787092,2446992,2447012,S,1,2048,2904,0.00,0.01288,5,do_wait
2026-09-18T09:14:13.542+00:00,83.061,2447020,21787109,2447012,2447012,S,3,146012,302656,0.00,0.91820,104,futex_wait_queue
2026-09-18T09:14:13.644+00:00,83.163,2447012,21787092,2446992,2447012,S,1,2048,2904,0.00,0.01288,5,do_wait
2026-09-18T09:14:13.644+00:00,83.163,2447020,21787109,2447012,2447012,S,3,146012,302656,0.00,0.91820,104,futex_wait_queue
2026-09-18T09:14:13.746+00:00,83.266,2447012,21787092,2446992,2447012,S,1,2048,2904,0.00,0.01288,5,do_wait
2026-09-18T09:14:13.747+00:00,83.266,2447020,21787109,2447012,2447012,S,3,146012,302656,0.00,0.91820,104,futex_wait_queue
2026-09-18T09:14:13.849+00:00,83.368,2447012,21787092,2446992,2447012,S,1,2048,2904,0.00,0.01288,5,do_wait
2026-09-18T09:14:13.850+00:00,83.368,2447020,21787109,2447012,2447012,S,3,146012,302656,0.00,0.91820,104,futex_wait_queue
2026-09-18T09:14:13.952+00:00,83.471,2447012,21787092,2446992,2447012,S,1,2048,2904,0.00,0.01288,5,do_wait
2026-09-18T09:14:13.952+00:00,83.471,2447020,21787109,2447012,2447012,S,3,146012,302656,0.00,0.91820,104,futex_wait_queue
2026-09-18T09:14:14.055+00:00,83.574,2447012,21787092,2446992,2447012,S,1,2048,2904,0.00,0.01288,5,do_wait
2026-09-18T09:14:14.055+00:00,83.574,2447020,21787109,2447012,2447012,S,3,146012,302656,0.00,0.91820,104,futex_wait_queue
2026-09-18T09:14:14.157+00:00,83.677,2447012,21787092,2446992,2447012,S,1,2048,2904,0.00,0.01288,5,do_wait
2026-09-18T09:14:14.158+00:00,83.677,2447020,21787109,2447012,2447012,S,3,146012,302656,0.00,0.91820,104,futex_wait_queue
2026-09-18T09:14:14.260+00:00,83.779,2447012,21787092,2446992,2447012,S,1,2048,2904,0.00,0.01288,5,do_wait
2026-09-18T09:14:14.260+00:00,83.779,2447020,21787109,2447012,2447012,S,3,146012,302656,0.00,0.91820,104,futex_wait_queue
2026-09-18T09:14:14.362+00:00,83.881,2447012,21787092,2446992,2447012,S,1,2048,2904,0.00,0.01288,5,do_wait
2026-09-18T09:14:14.363+00:00,83.881,2447020,21787109,2447012,2447012,S,3,146012,302656,0.00,0.91820,104,futex_wait_queue
2026-09-18T09:14:14.465+00:00,83.984,2447012,21787092,2446992,2447012,S,1,2048,2904,0.00,0.01288,5,do_wait
2026-09-18T09:14:14.465+00:00,83.984,2447020,21787109,2447012,2447012,S,3,146012,302656,0.00,0.91820,104,futex_wait_queue
2026-09-18T09:14:14.568+00:00,84.087,2447012,21787092,2446992,2447012,S,1,2048,2904,0.00,0.01288,5,do_wait
2026-09-18T09:14:14.568+00:00,84.087,2447020,21787109,2447012,2447012,S,3,171612,302656,9.72,1.07919,105,futex_wait_queue
2026-09-18T09:14:14.670+00:00,84.189,2447012,21787092,2446992,2447012,S,1,2048,2904,0.00,0.01288,5,do_wait
2026-09-18T09:14:14.671+00:00,84.189,2447020,21787109,2447012,2447012,S,3,171612,302656,0.00,1.07919,105,futex_wait_queue
2026-09-18T09:14:14.772+00:00,84.292,2447012,21787092,2446992,2447012,S,1,2048,2904,0.00,0.01288,5,do_wait
2026-09-18T09:14:14.773+00:00,84.292,2447020,21787109,2447012,2447012,S,3,171612,302656,9.74,1.07919,106,futex_wait_queue
2026-09-18T09:14:14.874+00:00,84.394,2447012,21787092,2446992,2447012,S,1,2048,2904,0.00,0.01288,5,do_wait
2026-09-18T09:14:14.875+00:00,84.394,2447020,21787109,2447012,2447012,S,3,171612,302656,9.81,1.07919,107,futex_wait_queue
2026-09-18T09:14:14.977+00:00,84.496,2447012,21787092,2446992,2447012,S,1,2048,2904,0.00,0.01288,5,do_wait
2026-09-18T09:14:14.977+00:00,84.496,2447020,21787109,2447012,2447012,S,3,171612,302656,0.00,1.07919,107,futex_wait_queue
2026-09-18T09:14:15.079+00:00,84.598,2447012,21787092,2446992,2447012,S,1,2048,2904,0.00,0.01288,5,do_wait
2026-09-18T09:14:15.079+00:00,84.598,2447020,21787109,2447012,2447012,S,3,171612,302656,0.00,1.07919,107,futex_wait_queue
2026-09-18T09:14:15.180+00:00,84.700,2447012,21787092,2446992,2447012,S,1,2048,2904,0.00,0.01288,5,do_wait
2026-09-18T09:14:15.181+00:00,84.700,2447020,21787109,2447012,2447012,S,3,171612,302656,0.00,1.07919,107,futex_wait_queue
2026-09-18T09:14:15.283+00:00,84.802,2447012,21787092,2446992,2447012,S,1,2048,2904,0.00,0.01288,5,do_wait
2026-09-18T09:14:15.284+00:00,84.802,2447020,21787109,2447012,2447012,S,3,171612,302656,0.00,1.07919,107,futex_wait_queue
2026-09-18T09:14:15.386+00:00,84.905,2447012,21787092,2446992,2447012,S,1,2048,2904,0.00,0.01288,5,do_wait
2026-09-18T09:14:15.386+00:00,84.905,2447020,21787109,2447012,2447012,S,3,171612,302656,0.00,1.07919,107,futex_wait_queue
2026-09-18T09:14:15.488+00:00,85.007,2447012,21787092,2446992,2447012,S,1,2048,2904,0.00,0.01288,5,do_wait
2026-09-18T09:14:15.489+00:00,85.007,2447020,21787109,2447012,2447012,S,3,171612,302656,0.00,1.07919,107,futex_wait_queue
2026-09-18T09:14:15.590+00:00,85.110,2447012,21787092,2446992,2447012,S,1,2048,2904,0.00,0.01288,5,do_wait
2026-09-18T09:14:15.591+00:00,85.110,2447020,21787109,2447012,2447012,S,3,171612,302656,0.00,1.07919,107,futex_wait_queue
2026-09-18T09:14:15.693+00:00,85.212,2447012,21787092,2446992,2447012,S,1,2048,2904,0.00,0.01288,5,do_wait
2026-09-18T09:14:15.693+00:00,85.212,2447020,21787109,2447012,2447012,S,3,171612,302656,0.00,1.07919,107,futex_wait_queue
2026-09-18T09:14:15.795+00:00,85.315,2447012,21787092,2446992,2447012,S,1,2048,2904,0.00,0.01288,5,do_wait
2026-09-18T09:14:15.796+00:00,85.315,2447020,21787109,2447012,2447012,S,3,171612,302656,0.00,1.07919,107,futex_wait_queue
2026-09-18T09:14:15.897+00:00,85.417,2447012,21787092,2446992,2447012,S,1,2048,2904,0.00,0.01288,5,do_wait
2026-09-18T09:14:15.898+00:00,85.417,2447020,21787109,2447012,2447012,S,3,171612,302656,0.00,1.07919,107,futex_wait_queue
2026-09-18T09:14:16.000+00:00,85.519,2447012,21787092,2446992,2447012,S,1,2048,2904,0.00,0.01288,5,do_wait
2026-09-18T09:14:16.001+00:00,85.519,2447020,21787109,2447012,2447012,S,3,171612,302656,0.00,1.07919,107,futex_wait_queue
2026-09-18T09:14:16.105+00:00,85.623,2447012,21787092,2446992,2447012,S,1,2048,2904,0.00,0.01288,5,do_wait
2026-09-18T09:14:16.106+00:00,85.623,2447020,21787109,2447012,2447012,S,3,171612,302656,0.00,1.07919,107,futex_wait_queue
2026-09-18T09:14:16.208+00:00,85.727,2447012,21787092,2446992,2447012,S,1,2048,2904,0.00,0.01288,5,do_wait
2026-09-18T09:14:16.208+00:00,85.727,2447020,21787109,2447012,2447012,S,3,171612,302656,0.00,1.07919,107,futex_wait_queue
2026-09-18T09:14:16.310+00:00,85.830,2447012,21787092,2446992,2447012,S,1,2048,2904,0.00,0.01288,5,do_wait
2026-09-18T09:14:16.311+00:00,85.830,2447020,21787109,2447012,2447012,S,3,171612,302656,0.00,1.07919,107,futex_wait_queue
2026-09-18T09:14:16.413+00:00,85.932,2447012,21787092,2446992,2447012,S,1,2048,2904,0.00,0.01288,5,do_wait
2026-09-18T09:14:16.413+00:00,85.932,2447020,21787109,2447012,2447012,S,3,171612,302656,0.00,1.07919,107,futex_wait_queue
2026-09-18T09:14:16.515+00:00,86.034,2447012,21787092,2446992,2447012,S,1,2048,2904,0.00,0.01288,5,do_wait
2026-09-18T09:14:16.516+00:00,86.034,2447020,21787109,2447012,2447012,S,3,171612,302656,0.00,1.07919,107,futex_wait_queue
2026-09-18T09:14:16.618+00:00,86.137,2447012,21787092,2446992,2447012,S,1,2048,2904,0.00,0.01288,5,do_wait
2026-09-18T09:14:16.619+00:00,86.137,2447020,21787109,2447012,2447012,S,3,171612,302656,0.00,1.07919,107,futex_wait_queue
2026-09-18T09:14:16.721+00:00,86.240,2447012,21787092,2446992,2447012,S,1,2048,2904,0.00,0.01288,5,do_wait
2026-09-18T09:14:16.721+00:00,86.240,2447020,21787109,2447012,2447012,S,3,171612,302656,0.00,1.07919,107,futex_wait_queue
2026-09-18T09:14:16.824+00:00,86.343,2447012,21787092,2446992,2447012,S,1,2048,2904,0.00,0.01288,5,do_wait
2026-09-18T09:14:16.824+00:00,86.343,2447020,21787109,2447012,2447012,S,3,171612,302656,0.00,1.07919,107,futex_wait_queue
2026-09-18T09:14:16.926+00:00,86.446,2447012,21787092,2446992,2447012,S,1,2048,2904,0.00,0.01288,5,do_wait
2026-09-18T09:14:16.927+00:00,86.446,2447020,21787109,2447012,2447012,S,3,171612,302656,0.00,1.07919,107,futex_wait_queue
2026-09-18T09:14:17.029+00:00,86.549,2447012,21787092,2446992,2447012,S,1,2048,2904,0.00,0.01288,5,do_wait
2026-09-18T09:14:17.030+00:00,86.549,2447020,21787109,2447012,2447012,S,3,171612,302656,0.00,1.07919,107,futex_wait_queue
2026-09-18T09:14:17.132+00:00,86.651,2447012,21787092,2446992,2447012,S,1,2048,2904,0.00,0.01288,5,do_wait
2026-09-18T09:14:17.132+00:00,86.651,2447020,21787109,2447012,2447012,S,3,171612,302656,0.00,1.07919,107,futex_wait_queue
2026-09-18T09:14:17.234+00:00,86.753,2447012,21787092,2446992,2447012,S,1,2048,2904,0.00,0.01288,5,do_wait
2026-09-18T09:14:17.235+00:00,86.753,2447020,21787109,2447012,2447012,S,3,171612,302656,0.00,1.07919,107,futex_wait_queue
2026-09-18T09:14:17.338+00:00,86.856,2447012,21787092,2446992,2447012,S,1,2048,2904,0.00,0.01288,5,do_wait
2026-09-18T09:14:17.338+00:00,86.856,2447020,21787109,2447012,2447012,S,3,171612,302656,0.00,1.07919,107,futex_wait_queue
2026-09-18T09:14:17.440+00:00,86.959,2447012,21787092,2446992,2447012,S,1,2048,2904,0.00,0.01288,5,do_wait
2026-09-18T09:14:17.441+00:00,86.959,2447020,21787109,2447012,2447012,S,3,171612,302656,0.00,1.07919,107,futex_wait_queue
2026-09-18T09:14:17.542+00:00,87.062,2447012,21787092,2446992,2447012,S,1,2048,2904,0.00,0.01288,5,do_wait
2026-09-18T09:14:17.543+00:00,87.062,2447020,21787109,2447012,2447012,S,3,171612,302656,0.00,1.07919,107,futex_wait_queue
2026-09-18T09:14:17.645+00:00,87.164,2447012,21787092,2446992,2447012,S,1,2048,2904,0.00,0.01288,5,do_wait
2026-09-18T09:14:17.646+00:00,87.164,2447020,21787109,2447012,2447012,S,3,197212,368192,19.55,1.24018,109,futex_wait_queue
2026-09-18T09:14:17.748+00:00,87.268,2447012,21787092,2446992,2447012,S,1,2048,2904,0.00,0.01288,5,do_wait
2026-09-18T09:14:17.749+00:00,87.268,2447020,21787109,2447012,2447012,S,3,197212,368192,0.00,1.24018,109,futex_wait_queue
2026-09-18T09:14:17.851+00:00,87.370,2447012,21787092,2446992,2447012,S,1,2048,2904,0.00,0.01288,5,do_wait
2026-09-18T09:14:17.851+00:00,87.370,2447020,21787109,2447012,2447012,S,3,197212,368192,0.00,1.24018,109,futex_wait_queue
2026-09-18T09:14:17.954+00:00,87.473,2447012,21787092,2446992,2447012,S,1,2048,2904,0.00,0.01288,5,do_wait
2026-09-18T09:14:17.955+00:00,87.473,2447020,21787109,2447012,2447012,S,3,197212,368192,19.50,1.24018,111,futex_wait_queue
2026-09-18T09:14:18.057+00:00,87.576,2447012,21787092,2446992,2447012,S,1,2048,2904,0.00,0.01288,5,do_wait
2026-09-18T09:14:18.057+00:00,87.576,2447020,21787109,2447012,2447012,S,3,197212,368192,0.00,1.24018,111,futex_wait_queue
2026-09-18T09:14:18.160+00:00,87.679,2447012,21787092,2446992,2447012,S,1,2048,2904,0.00,0.01288,5,do_wait
2026-09-18T09:14:18.160+00:00,87.679,2447020,21787109,2447012,2447012,S,3,197212,368192,0.00,1.24018,111,futex_wait_queue
2026-09-18T09:14:18.262+00:00,87.782,2447012,21787092,2446992,2447012,S,1,2048,2904,0.00,0.01288,5,do_wait
2026-09-18T09:14:18.263+00:00,87.782,2447020,21787109,2447012,2447012,S,3,197212,368192,0.00,1.24018,111,futex_wait_queue
2026-09-18T09:14:18.365+00:00,87.884,2447012,21787092,2446992,2447012,S,1,2048,2904,0.00,0.01288,5,do_wait
2026-09-18T09:14:18.366+00:00,87.884,2447020,21787109,2447012,2447012,S,3,197212,368192,0.00,1.24018,111,futex_wait_queue
2026-09-18T09:14:18.468+00:00,87.987,2447012,21787092,2446992,2447012,S,1,2048,2904,0.00,0.01288,5,do_wait
2026-09-18T09:14:18.468+00:00,87.987,2447020,21787109,2447012,2447012,S,3,197212,368192,0.00,1.24018,111,futex_wait_queue
2026-09-18T09:14:18.570+00:00,88.090,2447012,21787092,2446992,2447012,S,1,2048,2904,0.00,0.01288,5,do_wait
2026-09-18T09:14:18.571+00:00,88.090,2447020,21787109,2447012,2447012,S,3,197212,368192,0.00,1.24018,111,futex_wait_queue
2026-09-18T09:14:18.673+00:00,88.192,2447012,21787092,2446992,2447012,S,1,2048,2904,0.00,0.01288,5,do_wait
2026-09-18T09:14:18.674+00:00,88.192,2447020,21787109,2447012,2447012,S,3,197212,368192,0.00,1.24018,111,futex_wait_queue
2026-09-18T09:14:18.776+00:00,88.295,2447012,21787092,2446992,2447012,S,1,2048,2904,0.00,0.01288,5,do_wait
2026-09-18T09:14:18.777+00:00,88.295,2447020,21787109,2447012,2447012,S,3,197212,368192,0.00,1.24018,111,futex_wait_queue
2026-09-18T09:14:18.879+00:00,88.398,2447012,21787092,2446992,2447012,S,1,2048,2904,0.00,0.01288,5,do_wait
2026-09-18T09:14:18.879+00:00,88.398,2447020,21787109,2447012,2447012,S,3,197212,368192,0.00,1.24018,111,futex_wait_queue
2026-09-18T09:14:18.981+00:00,88.501,2447012,21787092,2446992,2447012,S,1,2048,2904,0.00,0.01288,5,do_wait
2026-09-18T09:14:18.982+00:00,88.501,2447020,21787109,2447012,2447012,S,3,197212,368192,0.00,1.24018,111,futex_wait_queue
2026-09-18T09:14:19.084+00:00,88.603,2447012,21787092,2446992,2447012,S,1,2048,2904,0.00,0.01288,5,do_wait
2026-09-18T09:14:19.084+00:00,88.603,2447020,21787109,2447012,2447012,S,3,197212,368192,0.00,1.24018,111,futex_wait_queue
2026-09-18T09:14:19.186+00:00,88.706,2447012,21787092,2446992,2447012,S,1,2048,2904,0.00,0.01288,5,do_wait
2026-09-18T09:14:19.187+00:00,88.706,2447020,21787109,2447012,2447012,S,3,197212,368192,0.00,1.24018,111,futex_wait_queue
2026-09-18T09:14:19.289+00:00,88.808,2447012,21787092,2446992,2447012,S,1,2048,2904,0.00,0.01288,5,do_wait
2026-09-18T09:14:19.290+00:00,88.808,2447020,21787109,2447012,2447012,S,3,197212,368192,0.00,1.24018,111,futex_wait_queue
2026-09-18T09:14:19.392+00:00,88.911,2447012,21787092,2446992,2447012,S,1,2048,2904,0.00,0.01288,5,do_wait
2026-09-18T09:14:19.392+00:00,88.911,2447020,21787109,2447012,2447012,S,3,197212,368192,0.00,1.24018,111,futex_wait_queue
2026-09-18T09:14:19.494+00:00,89.013,2447012,21787092,2446992,2447012,S,1,2048,2904,0.00,0.01288,5,do_wait
2026-09-18T09:14:19.495+00:00,89.013,2447020,21787109,2447012,2447012,S,3,197212,368192,0.00,1.24018,111,futex_wait_queue
2026-09-18T09:14:19.597+00:00,89.116,2447012,21787092,2446992,2447012,S,1,2048,2904,0.00,0.01288,5,do_wait
2026-09-18T09:14:19.597+00:00,89.116,2447020,21787109,2447012,2447012,S,3,197212,368192,0.00,1.24018,111,futex_wait_queue
2026-09-18T09:14:19.699+00:00,89.219,2447012,21787092,2446992,2447012,S,1,2048,2904,0.00,0.01288,5,do_wait
2026-09-18T09:14:19.700+00:00,89.219,2447020,21787109,2447012,2447012,S,3,197212,368192,0.00,1.24018,111,futex_wait_queue
2026-09-18T09:14:19.802+00:00,89.321,2447012,21787092,2446992,2447012,S,1,2048,2904,0.00,0.01288,5,do_wait
2026-09-18T09:14:19.802+00:00,89.321,2447020,21787109,2447012,2447012,S,3,197212,368192,0.00,1.24018,111,futex_wait_queue
2026-09-18T09:14:19.905+00:00,89.424,2447012,21787092,2446992,2447012,S,1,2048,2904,0.00,0.01288,5,do_wait
2026-09-18T09:14:19.906+00:00,89.424,2447020,21787109,2447012,2447012,S,3,197212,368192,0.00,1.24018,111,futex_wait_queue
2026-09-18T09:14:20.008+00:00,89.527,2447012,21787092,2446992,2447012,S,1,2048,2904,0.00,0.01288,5,do_wait
2026-09-18T09:14:20.008+00:00,89.527,2447020,21787109,2447012,2447012,S,3,197212,368192,0.00,1.24018,111,futex_wait_queue
2026-09-18T09:14:20.110+00:00,89.630,2447012,21787092,2446992,2447012,S,1,2048,2904,0.00,0.01288,5,do_wait
2026-09-18T09:14:20.111+00:00,89.630,2447020,21787109,2447012,2447012,S,3,197212,368192,0.00,1.24018,111,futex_wait_queue
2026-09-18T09:14:20.213+00:00,89.732,2447012,21787092,2446992,2447012,S,1,2048,2904,0.00,0.01288,5,do_wait
2026-09-18T09:14:20.214+00:00,89.732,2447020,21787109,2447012,2447012,S,3,197212,368192,0.00,1.24018,111,futex_wait_queue
2026-09-18T09:14:20.316+00:00,89.835,2447012,21787092,2446992,2447012,S,1,2048,2904,0.00,0.01288,5,do_wait
2026-09-18T09:14:20.316+00:00,89.835,2447020,21787109,2447012,2447012,S,3,197212,368192,0.00,1.24018,111,futex_wait_queue
2026-09-18T09:14:20.418+00:00,89.938,2447012,21787092,2446992,2447012,S,1,2048,2904,0.00,0.01288,5,do_wait
2026-09-18T09:14:20.419+00:00,89.938,2447020,21787109,2447012,2447012,S,3,197212,368192,0.00,1.24018,111,futex_wait_queue
2026-09-18T09:14:20.521+00:00,90.040,2447012,21787092,2446992,2447012,S,1,2048,2904,0.00,0.01288,5,do_wait
2026-09-18T09:14:20.521+00:00,90.040,2447020,21787109,2447012,2447012,S,3,197212,368192,0.00,1.24018,111,futex_wait_queue
2026-09-18T09:14:20.624+00:00,90.143,2447012,21787092,2446992,2447012,S,1,2048,2904,0.00,0.01288,5,do_wait
2026-09-18T09:14:20.624+00:00,90.143,2447020,21787109,2447012,2447012,S,3,222812,368192,9.74,1.40117,112,futex_wait_queue
