[2026-09-18T09:12:50.483+00:00] PID:2447012 CPU:NA% RSS_KIB:1920 MEM:0.01207% STATE:R THREADS:1 WCHAN:p9_client_rpc
[2026-09-18T09:12:50.586+00:00] PID:2447012 CPU:39.29% RSS_KIB:2048 MEM:0.01288% STATE:S THREADS:1 WCHAN:do_wait
[2026-09-18T09:12:50.587+00:00] PID:2447020 CPU:NA% RSS_KIB:1792 MEM:0.01127% STATE:R THREADS:1 WCHAN:0
[2026-09-18T09:12:50.689+00:00] PID:2447012 CPU:0.00% RSS_KIB:2048 MEM:0.01288% STATE:S THREADS:1 WCHAN:do_wait
[2026-09-18T09:12:50.690+00:00] PID:2447020 CPU:29.01% RSS_KIB:17920 MEM:0.11269% STATE:S THREADS:1 WCHAN:do_select
[2026-09-18T09:12:50.791+00:00] PID:2447012 CPU:0.00% RSS_KIB:2048 MEM:0.01288% STATE:S THREADS:1 WCHAN:do_wait
[2026-09-18T09:12:50.792+00:00] PID:2447020 CPU:0.00% RSS_KIB:17920 MEM:0.11269% STATE:S THREADS:1 WCHAN:do_select
[2026-09-18T09:12:50.894+00:00] PID:2447012 CPU:0.00% RSS_KIB:2048 MEM:0.01288% STATE:S THREADS:1 WCHAN:do_wait
[2026-09-18T09:12:50.895+00:00] PID:2447020 CPU:0.00% RSS_KIB:17920 MEM:0.11269% STATE:S THREADS:1 WCHAN:do_select
[2026-09-18T09:12:50.997+00:00] PID:2447012 CPU:0.00% RSS_KIB:2048 MEM:0.01288% STATE:S THREADS:1 WCHAN:do_wait
[2026-09-18T09:12:50.998+00:00] PID:2447020 CPU:0.00% RSS_KIB:17920 MEM:0.11269% STATE:S THREADS:1 WCHAN:do_select
[2026-09-18T09:12:51.100+00:00] PID:2447012 CPU:0.00% RSS_KIB:2048 MEM:0.01288% STATE:S THREADS:1 WCHAN:do_wait
[2026-09-18T09:12:51.100+00:00] PID:2447020 CPU:0.00% RSS_KIB:17920 MEM:0.11269% STATE:S THREADS:1 WCHAN:do_select
[2026-09-18T09:12:51.203+00:00] PID:2447012 CPU:0.00% RSS_KIB:2048 MEM:0.01288% STATE:S THREADS:1 WCHAN:do_wait
[2026-09-18T09:12:51.204+00:00] PID:2447020 CPU:0.00% RSS_KIB:17920 MEM:0.11269% STATE:S THREADS:1 WCHAN:do_select
[2026-09-18T09:12:51.306+00:00] PID:2447012 CPU:0.00% RSS_KIB:2048 MEM:0.01288% STATE:S THREADS:1 WCHAN:do_wait
[2026-09-18T09:12:51.306+00:00] PID:2447020 CPU:0.00% RSS_KIB:17920 MEM:0.11269% STATE:S THREADS:1 WCHAN:do_select
[2026-09-18T09:12:51.408+00:00] PID:2447012 CPU:0.00% RSS_KIB:2048 MEM:0.01288% STATE:S THREADS:1 WCHAN:do_wait
[2026-09-18T09:12:51.409+00:00] PID:2447020 CPU:0.00% RSS_KIB:17920 MEM:0.11269% STATE:S THREADS:1 WCHAN:do_select
[2026-09-18T09:12:51.511+00:00] PID:2447012 CPU:0.00% RSS_KIB:2048 MEM:0.01288% STATE:S THREADS:1 WCHAN:do_wait
[2026-09-18T09:12:51.511+00:00] PID:2447020 CPU:0.00% RSS_KIB:17920 MEM:0.11269% STATE:S THREADS:1 WCHAN:do_select
[2026-09-18T09:12:51.613+00:00] PID:2447012 CPU:0.00% RSS_KIB:2048 MEM:0.01288% STATE:S THREADS:1 WCHAN:do_wait
[2026-09-18T09:12:51.614+00:00] PID:2447020 CPU:0.00% RSS_KIB:17920 MEM:0.11269% STATE:S THREADS:1 WCHAN:do_select
[2026-09-18T09:12:51.716+00:00] PID:2447012 CPU:0.00% RSS_KIB:2048 MEM:0.01288% STATE:S THREADS:1 WCHAN:do_wait
[2026-09-18T09:12:51.717+00:00] PID:2447020 CPU:0.00% RSS_KIB:17920 MEM:0.11269% STATE:S THREADS:1 WCHAN:do_select
[2026-09-18T09:12:51.819+00:00] PID:2447012 CPU:0.00% RSS_KIB:2048 MEM:0.01288% STATE:S THREADS:1 WCHAN:do_wait
[2026-09-18T09:12:51.819+00:00] PID:2447020 CPU:0.00% RSS_KIB:17920 MEM:0.11269% STATE:S THREADS:1 WCHAN:do_select
[2026-09-18T09:12:51.922+00:00] PID:2447012 CPU:0.00% RSS_KIB:2048 MEM:0.01288% STATE:S THREADS:1 WCHAN:do_wait
[2026-09-18T09:12:51.922+00:00] PID:2447020 CPU:0.00% RSS_KIB:17920 MEM:0.11269% STATE:S THREADS:1 WCHAN:do_select
[2026-09-18T09:12:52.025+00:00] PID:2447012 CPU:0.00% RSS_KIB:2048 MEM:0.01288% STATE:S THREADS:1 WCHAN:do_wait
[2026-09-18T09:12:52.025+00:00] PID:2447020 CPU:0.00% RSS_KIB:17920 MEM:0.11269% STATE:S THREADS:1 WCHAN:do_select
[2026-09-18T09:12:52.127+00:00] PID:2447012 CPU:0.00% RSS_KIB:2048 MEM:0.01288% STATE:S THREADS:1 WCHAN:do_wait
[2026-09-18T09:12:52.128+00:00] PID:2447020 CPU:0.00% RSS_KIB:17920 MEM:0.11269% STATE:S THREADS:1 WCHAN:do_select
[2026-09-18T09:12:52.230+00:00] PID:2447012 CPU:0.00% RSS_KIB:2048 MEM:0.01288% STATE:S THREADS:1 WCHAN:do_wait
[2026-09-18T09:12:52.230+00:00] PID:2447020 CPU:0.00% RSS_KIB:17920 MEM:0.11269% STATE:S THREADS:1 WCHAN:do_select
[2026-09-18T09:12:52.333+00:00] PID:2447012 CPU:0.00% RSS_KIB:2048 MEM:0.01288% STATE:S THREADS:1 WCHAN:do_wait
[2026-09-18T09:12:52.334+00:00] PID:2447020 CPU:0.00% RSS_KIB:17920 MEM:0.11269% STATE:S THREADS:1 WCHAN:do_select
[2026-09-18T09:12:52.437+00:00] PID:2447012 CPU:0.00% RSS_KIB:2048 MEM:0.01288% STATE:S THREADS:1 WCHAN:do_wait
[2026-09-18T09:12:52.437+00:00] PID:2447020 CPU:0.00% RSS_KIB:17920 MEM:0.11269% STATE:S THREADS:1 WCHAN:do_select
[2026-09-18T09:12:52.539+00:00] PID:2447012 CPU:0.00% RSS_KIB:2048 MEM:0.01288% STATE:S THREADS:1 WCHAN:do_wait
[2026-09-18T09:12:52.540+00:00] PID:2447020 CPU:0.00% RSS_KIB:17920 MEM:0.11269% STATE:S THREADS:1 WCHAN:do_select
[2026-09-18T09:12:52.642+00:00] PID:2447012 CPU:0.00% RSS_KIB:2048 MEM:0.01288% STATE:S THREADS:1 WCHAN:do_wait
[2026-09-18T09:12:52.642+00:00] PID:2447020 CPU:0.00% RSS_KIB:17920 MEM:0.11269% STATE:S THREADS:1 WCHAN:do_select
[2026-09-18T09:12:52.744+00:00] PID:2447012 CPU:0.00% RSS_KIB:2048 MEM:0.01288% STATE:S THREADS:1 WCHAN:do_wait
[2026-09-18T09:12:52.745+00:00] PID:2447020 CPU:0.00% RSS_KIB:17920 MEM:0.11269% STATE:S THREADS:1 WCHAN:do_select
[2026-09-18T09:12:52.847+00:00] PID:2447012 CPU:0.00% RSS_KIB:2048 MEM:0.01288% STATE:S THREADS:1 WCHAN:do_wait
[2026-09-18T09:12:52.847+00:00] PID:2447020 CPU:0.00% RSS_KIB:17920 MEM:0.11269% STATE:S THREADS:1 WCHAN:do_select
[2026-09-18T09:12:52.950+00:00] PID:2447012 CPU:0.00% RSS_KIB:2048 MEM:0.01288% STATE:S THREADS:1 WCHAN:do_wait
[2026-09-18T09:12:52.950+00:00] PID:2447020 CPU:0.00% RSS_KIB:17920 MEM:0.11269% STATE:S THREADS:1 WCHAN:do_select
[2026-09-18T09:12:53.053+00:00] PID:2447012 CPU:0.00% RSS_KIB:2048 MEM:0.01288% STATE:S THREADS:1 WCHAN:do_wait
[2026-09-18T09:12:53.054+00:00] PID:2447020 CPU:0.00% RSS_KIB:17920 MEM:0.11269% STATE:S THREADS:1 WCHAN:do_select
[2026-09-18T09:12:53.156+00:00] PID:2447012 CPU:0.00% RSS_KIB:2048 MEM:0.01288% STATE:S THREADS:1 WCHAN:do_wait
[2026-09-18T09:12:53.156+00:00] PID:2447020 CPU:0.00% RSS_KIB:17920 MEM:0.11269% STATE:S THREADS:1 WCHAN:do_select
[2026-09-18T09:12:53.258+00:00] PID:2447012 CPU:0.00% RSS_KIB:2048 MEM:0.01288% STATE:S THREADS:1 WCHAN:do_wait
[2026-09-18T09:12:53.258+00:00] PID:2447020 CPU:9.77% RSS_KIB:17920 MEM:0.11269% STATE:S THREADS:1 WCHAN:do_select
[2026-09-18T09:12:53.360+00:00] PID:2447012 CPU:0.00% RSS_KIB:2048 MEM:0.01288% STATE:S THREADS:1 WCHAN:do_wait
[2026-09-18T09:12:53.361+00:00] PID:2447020 CPU:0.00% RSS_KIB:17920 MEM:0.11269% STATE:S THREADS:1 WCHAN:do_select
[2026-09-18T09:12:53.463+00:00] PID:2447012 CPU:0.00% RSS_KIB:2048 MEM:0.01288% STATE:S THREADS:1 WCHAN:do_wait
[2026-09-18T09:12:53.463+00:00] PID:2447020 CPU:0.00% RSS_KIB:17920 MEM:0.11269% STATE:S THREADS:1 WCHAN:do_select
[2026-09-18T09:12:53.565+00:00] PID:2447012 CPU:0.00% RSS_KIB:2048 MEM:0.01288% STATE:S THREADS:1 WCHAN:do_wait
[2026-09-18T09:12:53.566+00:00] PID:2447020 CPU:0.00% RSS_KIB:17920 MEM:0.11269% STATE:S THREADS:1 WCHAN:do_select
[2026-09-18T09:12:53.668+00:00] PID:2447012 CPU:0.00% RSS_KIB:2048 MEM:0.01288% STATE:S THREADS:1 WCHAN:do_wait
[2026-09-18T09:12:53.668+00:00] PID:2447020 CPU:0.00% RSS_KIB:17920 MEM:0.11269% STATE:S THREADS:1 WCHAN:do_select
[2026-09-18T09:12:53.771+00:00] PID:2447012 CPU:0.00% RSS_KIB:2048 MEM:0.01288% STATE:S THREADS:1 WCHAN:do_wait
[2026-09-18T09:12:53.771+00:00] PID:2447020 CPU:9.76% RSS_KIB:39040 MEM:0.24551% STATE:S THREADS:2 WCHAN:futex_wait_queue
[2026-09-18T09:12:53.873+00:00] PID:2447012 CPU:0.00% RSS_KIB:2048 MEM:0.01288% STATE:S THREADS:1 WCHAN:do_wait
[2026-09-18T09:12:53.874+00:00] PID:2447020 CPU:19.43% RSS_KIB:43648 MEM:0.27448% STATE:S THREADS:3 WCHAN:futex_wait_queue
[2026-09-18T09:12:53.976+00:00] PID:2447012 CPU:0.00% RSS_KIB:2048 MEM:0.01288% STATE:S THREADS:1 WCHAN:do_wait
[2026-09-18T09:12:53.976+00:00] PID:2447020 CPU:0.00% RSS_KIB:43648 MEM:0.27448% STATE:S THREADS:3 WCHAN:futex_wait_queue
[2026-09-18T09:12:54.078+00:00] PID:2447012 CPU:0.00% RSS_KIB:2048 MEM:0.01288% STATE:S THREADS:1 WCHAN:do_wait
[2026-09-18T09:12:54.079+00:00] PID:2447020 CPU:0.00% RSS_KIB:43648 MEM:0.27448% STATE:S THREADS:3 WCHAN:futex_wait_queue
[2026-09-18T09:12:54.181+00:00] PID:2447012 CPU:0.00% RSS_KIB:2048 MEM:0.01288% STATE:S THREADS:1 WCHAN:do_wait
[2026-09-18T09:12:54.182+00:00] PID:2447020 CPU:0.00% RSS_KIB:43648 MEM:0.27448% STATE:S THREADS:3 WCHAN:futex_wait_queue
[2026-09-18T09:12:54.284+00:00] PID:2447012 CPU:0.00% RSS_KIB:2048 MEM:0.01288% STATE:S THREADS:1 WCHAN:do_wait
[2026-09-18T09:12:54.284+00:00] PID:2447020 CPU:0.00% RSS_KIB:43648 MEM:0.27448% STATE:S THREADS:3 WCHAN:futex_wait_queue
[2026-09-18T09:12:54.387+00:00] PID:2447012 CPU:0.00% RSS_KIB:2048 MEM:0.01288% STATE:S THREADS:1 WCHAN:do_wait
[2026-09-18T09:12:54.387+00:00] PID:2447020 CPU:0.00% RSS_KIB:43648 MEM:0.27448% STATE:S THREADS:3 WCHAN:futex_wait_queue
[2026-09-18T09:12:54.490+00:00] PID:2447012 CPU:0.00% RSS_KIB:2048 MEM:0.01288% STATE:S THREADS:1 WCHAN:do_wait
[2026-09-18T09:12:54.491+00:00] PID:2447020 CPU:0.00% RSS_KIB:43648 MEM:0.27448% STATE:S THREADS:3 WCHAN:futex_wait_queue
[2026-09-18T09:12:54.593+00:00] PID:2447012 CPU:0.00% RSS_KIB:2048 MEM:0.01288% STATE:S THREADS:1 WCHAN:do_wait
[2026-09-18T09:12:54.593+00:00] PID:2447020 CPU:0.00% RSS_KIB:43648 MEM:0.27448% STATE:S THREADS:3 WCHAN:futex_wait_queue
[2026-09-18T09:12:54.695+00:00] PID:2447012 CPU:0.00% RSS_KIB:2048 MEM:0.01288% STATE:S THREADS:1 WCHAN:do_wait
[2026-09-18T09:12:54.695+00:00] PID:2447020 CPU:0.00% RSS_KIB:43648 MEM:0.27448% STATE:S THREADS:3 WCHAN:futex_wait_queue
[2026-09-18T09:12:54.798+00:00] PID:2447012 CPU:0.00% RSS_KIB:2048 MEM:0.01288% STATE:S THREADS:1 WCHAN:do_wait
[2026-09-18T09:12:54.799+00:00] PID:2447020 CPU:0.00% RSS_KIB:43648 MEM:0.27448% STATE:S THREADS:3 WCHAN:futex_wait_queue
[2026-09-18T09:12:54.901+00:00] PID:2447012 CPU:0.00% RSS_KIB:2048 MEM:0.01288% STATE:S THREADS:1 WCHAN:do_wait
[2026-09-18T09:12:54.902+00:00] PID:2447020 CPU:0.00% RSS_KIB:43648 MEM:0.27448% STATE:S THREADS:3 WCHAN:futex_wait_queue
[2026-09-18T09:12:55.004+00:00] PID:2447012 CPU:0.00% RSS_KIB:2048 MEM:0.01288% STATE:S THREADS:1 WCHAN:do_wait
[2026-09-18T09:12:55.004+00:00] PID:2447020 CPU:0.00% RSS_KIB:43648 MEM:0.27448% STATE:S THREADS:3 WCHAN:futex_wait_queue
[2026-09-18T09:12:55.106+00:00] PID:2447012 CPU:0.00% RSS_KIB:2048 MEM:0.01288% STATE:S THREADS:1 WCHAN:do_wait
[2026-09-18T09:12:55.107+00:00] PID:2447020 CPU:0.00% RSS_KIB:43648 MEM:0.27448% STATE:S THREADS:3 WCHAN:futex_wait_queue
[2026-09-18T09:12:55.209+00:00] PID:2447012 CPU:0.00% RSS_KIB:2048 MEM:0.01288% STATE:S THREADS:1 WCHAN:do_wait
[2026-09-18T09:12:55.209+00:00] PID:2447020 CPU:0.00% RSS_KIB:43648 MEM:0.27448% STATE:S THREADS:3 WCHAN:futex_wait_queue
[2026-09-18T09:12:55.311+00:00] PID:2447012 CPU:0.00% RSS_KIB:2048 MEM:0.01288% STATE:S THREADS:1 WCHAN:do_wait
[2026-09-18T09:12:55.312+00:00] PID:2447020 CPU:0.00% RSS_KIB:43648 MEM:0.27448% STATE:S THREADS:3 WCHAN:futex_wait_queue
[2026-09-18T09:12:55.414+00:00] PID:2447012 CPU:0.00% RSS_KIB:2048 MEM:0.01288% STATE:S THREADS:1 WCHAN:do_wait
[2026-09-18T09:12:55.414+00:00] PID:2447020 CPU:0.00% RSS_KIB:43648 MEM:0.27448% STATE:S THREADS:3 WCHAN:futex_wait_queue
[2026-09-18T09:12:55.516+00:00] PID:2447012 CPU:0.00% RSS_KIB:2048 MEM:0.01288% STATE:S THREADS:1 WCHAN:do_wait
[2026-09-18T09:12:55.516+00:00] PID:2447020 CPU:0.00% RSS_KIB:43648 MEM:0.27448% STATE:S THREADS:3 WCHAN:futex_wait_queue
[2026-09-18T09:12:55.619+00:00] PID:2447012 CPU:0.00% RSS_KIB:2048 MEM:0.01288% STATE:S THREADS:1 WCHAN:do_wait
[2026-09-18T09:12:55.619+00:00] PID:2447020 CPU:0.00% RSS_KIB:43648 MEM:0.27448% STATE:S THREADS:3 WCHAN:futex_wait_queue
[2026-09-18T09:12:55.721+00:00] PID:2447012 CPU:0.00% RSS_KIB:2048 MEM:0.01288% STATE:S THREADS:1 WCHAN:do_wait
[2026-09-18T09:12:55.722+00:00] PID:2447020 CPU:0.00% RSS_KIB:43648 MEM:0.27448% STATE:S THREADS:3 WCHAN:futex_wait_queue
[2026-09-18T09:12:55.824+00:00] PID:2447012 CPU:0.00% RSS_KIB:2048 MEM:0.01288% STATE:S THREADS:1 WCHAN:do_wait
[2026-09-18T09:12:55.824+00:00] PID:2447020 CPU:0.00% RSS_KIB:43648 MEM:0.27448% STATE:S THREADS:3 WCHAN:futex_wait_queue
[2026-09-18T09:12:55.927+00:00] PID:2447012 CPU:0.00% RSS_KIB:2048 MEM:0.01288% STATE:S THREADS:1 WCHAN:do_wait
[2026-09-18T09:12:55.928+00:00] PID:2447020 CPU:0.00% RSS_KIB:43648 MEM:0.27448% STATE:S THREADS:3 WCHAN:futex_wait_queue
[2026-09-18T09:12:56.030+00:00] PID:2447012 CPU:0.00% RSS_KIB:2048 MEM:0.01288% STATE:S THREADS:1 WCHAN:do_wait
[2026-09-18T09:12:56.030+00:00] PID:2447020 CPU:0.00% RSS_KIB:43648 MEM:0.27448% STATE:S THREADS:3 WCHAN:futex_wait_queue
[2026-09-18T09:12:56.132+00:00] PID:2447012 CPU:0.00% RSS_KIB:2048 MEM:0.01288% STATE:S THREADS:1 WCHAN:do_wait
[2026-09-18T09:12:56.133+00:00] PID:2447020 CPU:0.00% RSS_KIB:43648 MEM:0.27448% STATE:S THREADS:3 WCHAN:futex_wait_queue
[2026-09-18T09:12:56.235+00:00] PID:2447012 CPU:0.00% RSS_KIB:2048 MEM:0.01288% STATE:S THREADS:1 WCHAN:do_wait
[2026-09-18T09:12:56.236+00:00] PID:2447020 CPU:0.00% RSS_KIB:43648 MEM:0.27448% STATE:S THREADS:3 WCHAN:futex_wait_queue
[2026-09-18T09:12:56.338+00:00] PID:2447012 CPU:0.00% RSS_KIB:2048 MEM:0.01288% STATE:S THREADS:1 WCHAN:do_wait
[2026-09-18T09:12:56.339+00:00] PID:2447020 CPU:0.00% RSS_KIB:43648 MEM:0.27448% STATE:S THREADS:3 WCHAN:futex_wait_queue
[2026-09-18T09:12:56.440+00:00] PID:2447012 CPU:0.00% RSS_KIB:2048 MEM:0.01288% STATE:S THREADS:1 WCHAN:do_wait
[2026-09-18T09:12:56.441+00:00] PID:2447020 CPU:0.00% RSS_KIB:43648 MEM:0.27448% STATE:S THREADS:3 WCHAN:futex_wait_queue
[2026-09-18T09:12:56.543+00:00] PID:2447012 CPU:0.00% RSS_KIB:2048 MEM:0.01288% STATE:S THREADS:1 WCHAN:do_wait
[2026-09-18T09:12:56.543+00:00] PID:2447020 CPU:0.00% RSS_KIB:43648 MEM:0.27448% STATE:S THREADS:3 WCHAN:futex_wait_queue
[2026-09-18T09:12:56.645+00:00] PID:2447012 CPU:0.00% RSS_KIB:2048 MEM:0.01288% STATE:S THREADS:1 WCHAN:do_wait
[2026-09-18T09:12:56.646+00:00] PID:2447020 CPU:0.00% RSS_KIB:43648 MEM:0.27448% STATE:S THREADS:3 WCHAN:futex_wait_queue
[2026-09-18T09:12:56.748+00:00] PID:2447012 CPU:0.00% RSS_KIB:2048 MEM:0.01288% STATE:S THREADS:1 WCHAN:do_wait
[2026-09-18T09:12:56.748+00:00] PID:2447020 CPU:0.00% RSS_KIB:43648 MEM:0.27448% STATE:S THREADS:3 WCHAN:futex_wait_queue
[2026-09-18T09:12:56.850+00:00] PID:2447012 CPU:0.00% RSS_KIB:2048 MEM:0.01288% STATE:S THREADS:1 WCHAN:do_wait
[2026-09-18T09:12:56.851+00:00] PID:2447020 CPU:9.73% RSS_KIB:69248 MEM:0.43547% STATE:S THREADS:3 WCHAN:futex_wait_queue
[2026-09-18T09:12:56.953+00:00] PID:2447012 CPU:0.00% RSS_KIB:2048 MEM:0.01288% STATE:S THREADS:1 WCHAN:do_wait
[2026-09-18T09:12:56.953+00:00] PID:2447020 CPU:9.78% RSS_KIB:69248 MEM:0.43547% STATE:S THREADS:3 WCHAN:futex_wait_queue
[2026-09-18T09:12:57.055+00:00] PID:2447012 CPU:0.00% RSS_KIB:2048 MEM:0.01288% STATE:S THREADS:1 WCHAN:do_wait
[2026-09-18T09:12:57.056+00:00] PID:2447020 CPU:0.00% RSS_KIB:69248 MEM:0.43547% STATE:S THREADS:3 WCHAN:futex_wait_queue
[2026-09-18T09:12:57.159+00:00] PID:2447012 CPU:0.00% RSS_KIB:2048 MEM:0.01288% STATE:S THREADS:1 WCHAN:do_wait
[2026-09-18T09:12:57.159+00:00] PID:2447020 CPU:0.00% RSS_KIB:69248 MEM:0.43547% STATE:S THREADS:3 WCHAN:futex_wait_queue
[2026-09-18T09:12:57.261+00:00] PID:2447012 CPU:0.00% RSS_KIB:2048 MEM:0.01288% STATE:S THREADS:1 WCHAN:do_wait
[2026-09-18T09:12:57.261+00:00] PID:2447020 CPU:0.00% RSS_KIB:69248 MEM:0.43547% STATE:S THREADS:3 WCHAN:futex_wait_queue
[2026-09-18T09:12:57.364+00:00] PID:2447012 CPU:0.00% RSS_KIB:2048 MEM:0.01288% STATE:S THREADS:1 WCHAN:do_wait
[2026-09-18T09:12:57.364+00:00] PID:2447020 CPU:0.00% RSS_KIB:69248 MEM:0.43547% STATE:S THREADS:3 WCHAN:futex_wait_queue
[2026-09-18T09:12:57.467+00:00] PID:2447012 CPU:0.00% RSS_KIB:2048 MEM:0.01288% STATE:S THREADS:1 WCHAN:do_wait
[2026-09-18T09:12:57.467+00:00] PID:2447020 CPU:0.00% RSS_KIB:69248 MEM:0.43547% STATE:S THREADS:3 WCHAN:futex_wait_queue
[2026-09-18T09:12:57.570+00:00] PID:2447012 CPU:0.00% RSS_KIB:2048 MEM:0.01288% STATE:S THREADS:1 WCHAN:do_wait
[2026-09-18T09:12:57.570+00:00] PID:2447020 CPU:0.00% RSS_KIB:69248 MEM:0.43547% STATE:S THREADS:3 WCHAN:futex_wait_queue
[2026-09-18T09:12:57.672+00:00] PID:2447012 CPU:0.00% RSS_KIB:2048 MEM:0.01288% STATE:S THREADS:1 WCHAN:do_wait
[2026-09-18T09:12:57.673+00:00] PID:2447020 CPU:0.00% RSS_KIB:69248 MEM:0.43547% STATE:S THREADS:3 WCHAN:futex_wait_queue
[2026-09-18T09:12:57.775+00:00] PID:2447012 CPU:0.00% RSS_KIB:2048 MEM:0.01288% STATE:S THREADS:1 WCHAN:do_wait
[2026-09-18T09:12:57.776+00:00] PID:2447020 CPU:0.00% RSS_KIB:69248 MEM:0.43547% STATE:S THREADS:3 WCHAN:futex_wait_queue
[2026-09-18T09:12:57.878+00:00] PID:2447012 CPU:0.00% RSS_KIB:2048 MEM:0.01288% STATE:S THREADS:1 WCHAN:do_wait
[2026-09-18T09:12:57.878+00:00] PID:2447020 CPU:0.00% RSS_KIB:69248 MEM:0.43547% STATE:S THREADS:3 WCHAN:futex_wait_queue
[2026-09-18T09:12:57.981+00:00] PID:2447012 CPU:0.00% RSS_KIB:2048 MEM:0.01288% STATE:S THREADS:1 WCHAN:do_wait
[2026-09-18T09:12:57.981+00:00] PID:2447020 CPU:0.00% RSS_KIB:69248 MEM:0.43547% STATE:S THREADS:3 WCHAN:futex_wait_queue
[2026-09-18T09:12:58.083+00:00] PID:2447012 CPU:0.00% RSS_KIB:2048 MEM:0.01288% STATE:S THREADS:1 WCHAN:do_wait
[2026-09-18T09:12:58.084+00:00] PID:2447020 CPU:0.00% RSS_KIB:69248 MEM:0.43547% STATE:S THREADS:3 WCHAN:futex_wait_queue
[2026-09-18T09:12:58.186+00:00] PID:2447012 CPU:0.00% RSS_KIB:2048 MEM:0.01288% STATE:S THREADS:1 WCHAN:do_wait
[2026-09-18T09:12:58.186+00:00] PID:2447020 CPU:0.00% RSS_KIB:69248 MEM:0.43547% STATE:S THREADS:3 WCHAN:futex_wait_queue
[2026-09-18T09:12:58.288+00:00] PID:2447012 CPU:0.00% RSS_KIB:2048 MEM:0.01288% STATE:S THREADS:1 WCHAN:do_wait
[2026-09-18T09:12:58.289+00:00] PID:2447020 CPU:0.00% RSS_KIB:69248 MEM:0.43547% STATE:S THREADS:3 WCHAN:futex_wait_queue
[2026-09-18T09:12:58.392+00:00] PID:2447012 CPU:0.00% RSS_KIB:2048 MEM:0.01288% STATE:S THREADS:1 WCHAN:do_wait
[2026-09-18T09:12:58.392+00:00] PID:2447020 CPU:0.00% RSS_KIB:69248 MEM:0.43547% STATE:S THREADS:3 WCHAN:futex_wait_queue
[2026-09-18T09:12:58.494+00:00] PID:2447012 CPU:0.00% RSS_KIB:2048 MEM:0.01288% STATE:S THREADS:1 WCHAN:do_wait
[2026-09-18T09:12:58.495+00:00] PID:2447020 CPU:0.00% RSS_KIB:69248 MEM:0.43547% STATE:S THREADS:3 WCHAN:futex_wait_queue
[2026-09-18T09:12:58.597+00:00] PID:2447012 CPU:0.00% RSS_KIB:2048 MEM:0.01288% STATE:S THREADS:1 WCHAN:do_wait
[2026-09-18T09:12:58.597+00:00] PID:2447020 CPU:0.00% RSS_KIB:69248 MEM:0.43547% STATE:S THREADS:3 WCHAN:futex_wait_queue
[2026-09-18T09:12:58.700+00:00] PID:2447012 CPU:0.00% RSS_KIB:2048 MEM:0.01288% STATE:S THREADS:1 WCHAN:do_wait
[2026-09-18T09:12:58.700+00:00] PID:2447020 CPU:0.00% RSS_KIB:69248 MEM:0.43547% STATE:S THREADS:3 WCHAN:futex_wait_queue
[2026-09-18T09:12:58.803+00:00] PID:2447012 CPU:0.00% RSS_KIB:2048 MEM:0.01288% STATE:S THREADS:1 WCHAN:do_wait
[2026-09-18T09:12:58.803+00:00] PID:2447020 CPU:0.00% RSS_KIB:69248 MEM:0.43547% STATE:S THREADS:3 WCHAN:futex_wait_queue
[2026-09-18T09:12:58.906+00:00] PID:2447012 CPU:0.00% RSS_KIB:2048 MEM:0.01288% STATE:S THREADS:1 WCHAN:do_wait
[2026-09-18T09:12:58.906+00:00] PID:2447020 CPU:0.00% RSS_KIB:69248 MEM:0.43547% STATE:S THREADS:3 WCHAN:futex_wait_queue
[2026-09-18T09:12:59.008+00:00] PID:2447012 CPU:0.00% RSS_KIB:2048 MEM:0.01288% STATE:S THREADS:1 WCHAN:do_wait
[2026-09-18T09:12:59.009+00:00] PID:2447020 CPU:0.00% RSS_KIB:69248 MEM:0.43547% STATE:S THREADS:3 WCHAN:futex_wait_queue
[2026-09-18T09:12:59.111+00:00] PID:2447012 CPU:0.00% RSS_KIB:2048 MEM:0.01288% STATE:S THREADS:1 WCHAN:do_wait
[2026-09-18T09:12:59.111+00:00] PID:2447020 CPU:0.00% RSS_KIB:69248 MEM:0.43547% STATE:S THREADS:3 WCHAN:futex_wait_queue
[2026-09-18T09:12:59.213+00:00] PID:2447012 CPU:0.00% RSS_KIB:2048 MEM:0.01288% STATE:S THREADS:1 WCHAN:do_wait
[2026-09-18T09:12:59.214+00:00] PID:2447020 CPU:0.00% RSS_KIB:69248 MEM:0.43547% STATE:S THREADS:3 WCHAN:futex_wait_queue
[2026-09-18T09:12:59.316+00:00] PID:2447012 CPU:0.00% RSS_KIB:2048 MEM:0.01288% STATE:S THREADS:1 WCHAN:do_wait
[2026-09-18T09:12:59.316+00:00] PID:2447020 CPU:0.00% RSS_KIB:69248 MEM:0.43547% STATE:S THREADS:3 WCHAN:futex_wait_queue
[2026-09-18T09:12:59.420+00:00] PID:2447012 CPU:0.00% RSS_KIB:2048 MEM:0.01288% STATE:S THREADS:1 WCHAN:do_wait
[2026-09-18T09:12:59.421+00:00] PID:2447020 CPU:0.00% RSS_KIB:69248 MEM:0.43547% STATE:S THREADS:3 WCHAN:futex_wait_queue
[2026-09-18T09:12:59.523+00:00] PID:2447012 CPU:0.00% RSS_KIB:2048 MEM:0.01288% STATE:S THREADS:1 WCHAN:do_wait
[2026-09-18T09:12:59.524+00:00] PID:2447020 CPU:0.00% RSS_KIB:69248 MEM:0.43547% STATE:S THREADS:3 WCHAN:futex_wait_queue
[2026-09-18T09:12:59.626+00:00] PID:2447012 CPU:0.00% RSS_KIB:2048 MEM:0.01288% STATE:S THREADS:1 WCHAN:do_wait
[2026-09-18T09:12:59.626+00:00] PID:2447020 CPU:0.00% RSS_KIB:69248 MEM:0.43547% STATE:S THREADS:3 WCHAN:futex_wait_queue
[2026-09-18T09:12:59.728+00:00] PID:2447012 CPU:0.00% RSS_KIB:2048 MEM:0.01288% STATE:S THREADS:1 WCHAN:do_wait
[2026-09-18T09:12:59.729+00:00] PID:2447020 CPU:0.00% RSS_KIB:69248 MEM:0.43547% STATE:S THREADS:3 WCHAN:futex_wait_queue
[2026-09-18T09:12:59.831+00:00] PID:2447012 CPU:0.00% RSS_KIB:2048 MEM:0.01288% STATE:S THREADS:1 WCHAN:do_wait
[2026-09-18T09:12:59.832+00:00] PID:2447020 CPU:9.72% RSS_KIB:89472 MEM:0.56265% STATE:S THREADS:3 WCHAN:futex_wait_queue
[2026-09-18T09:12:59.934+00:00] PID:2447012 CPU:0.00% RSS_KIB:2048 MEM:0.01288% STATE:S THREADS:1 WCHAN:do_wait
[2026-09-18T09:12:59.934+00:00] PID:2447020 CPU:0.00% RSS_KIB:94848 MEM:0.59646% STATE:S THREADS:3 WCHAN:futex_wait_queue
[2026-09-18T09:13:00.036+00:00] PID:2447012 CPU:0.00% RSS_KIB:2048 MEM:0.01288% STATE:S THREADS:1 WCHAN:do_wait
[2026-09-18T09:13:00.037+00:00] PID:2447020 CPU:19.46% RSS_KIB:94848 MEM:0.59646% STATE:S THREADS:3 WCHAN:futex_wait_queue
[2026-09-18T09:13:00.139+00:00] PID:2447012 CPU:0.00% RSS_KIB:2048 MEM:0.01288% STATE:S THREADS:1 WCHAN:do_wait
[2026-09-18T09:13:00.139+00:00] PID:2447020 CPU:0.00% RSS_KIB:94848 MEM:0.59646% STATE:S THREADS:3 WCHAN:futex_wait_queue
[2026-09-18T09:13:00.241+00:00] PID:2447012 CPU:0.00% RSS_KIB:2048 MEM:0.01288% STATE:S THREADS:1 WCHAN:do_wait
[2026-09-18T09:13:00.242+00:00] PID:2447020 CPU:0.00% RSS_KIB:94848 MEM:0.59646% STATE:S THREADS:3 WCHAN:futex_wait_queue
[2026-09-18T09:13:00.344+00:00] PID:2447012 CPU:0.00% RSS_KIB:2048 MEM:0.01288% STATE:S THREADS:1 WCHAN:do_wait
[2026-09-18T09:13:00.344+00:00] PID:2447020 CPU:0.00% RSS_KIB:94848 MEM:0.59646% STATE:S THREADS:3 WCHAN:futex_wait_queue
[2026-09-18T09:13:00.447+00:00] PID:2447012 CPU:0.00% RSS_KIB:2048 MEM:0.01288% STATE:S THREADS:1 WCHAN:do_wait
[2026-09-18T09:13:00.448+00:00] PID:2447020 CPU:0.00% RSS_KIB:94848 MEM:0.59646% STATE:S THREADS:3 WCHAN:futex_wait_queue
[2026-09-18T09:13:00.550+00:00] PID:2447012 CPU:0.00% RSS_KIB:2048 MEM:0.01288% STATE:S THREADS:1 WCHAN:do_wait
[2026-09-18T09:13:00.551+00:00] PID:2447020 CPU:0.00% RSS_KIB:94848 MEM:0.59646% STATE:S THREADS:3 WCHAN:futex_wait_queue
[2026-09-18T09:13:00.653+00:00] PID:2447012 CPU:0.00% RSS_KIB:2048 MEM:0.01288% STATE:S THREADS:1 WCHAN:do_wait
[2026-09-18T09:13:00.654+00:00] PID:2447020 CPU:0.00% RSS_KIB:94848 MEM:0.59646% STATE:S THREADS:3 WCHAN:futex_wait_queue
[2026-09-18T09:13:00.755+00:00] PID:2447012 CPU:0.00% RSS_KIB:2048 MEM:0.01288% STATE:S THREADS:1 WCHAN:do_wait
[2026-09-18T09:13:00.756+00:00] PID:2447020 CPU:0.00% RSS_KIB:94848 MEM:0.59646% STATE:S THREADS:3 WCHAN:futex_wait_queue
[2026-09-18T09:13:00.858+00:00] PID:2447012 CPU:0.00% RSS_KIB:2048 MEM:0.01288% STATE:S THREADS:1 WCHAN:do_wait
[2026-09-18T09:13:00.859+00:00] PID:2447020 CPU:0.00% RSS_KIB:94848 MEM:0.59646% STATE:S THREADS:3 WCHAN:futex_wait_queue
[2026-09-18T09:13:00.961+00:00] PID:2447012 CPU:0.00% RSS_KIB:2048 MEM:0.01288% STATE:S THREADS:1 WCHAN:do_wait
[2026-09-18T09:13:00.961+00:00] PID:2447020 CPU:0.00% RSS_KIB:94848 MEM:0.59646% STATE:S THREADS:3 WCHAN:futex_wait_queue
[2026-09-18T09:13:01.063+00:00] PID:2447012 CPU:0.00% RSS_KIB:2048 MEM:0.01288% STATE:S THREADS:1 WCHAN:do_wait
[2026-09-18T09:13:01.063+00:00] PID:2447020 CPU:0.00% RSS_KIB:94848 MEM:0.59646% STATE:S THREADS:3 WCHAN:futex_wait_queue
[2026-09-18T09:13:01.167+00:00] PID:2447012 CPU:0.00% RSS_KIB:2048 MEM:0.01288% STATE:S THREADS:1 WCHAN:do_wait
[2026-09-18T09:13:01.167+00:00] PID:2447020 CPU:0.00% RSS_KIB:94848 MEM:0.59646% STATE:S THREADS:3 WCHAN:futex_wait_queue
[2026-09-18T09:13:01.269+00:00] PID:2447012 CPU:0.00% RSS_KIB:2048 MEM:0.01288% STATE:S THREADS:1 WCHAN:do_wait
[2026-09-18T09:13:01.270+00:00] PID:2447020 CPU:0.00% RSS_KIB:94848 MEM:0.59646% STATE:S THREADS:3 WCHAN:futex_wait_queue
[2026-09-18T09:13:01.372+00:00] PID:2447012 CPU:0.00% RSS_KIB:2048 MEM:0.01288% STATE:S THREADS:1 WCHAN:do_wait
[2026-09-18T09:13:01.372+00:00] PID:2447020 CPU:0.00% RSS_KIB:94848 MEM:0.59646% STATE:S THREADS:3 WCHAN:futex_wait_queue
[2026-09-18T09:13:01.474+00:00] PID:2447012 CPU:0.00% RSS_KIB:2048 MEM:0.01288% STATE:S THREADS:1 WCHAN:do_wait
[2026-09-18T09:13:01.475+00:00] PID:2447020 CPU:0.00% RSS_KIB:94848 MEM:0.59646% STATE:S THREADS:3 WCHAN:futex_wait_queue
[2026-09-18T09:13:01.576+00:00] PID:2447012 CPU:0.00% RSS_KIB:2048 MEM:0.01288% STATE:S THREADS:1 WCHAN:do_wait
[2026-09-18T09:13:01.577+00:00] PID:2447020 CPU:0.00% RSS_KIB:94848 MEM:0.59646% STATE:S THREADS:3 WCHAN:futex_wait_queue
[2026-09-18T09:13:01.679+00:00] PID:2447012 CPU:0.00% RSS_KIB:2048 MEM:0.01288% STATE:S THREADS:1 WCHAN:do_wait
[2026-09-18T09:13:01.679+00:00] PID:2447020 CPU:0.00% RSS_KIB:94848 MEM:0.59646% STATE:S THREADS:3 WCHAN:futex_wait_queue
[2026-09-18T09:13:01.781+00:00] PID:2447012 CPU:0.00% RSS_KIB:2048 MEM:0.01288% STATE:S THREADS:1 WCHAN:do_wait
[2026-09-18T09:13:01.781+00:00] PID:2447020 CPU:0.00% RSS_KIB:94848 MEM:0.59646% STATE:S THREADS:3 WCHAN:futex_wait_queue
[2026-09-18T09:13:01.883+00:00] PID:2447012 CPU:0.00% RSS_KIB:2048 MEM:0.01288% STATE:S THREADS:1 WCHAN:do_wait
[2026-09-18T09:13:01.884+00:00] PID:2447020 CPU:0.00% RSS_KIB:94848 MEM:0.59646% STATE:S THREADS:3 WCHAN:futex_wait_queue
[2026-09-18T09:13:01.986+00:00] PID:2447012 CPU:0.00% RSS_KIB:2048 MEM:0.01288% STATE:S THREADS:1 WCHAN:do_wait
[2026-09-18T09:13:01.987+00:00] PID:2447020 CPU:0.00% RSS_KIB:94848 MEM:0.59646% STATE:S THREADS:3 WCHAN:futex_wait_queue
[2026-09-18T09:13:02.088+00:00] PID:2447012 CPU:0.00% RSS_KIB:2048 MEM:0.01288% STATE:S THREADS:1 WCHAN:do_wait
[2026-09-18T09:13:02.089+00:00] PID:2447020 CPU:0.00% RSS_KIB:94848 MEM:0.59646% STATE:S THREADS:3 WCHAN:futex_wait_queue
[2026-09-18T09:13:02.191+00:00] PID:2447012 CPU:0.00% RSS_KIB:2048 MEM:0.01288% STATE:S THREADS:1 WCHAN:do_wait
[2026-09-18T09:13:02.191+00:00] PID:2447020 CPU:0.00% RSS_KIB:94848 MEM:0.59646% STATE:S THREADS:3 WCHAN:futex_wait_queue
[2026-09-18T09:13:02.293+00:00] PID:2447012 CPU:0.00% RSS_KIB:2048 MEM:0.01288% STATE:S THREADS:1 WCHAN:do_wait
[2026-09-18T09:13:02.294+00:00] PID:2447020 CPU:0.00% RSS_KIB:94848 MEM:0.59646% STATE:S THREADS:3 WCHAN:futex_wait_queue
[2026-09-18T09:13:02.396+00:00] PID:2447012 CPU:0.00% RSS_KIB:2048 MEM:0.01288% STATE:S THREADS:1 WCHAN:do_wait
[2026-09-18T09:13:02.396+00:00] PID:2447020 CPU:0.00% RSS_KIB:94848 MEM:0.59646% STATE:S THREADS:3 WCHAN:futex_wait_queue
[2026-09-18T09:13:02.498+00:00] PID:2447012 CPU:0.00% RSS_KIB:2048 MEM:0.01288% STATE:S THREADS:1 WCHAN:do_wait
[2026-09-18T09:13:02.498+00:00] PID:2447020 CPU:0.00% RSS_KIB:94848 MEM:0.59646% STATE:S THREADS:3 WCHAN:futex_wait_queue
[2026-09-18T09:13:02.600+00:00] PID:2447012 CPU:0.00% RSS_KIB:2048 MEM:0.01288% STATE:S THREADS:1 WCHAN:do_wait
[2026-09-18T09:13:02.601+00:00] PID:2447020 CPU:0.00% RSS_KIB:94848 MEM:0.59646% STATE:S THREADS:3 WCHAN:futex_wait_queue
[2026-09-18T09:13:02.703+00:00] PID:2447012 CPU:0.00% RSS_KIB:2048 MEM:0.01288% STATE:S THREADS:1 WCHAN:do_wait
[2026-09-18T09:13:02.703+00:00] PID:2447020 CPU:0.00% RSS_KIB:94848 MEM:0.59646% STATE:S THREADS:3 WCHAN:futex_wait_queue
[2026-09-18T09:13:02.805+00:00] PID:2447012 CPU:0.00% RSS_KIB:2048 MEM:0.01288% STATE:S THREADS:1 WCHAN:do_wait
[2026-09-18T09:13:02.806+00:00] PID:2447020 CPU:0.00% RSS_KIB:94848 MEM:0.59646% STATE:S THREADS:3 WCHAN:futex_wait_queue
[2026-09-18T09:13:02.908+00:00] PID:2447012 CPU:0.00% RSS_KIB:2048 MEM:0.01288% STATE:S THREADS:1 WCHAN:do_wait
[2026-09-18T09:13:02.908+00:00] PID:2447020 CPU:19.57% RSS_KIB:120448 MEM:0.75744% STATE:S THREADS:3 WCHAN:futex_wait_queue
[2026-09-18T09:13:03.010+00:00] PID:2447012 CPU:0.00% RSS_KIB:2048 MEM:0.01288% STATE:S THREADS:1 WCHAN:do_wait
[2026-09-18T09:13:03.011+00:00] PID:2447020 CPU:0.00% RSS_KIB:120448 MEM:0.75744% STATE:S THREADS:3 WCHAN:futex_wait_queue
[2026-09-18T09:13:03.114+00:00] PID:2447012 CPU:0.00% RSS_KIB:2048 MEM:0.01288% STATE:S THREADS:1 WCHAN:do_wait
[2026-09-18T09:13:03.114+00:00] PID:2447020 CPU:0.00% RSS_KIB:120448 MEM:0.75744% STATE:S THREADS:3 WCHAN:futex_wait_queue
[2026-09-18T09:13:03.217+00:00] PID:2447012 CPU:0.00% RSS_KIB:2048 MEM:0.01288% STATE:S THREADS:1 WCHAN:do_wait
[2026-09-18T09:13:03.217+00:00] PID:2447020 CPU:29.03% RSS_KIB:120448 MEM:0.75744% STATE:S THREADS:3 WCHAN:futex_wait_queue
[2026-09-18T09:13:03.320+00:00] PID:2447012 CPU:0.00% RSS_KIB:2048 MEM:0.01288% STATE:S THREADS:1 WCHAN:do_wait
[2026-09-18T09:13:03.320+00:00] PID:2447020 CPU:0.00% RSS_KIB:120448 MEM:0.75744% STATE:S THREADS:3 WCHAN:futex_wait_queue
[2026-09-18T09:13:03.422+00:00] PID:2447012 CPU:0.00% RSS_KIB:2048 MEM:0.01288% STATE:S THREADS:1 WCHAN:do_wait
[2026-09-18T09:13:03.423+00:00] PID:2447020 CPU:0.00% RSS_KIB:120448 MEM:0.75744% STATE:S THREADS:3 WCHAN:futex_wait_queue
[2026-09-18T09:13:03.525+00:00] PID:2447012 CPU:0.00% RSS_KIB:2048 MEM:0.01288% STATE:S THREADS:1 WCHAN:do_wait
[2026-09-18T09:13:03.526+00:00] PID:2447020 CPU:0.00% RSS_KIB:120448 MEM:0.75744% STATE:S THREADS:3 WCHAN:futex_wait_queue
[2026-09-18T09:13:03.628+00:00] PID:2447012 CPU:0.00% RSS_KIB:2048 MEM:0.01288% STATE:S THREADS:1 WCHAN:do_wait
[2026-09-18T09:13:03.628+00:00] PID:2447020 CPU:0.00% RSS_KIB:120448 MEM:0.75744% STATE:S THREADS:3 WCHAN:futex_wait_queue
[2026-09-18T09:13:03.731+00:00] PID:2447012 CPU:0.00% RSS_KIB:2048 MEM:0.01288% STATE:S THREADS:1 WCHAN:do_wait
[2026-09-18T09:13:03.731+00:00] PID:2447020 CPU:0.00% RSS_KIB:120448 MEM:0.75744% STATE:S THREADS:3 WCHAN:futex_wait_queue
[2026-09-18T09:13:03.833+00:00] PID:2447012 CPU:0.00% RSS_KIB:2048 MEM:0.01288% STATE:S THREADS:1 WCHAN:do_wait
[2026-09-18T09:13:03.834+00:00] PID:2447020 CPU:0.00% RSS_KIB:120448 MEM:0.75744% STATE:S THREADS:3 WCHAN:futex_wait_queue
[2026-09-18T09:13:03.936+00:00] PID:2447012 CPU:0.00% RSS_KIB:2048 MEM:0.01288% STATE:S THREADS:1 WCHAN:do_wait
[2026-09-18T09:13:03.937+00:00] PID:2447020 CPU:0.00% RSS_KIB:120448 MEM:0.75744% STATE:S THREADS:3 WCHAN:futex_wait_queue
[2026-09-18T09:13:04.040+00:00] PID:2447012 CPU:0.00% RSS_KIB:2048 MEM:0.01288% STATE:S THREADS:1 WCHAN:do_wait
[2026-09-18T09:13:04.040+00:00] PID:2447020 CPU:0.00% RSS_KIB:120448 MEM:0.75744% STATE:S THREADS:3 WCHAN:futex_wait_queue
[2026-09-18T09:13:04.143+00:00] PID:2447012 CPU:0.00% RSS_KIB:2048 MEM:0.01288% STATE:S THREADS:1 WCHAN:do_wait
[2026-09-18T09:13:04.143+00:00] PID:2447020 CPU:0.00% RSS_KIB:120448 MEM:0.75744% STATE:S THREADS:3 WCHAN:futex_wait_queue
[2026-09-18T09:13:04.245+00:00] PID:2447012 CPU:0.00% RSS_KIB:2048 MEM:0.01288% STATE:S THREADS:1 WCHAN:do_wait
[2026-09-18T09:13:04.246+00:00] PID:2447020 CPU:0.00% RSS_KIB:120448 MEM:0.75744% STATE:S THREADS:3 WCHAN:futex_wait_queue
[2026-09-18T09:13:04.348+00:00] PID:2447012 CPU:0.00% RSS_KIB:2048 MEM:0.01288% STATE:S THREADS:1 WCHAN:do_wait
[2026-09-18T09:13:04.348+00:00] PID:2447020 CPU:0.00% RSS_KIB:120448 MEM:0.75744% STATE:S THREADS:3 WCHAN:futex_wait_queue
[2026-09-18T09:13:04.451+00:00] PID:2447012 CPU:0.00% RSS_KIB:2048 MEM:0.01288% STATE:S THREADS:1 WCHAN:do_wait
[2026-09-18T09:13:04.451+00:00] PID:2447020 CPU:0.00% RSS_KIB:120448 MEM:0.75744% STATE:S THREADS:3 WCHAN:futex_wait_queue
[2026-09-18T09:13:04.553+00:00] PID:2447012 CPU:0.00% RSS_KIB:2048 MEM:0.01288% STATE:S THREADS:1 WCHAN:do_wait
[2026-09-18T09:13:04.554+00:00] PID:2447020 CPU:0.00% RSS_KIB:120448 MEM:0.75744% STATE:S THREADS:3 WCHAN:futex_wait_queue
[2026-09-18T09:13:04.656+00:00] PID:2447012 CPU:0.00% RSS_KIB:2048 MEM:0.01288% STATE:S THREADS:1 WCHAN:do_wait
[2026-09-18T09:13:04.657+00:00] PID:2447020 CPU:0.00% RSS_KIB:120448 MEM:0.75744% STATE:S THREADS:3 WCHAN:futex_wait_queue
[2026-09-18T09:13:04.759+00:00] PID:2447012 CPU:0.00% RSS_KIB:2048 MEM:0.01288% STATE:S THREADS:1 WCHAN:do_wait
[2026-09-18T09:13:04.760+00:00] PID:2447020 CPU:0.00% RSS_KIB:120448 MEM:0.75744% STATE:S THREADS:3 WCHAN:futex_wait_queue
[2026-09-18T09:13:04.862+00:00] PID:2447012 CPU:0.00% RSS_KIB:2048 MEM:0.01288% STATE:S THREADS:1 WCHAN:do_wait
[2026-09-18T09:13:04.863+00:00] PID:2447020 CPU:0.00% RSS_KIB:120448 MEM:0.75744% STATE:S THREADS:3 WCHAN:futex_wait_queue
[2026-09-18T09:13:04.965+00:00] PID:2447012 CPU:0.00% RSS_KIB:2048 MEM:0.01288% STATE:S THREADS:1 WCHAN:do_wait
[2026-09-18T09:13:04.966+00:00] PID:2447020 CPU:0.00% RSS_KIB:120448 MEM:0.75744% STATE:S THREADS:3 WCHAN:futex_wait_queue
[2026-09-18T09:13:05.068+00:00] PID:2447012 CPU:0.00% RSS_KIB:2048 MEM:0.01288% STATE:S THREADS:1 WCHAN:do_wait
[2026-09-18T09:13:05.068+00:00] PID:2447020 CPU:0.00% RSS_KIB:120448 MEM:0.75744% STATE:S THREADS:3 WCHAN:futex_wait_queue
[2026-09-18T09:13:05.171+00:00] PID:2447012 CPU:0.00% RSS_KIB:2048 MEM:0.01288% STATE:S THREADS:1 WCHAN:do_wait
[2026-09-18T09:13:05.171+00:00] PID:2447020 CPU:0.00% RSS_KIB:120448 MEM:0.75744% STATE:S THREADS:3 WCHAN:futex_wait_queue
[2026-09-18T09:13:05.273+00:00] PID:2447012 CPU:0.00% RSS_KIB:2048 MEM:0.01288% STATE:S THREADS:1 WCHAN:do_wait
[2026-09-18T09:13:05.274+00:00] PID:2447020 CPU:0.00% RSS_KIB:120448 MEM:0.75744% STATE:S THREADS:3 WCHAN:futex_wait_queue
[2026-09-18T09:13:05.376+00:00] PID:2447012 CPU:0.00% RSS_KIB:2048 MEM:0.01288% STATE:S THREADS:1 WCHAN:do_wait
[2026-09-18T09:13:05.377+00:00] PID:2447020 CPU:0.00% RSS_KIB:120448 MEM:0.75744% STATE:S THREADS:3 WCHAN:futex_wait_queue
[2026-09-18T09:13:05.479+00:00] PID:2447012 CPU:0.00% RSS_KIB:2048 MEM:0.01288% STATE:S THREADS:1 WCHAN:do_wait
[2026-09-18T09:13:05.480+00:00] PID:2447020 CPU:0.00% RSS_KIB:120448 MEM:0.75744% STATE:S THREADS:3 WCHAN:futex_wait_queue
[2026-09-18T09:13:05.582+00:00] PID:2447012 CPU:0.00% RSS_KIB:2048 MEM:0.01288% STATE:S THREADS:1 WCHAN:do_wait
[2026-09-18T09:13:05.582+00:00] PID:2447020 CPU:0.00% RSS_KIB:120448 MEM:0.75744% STATE:S THREADS:3 WCHAN:futex_wait_queue
[2026-09-18T09:13:05.684+00:00] PID:2447012 CPU:0.00% RSS_KIB:2048 MEM:0.01288% STATE:S THREADS:1 WCHAN:do_wait
[2026-09-18T09:13:05.685+00:00] PID:2447020 CPU:0.00% RSS_KIB:120448 MEM:0.75744% STATE:S THREADS:3 WCHAN:futex_wait_queue
[2026-09-18T09:13:05.787+00:00] PID:2447012 CPU:0.00% RSS_KIB:2048 MEM:0.01288% STATE:S THREADS:1 WCHAN:do_wait
[2026-09-18T09:13:05.787+00:00] PID:2447020 CPU:0.00% RSS_KIB:120448 MEM:0.75744% STATE:S THREADS:3 WCHAN:futex_wait_queue
[2026-09-18T09:13:05.889+00:00] PID:2447012 CPU:0.00% RSS_KIB:2048 MEM:0.01288% STATE:S THREADS:1 WCHAN:do_wait
[2026-09-18T09:13:05.890+00:00] PID:2447020 CPU:9.76% RSS_KIB:143616 MEM:0.90314% STATE:S THREADS:3 WCHAN:futex_wait_queue
[2026-09-18T09:13:05.992+00:00] PID:2447012 CPU:0.00% RSS_KIB:2048 MEM:0.01288% STATE:S THREADS:1 WCHAN:do_wait
[2026-09-18T09:13:05.992+00:00] PID:2447020 CPU:0.00% RSS_KIB:146048 MEM:0.91843% STATE:S THREADS:3 WCHAN:futex_wait_queue
[2026-09-18T09:13:06.094+00:00] PID:2447012 CPU:0.00% RSS_KIB:2048 MEM:0.01288% STATE:S THREADS:1 WCHAN:do_wait
[2026-09-18T09:13:06.095+00:00] PID:2447020 CPU:0.00% RSS_KIB:146048 MEM:0.91843% STATE:S THREADS:3 WCHAN:futex_wait_queue
[2026-09-18T09:13:06.197+00:00] PID:2447012 CPU:0.00% RSS_KIB:2048 MEM:0.01288% STATE:S THREADS:1 WCHAN:do_wait
[2026-09-18T09:13:06.197+00:00] PID:2447020 CPU:0.00% RSS_KIB:146048 MEM:0.91843% STATE:S THREADS:3 WCHAN:futex_wait_queue
[2026-09-18T09:13:06.299+00:00] PID:2447012 CPU:0.00% RSS_KIB:2048 MEM:0.01288% STATE:S THREADS:1 WCHAN:do_wait
[2026-09-18T09:13:06.300+00:00] PID:2447020 CPU:29.24% RSS_KIB:146048 MEM:0.91843% STATE:S THREADS:3 WCHAN:futex_wait_queue
[2026-09-18T09:13:06.402+00:00] PID:2447012 CPU:0.00% RSS_KIB:2048 MEM:0.01288% STATE:S THREADS:1 WCHAN:do_wait
[2026-09-18T09:13:06.402+00:00] PID:2447020 CPU:0.00% RSS_KIB:146048 MEM:0.91843% STATE:S THREADS:3 WCHAN:futex_wait_queue
[2026-09-18T09:13:06.504+00:00] PID:2447012 CPU:0.00% RSS_KIB:2048 MEM:0.01288% STATE:S THREADS:1 WCHAN:do_wait
[2026-09-18T09:13:06.505+00:00] PID:2447020 CPU:0.00% RSS_KIB:146048 MEM:0.91843% STATE:S THREADS:3 WCHAN:futex_wait_queue
[2026-09-18T09:13:06.607+00:00] PID:2447012 CPU:0.00% RSS_KIB:2048 MEM:0.01288% STATE:S THREADS:1 WCHAN:do_wait
[2026-09-18T09:13:06.607+00:00] PID:2447020 CPU:0.00% RSS_KIB:146048 MEM:0.91843% STATE:S THREADS:3 WCHAN:futex_wait_queue
[2026-09-18T09:13:06.709+00:00] PID:2447012 CPU:0.00% RSS_KIB:2048 MEM:0.01288% STATE:S THREADS:1 WCHAN:do_wait
[2026-09-18T09:13:06.710+00:00] PID:2447020 CPU:0.00% RSS_KIB:146048 MEM:0.91843% STATE:S THREADS:3 WCHAN:futex_wait_queue
[2026-09-18T09:13:06.812+00:00] PID:2447012 CPU:0.00% RSS_KIB:2048 MEM:0.01288% STATE:S THREADS:1 WCHAN:do_wait
[2026-09-18T09:13:06.812+00:00] PID:2447020 CPU:0.00% RSS_KIB:146048 MEM:0.91843% STATE:S THREADS:3 WCHAN:futex_wait_queue
[2026-09-18T09:13:06.915+00:00] PID:2447012 CPU:0.00% RSS_KIB:2048 MEM:0.01288% STATE:S THREADS:1 WCHAN:do_wait
[2026-09-18T09:13:06.916+00:00] PID:2447020 CPU:0.00% RSS_KIB:146048 MEM:0.91843% STATE:S THREADS:3 WCHAN:futex_wait_queue
[2026-09-18T09:13:07.018+00:00] PID:2447012 CPU:0.00% RSS_KIB:2048 MEM:0.01288% STATE:S THREADS:1 WCHAN:do_wait
[2026-09-18T09:13:07.018+00:00] PID:2447020 CPU:0.00% RSS_KIB:146048 MEM:0.91843% STATE:S THREADS:3 WCHAN:futex_wait_queue
[2026-09-18T09:13:07.121+00:00] PID:2447012 CPU:0.00% RSS_KIB:2048 MEM:0.01288% STATE:S THREADS:1 WCHAN:do_wait
[2026-09-18T09:13:07.121+00:00] PID:2447020 CPU:0.00% RSS_KIB:146048 MEM:0.91843% STATE:S THREADS:3 WCHAN:futex_wait_queue
[2026-09-18T09:13:07.223+00:00] PID:2447012 CPU:0.00% RSS_KIB:2048 MEM:0.01288% STATE:S THREADS:1 WCHAN:do_wait
[2026-09-18T09:13:07.224+00:00] PID:2447020 CPU:0.00% RSS_KIB:146048 MEM:0.91843% STATE:S THREADS:3 WCHAN:futex_wait_queue
[2026-09-18T09:13:07.326+00:00] PID:2447012 CPU:0.00% RSS_KIB:2048 MEM:0.01288% STATE:S THREADS:1 WCHAN:do_wait
[2026-09-18T09:13:07.327+00:00] PID:2447020 CPU:0.00% RSS_KIB:146048 MEM:0.91843% STATE:S THREADS:3 WCHAN:futex_wait_queue
[2026-09-18T09:13:07.429+00:00] PID:2447012 CPU:0.00% RSS_KIB:2048 MEM:0.01288% STATE:S THREADS:1 WCHAN:do_wait
[2026-09-18T09:13:07.430+00:00] PID:2447020 CPU:0.00% RSS_KIB:146048 MEM:0.91843% STATE:S THREADS:3 WCHAN:futex_wait_queue
[2026-09-18T09:13:07.532+00:00] PID:2447012 CPU:0.00% RSS_KIB:2048 MEM:0.01288% STATE:S THREADS:1 WCHAN:do_wait
[2026-09-18T09:13:07.533+00:00] PID:2447020 CPU:0.00% RSS_KIB:146048 MEM:0.91843% STATE:S THREADS:3 WCHAN:futex_wait_queue
[2026-09-18T09:13:07.634+00:00] PID:2447012 CPU:0.00% RSS_KIB:2048 MEM:0.01288% STATE:S THREADS:1 WCHAN:do_wait
[2026-09-18T09:13:07.635+00:00] PID:2447020 CPU:0.00% RSS_KIB:146048 MEM:0.91843% STATE:S THREADS:3 WCHAN:futex_wait_queue
[2026-09-18T09:13:07.737+00:00] PID:2447012 CPU:0.00% RSS_KIB:2048 MEM:0.01288% STATE:S THREADS:1 WCHAN:do_wait
[2026-09-18T09:13:07.737+00:00] PID:2447020 CPU:0.00% RSS_KIB:146048 MEM:0.91843% STATE:S THREADS:3 WCHAN:futex_wait_queue
[2026-09-18T09:13:07.839+00:00] PID:2447012 CPU:0.00% RSS_KIB:2048 MEM:0.01288% STATE:S THREADS:1 WCHAN:do_wait
[2026-09-18T09:13:07.839+00:00] PID:2447020 CPU:0.00% RSS_KIB:146048 MEM:0.91843% STATE:S THREADS:3 WCHAN:futex_wait_queue
[2026-09-18T09:13:07.941+00:00] PID:2447012 CPU:0.00% RSS_KIB:2048 MEM:0.01288% STATE:S THREADS:1 WCHAN:do_wait
[2026-09-18T09:13:07.941+00:00] PID:2447020 CPU:0.00% RSS_KIB:146048 MEM:0.91843% STATE:S THREADS:3 WCHAN:futex_wait_queue
[2026-09-18T09:13:08.043+00:00] PID:2447012 CPU:0.00% RSS_KIB:2048 MEM:0.01288% STATE:S THREADS:1 WCHAN:do_wait
[2026-09-18T09:13:08.043+00:00] PID:2447020 CPU:0.00% RSS_KIB:146048 MEM:0.91843% STATE:S THREADS:3 WCHAN:futex_wait_queue
[2026-09-18T09:13:08.145+00:00] PID:2447012 CPU:0.00% RSS_KIB:2048 MEM:0.01288% STATE:S THREADS:1 WCHAN:do_wait
[2026-09-18T09:13:08.146+00:00] PID:2447020 CPU:0.00% RSS_KIB:146048 MEM:0.91843% STATE:S THREADS:3 WCHAN:futex_wait_queue
[2026-09-18T09:13:08.247+00:00] PID:2447012 CPU:0.00% RSS_KIB:2048 MEM:0.01288% STATE:S THREADS:1 WCHAN:do_wait
[2026-09-18T09:13:08.248+00:00] PID:2447020 CPU:0.00% RSS_KIB:146048 MEM:0.91843% STATE:S THREADS:3 WCHAN:futex_wait_queue
[2026-09-18T09:13:08.351+00:00] PID:2447012 CPU:0.00% RSS_KIB:2048 MEM:0.01288% STATE:S THREADS:1 WCHAN:do_wait
[2026-09-18T09:13:08.351+00:00] PID:2447020 CPU:0.00% RSS_KIB:146048 MEM:0.91843% STATE:S THREADS:3 WCHAN:futex_wait_queue
[2026-09-18T09:13:08.453+00:00] PID:2447012 CPU:0.00% RSS_KIB:2048 MEM:0.01288% STATE:S THREADS:1 WCHAN:do_wait
[2026-09-18T09:13:08.453+00:00] PID:2447020 CPU:0.00% RSS_KIB:146048 MEM:0.91843% STATE:S THREADS:3 WCHAN:futex_wait_queue
[2026-09-18T09:13:08.555+00:00] PID:2447012 CPU:0.00% RSS_KIB:2048 MEM:0.01288% STATE:S THREADS:1 WCHAN:do_wait
[2026-09-18T09:13:08.556+00:00] PID:2447020 CPU:0.00% RSS_KIB:146048 MEM:0.91843% STATE:S THREADS:3 WCHAN:futex_wait_queue
[2026-09-18T09:13:08.658+00:00] PID:2447012 CPU:0.00% RSS_KIB:2048 MEM:0.01288% STATE:S THREADS:1 WCHAN:do_wait
[2026-09-18T09:13:08.658+00:00] PID:2447020 CPU:0.00% RSS_KIB:146048 MEM:0.91843% STATE:S THREADS:3 WCHAN:futex_wait_queue
[2026-09-18T09:13:08.760+00:00] PID:2447012 CPU:0.00% RSS_KIB:2048 MEM:0.01288% STATE:S THREADS:1 WCHAN:do_wait
[2026-09-18T09:13:08.760+00:00] PID:2447020 CPU:0.00% RSS_KIB:146048 MEM:0.91843% STATE:S THREADS:3 WCHAN:futex_wait_queue
[2026-09-18T09:13:08.862+00:00] PID:2447012 CPU:0.00% RSS_KIB:2048 MEM:0.01288% STATE:S THREADS:1 WCHAN:do_wait
[2026-09-18T09:13:08.863+00:00] PID:2447020 CPU:0.00% RSS_KIB:146048 MEM:0.91843% STATE:S THREADS:3 WCHAN:futex_wait_queue
[2026-09-18T09:13:08.964+00:00] PID:2447012 CPU:0.00% RSS_KIB:2048 MEM:0.01288% STATE:S THREADS:1 WCHAN:do_wait
[2026-09-18T09:13:08.965+00:00] PID:2447020 CPU:19.55% RSS_KIB:171648 MEM:1.07942% STATE:S THREADS:3 WCHAN:futex_wait_queue
[2026-09-18T09:13:09.067+00:00] PID:2447012 CPU:0.00% RSS_KIB:2048 MEM:0.01288% STATE:S THREADS:1 WCHAN:do_wait
[2026-09-18T09:13:09.068+00:00] PID:2447020 CPU:0.00% RSS_KIB:171648 MEM:1.07942% STATE:S THREADS:3 WCHAN:futex_wait_queue
[2026-09-18T09:13:09.170+00:00] PID:2447012 CPU:0.00% RSS_KIB:2048 MEM:0.01288% STATE:S THREADS:1 WCHAN:do_wait
[2026-09-18T09:13:09.171+00:00] PID:2447020 CPU:0.00% RSS_KIB:171648 MEM:1.07942% STATE:S THREADS:3 WCHAN:futex_wait_queue
[2026-09-18T09:13:09.272+00:00] PID:2447012 CPU:0.00% RSS_KIB:2048 MEM:0.01288% STATE:S THREADS:1 WCHAN:do_wait
[2026-09-18T09:13:09.273+00:00] PID:2447020 CPU:0.00% RSS_KIB:171648 MEM:1.07942% STATE:S THREADS:3 WCHAN:futex_wait_queue
[2026-09-18T09:13:09.375+00:00] PID:2447012 CPU:0.00% RSS_KIB:2048 MEM:0.01288% STATE:S THREADS:1 WCHAN:do_wait
[2026-09-18T09:13:09.375+00:00] PID:2447020 CPU:19.57% RSS_KIB:171648 MEM:1.07942% STATE:S THREADS:3 WCHAN:futex_wait_queue
[2026-09-18T09:13:09.477+00:00] PID:2447012 CPU:0.00% RSS_KIB:2048 MEM:0.01288% STATE:S THREADS:1 WCHAN:do_wait
[2026-09-18T09:13:09.477+00:00] PID:2447020 CPU:19.59% RSS_KIB:171648 MEM:1.07942% STATE:S THREADS:3 WCHAN:futex_wait_queue
[2026-09-18T09:13:09.579+00:00] PID:2447012 CPU:0.00% RSS_KIB:2048 MEM:0.01288% STATE:S THREADS:1 WCHAN:do_wait
[2026-09-18T09:13:09.580+00:00] PID:2447020 CPU:0.00% RSS_KIB:171648 MEM:1.07942% STATE:S THREADS:3 WCHAN:futex_wait_queue
[2026-09-18T09:13:09.681+00:00] PID:2447012 CPU:0.00% RSS_KIB:2048 MEM:0.01288% STATE:S THREADS:1 WCHAN:do_wait
[2026-09-18T09:13:09.682+00:00] PID:2447020 CPU:0.00% RSS_KIB:171648 MEM:1.07942% STATE:S THREADS:3 WCHAN:futex_wait_queue
[2026-09-18T09:13:09.785+00:00] PID:2447012 CPU:0.00% RSS_KIB:2048 MEM:0.01288% STATE:S THREADS:1 WCHAN:do_wait
[2026-09-18T09:13:09.785+00:00] PID:2447020 CPU:0.00% RSS_KIB:171648 MEM:1.07942% STATE:S THREADS:3 WCHAN:futex_wait_queue
[2026-09-18T09:13:09.887+00:00] PID:2447012 CPU:0.00% RSS_KIB:2048 MEM:0.01288% STATE:S THREADS:1 WCHAN:do_wait
[2026-09-18T09:13:09.890+00:00] PID:2447020 CPU:0.00% RSS_KIB:171648 MEM:1.07942% STATE:S THREADS:3 WCHAN:futex_wait_queue
[2026-09-18T09:13:09.992+00:00] PID:2447012 CPU:0.00% RSS_KIB:2048 MEM:0.01288% STATE:S THREADS:1 WCHAN:do_wait
[2026-09-18T09:13:09.992+00:00] PID:2447020 CPU:0.00% RSS_KIB:171648 MEM:1.07942% STATE:S THREADS:3 WCHAN:futex_wait_queue
[2026-09-18T09:13:10.095+00:00] PID:2447012 CPU:0.00% RSS_KIB:2048 MEM:0.01288% STATE:S THREADS:1 WCHAN:do_wait
[2026-09-18T09:13:10.096+00:00] PID:2447020 CPU:0.00% RSS_KIB:171648 MEM:1.07942% STATE:S THREADS:3 WCHAN:futex_wait_queue
[2026-09-18T09:13:10.198+00:00] PID:2447012 CPU:0.00% RSS_KIB:2048 MEM:0.01288% STATE:S THREADS:1 WCHAN:do_wait
[2026-09-18T09:13:10.199+00:00] PID:2447020 CPU:0.00% RSS_KIB:171648 MEM:1.07942% STATE:S THREADS:3 WCHAN:futex_wait_queue
[2026-09-18T09:13:10.301+00:00] PID:2447012 CPU:0.00% RSS_KIB:2048 MEM:0.01288% STATE:S THREADS:1 WCHAN:do_wait
[2026-09-18T09:13:10.301+00:00] PID:2447020 CPU:0.00% RSS_KIB:171648 MEM:1.07942% STATE:S THREADS:3 WCHAN:futex_wait_queue
[2026-09-18T09:13:10.403+00:00] PID:2447012 CPU:0.00% RSS_KIB:2048 MEM:0.01288% STATE:S THREADS:1 WCHAN:do_wait
[2026-09-18T09:13:10.404+00:00] PID:2447020 CPU:0.00% RSS_KIB:171648 MEM:1.07942% STATE:S THREADS:3 WCHAN:futex_wait_queue
[2026-09-18T09:13:10.506+00:00] PID:2447012 CPU:0.00% RSS_KIB:2048 MEM:0.01288% STATE:S THREADS:1 WCHAN:do_wait
[2026-09-18T09:13:10.507+00:00] PID:2447020 CPU:0.00% RSS_KIB:171648 MEM:1.07942% STATE:S THREADS:3 WCHAN:futex_wait_queue
[2026-09-18T09:13:10.609+00:00] PID:2447012 CPU:0.00% RSS_KIB:2048 MEM:0.01288% STATE:S THREADS:1 WCHAN:do_wait
[2026-09-18T09:13:10.609+00:00] PID:2447020 CPU:0.00% RSS_KIB:171648 MEM:1.07942% STATE:S THREADS:3 WCHAN:futex_wait_queue
[2026-09-18T09:13:10.711+00:00] PID:2447012 CPU:0.00% RSS_KIB:2048 MEM:0.01288% STATE:S THREADS:1 WCHAN:do_wait
[2026-09-18T09:13:10.711+00:00] PID:2447020 CPU:0.00% RSS_KIB:171648 MEM:1.07942% STATE:S THREADS:3 WCHAN:futex_wait_queue
[2026-09-18T09:13:10.814+00:00] PID:2447012 CPU:0.00% RSS_KIB:2048 MEM:0.01288% STATE:S THREADS:1 WCHAN:do_wait
[2026-09-18T09:13:10.815+00:00] PID:2447020 CPU:0.00% RSS_KIB:171648 MEM:1.07942% STATE:S THREADS:3 WCHAN:futex_wait_queue
[2026-09-18T09:13:10.916+00:00] PID:2447012 CPU:0.00% RSS_KIB:2048 MEM:0.01288% STATE:S THREADS:1 WCHAN:do_wait
[2026-09-18T09:13:10.917+00:00] PID:2447020 CPU:0.00% RSS_KIB:171648 MEM:1.07942% STATE:S THREADS:3 WCHAN:futex_wait_queue
[2026-09-18T09:13:11.019+00:00] PID:2447012 CPU:0.00% RSS_KIB:2048 MEM:0.01288% STATE:S THREADS:1 WCHAN:do_wait
[2026-09-18T09:13:11.020+00:00] PID:2447020 CPU:0.00% RSS_KIB:171648 MEM:1.07942% STATE:S THREADS:3 WCHAN:futex_wait_queue
[2026-09-18T09:13:11.122+00:00] PID:2447012 CPU:0.00% RSS_KIB:2048 MEM:0.01288% STATE:S THREADS:1 WCHAN:do_wait
[2026-09-18T09:13:11.123+00:00] PID:2447020 CPU:0.00% RSS_KIB:171648 MEM:1.07942% STATE:S THREADS:3 WCHAN:futex_wait_queue
[2026-09-18T09:13:11.225+00:00] PID:2447012 CPU:0.00% RSS_KIB:2048 MEM:0.01288% STATE:S THREADS:1 WCHAN:do_wait
[2026-09-18T09:13:11.225+00:00] PID:2447020 CPU:0.00% RSS_KIB:171648 MEM:1.07942% STATE:S THREADS:3 WCHAN:futex_wait_queue
[2026-09-18T09:13:11.327+00:00] PID:2447012 CPU:0.00% RSS_KIB:2048 MEM:0.01288% STATE:S THREADS:1 WCHAN:do_wait
[2026-09-18T09:13:11.328+00:00] PID:2447020 CPU:0.00% RSS_KIB:171648 MEM:1.07942% STATE:S THREADS:3 WCHAN:futex_wait_queue
[2026-09-18T09:13:11.430+00:00] PID:2447012 CPU:0.00% RSS_KIB:2048 MEM:0.01288% STATE:S THREADS:1 WCHAN:do_wait
[2026-09-18T09:13:11.431+00:00] PID:2447020 CPU:0.00% RSS_KIB:171648 MEM:1.07942% STATE:S THREADS:3 WCHAN:futex_wait_queue
[2026-09-18T09:13:11.533+00:00] PID:2447012 CPU:0.00% RSS_KIB:2048 MEM:0.01288% STATE:S THREADS:1 WCHAN:do_wait
[2026-09-18T09:13:11.533+00:00] PID:2447020 CPU:0.00% RSS_KIB:171648 MEM:1.07942% STATE:S THREADS:3 WCHAN:futex_wait_queue
[2026-09-18T09:13:11.636+00:00] PID:2447012 CPU:0.00% RSS_KIB:2048 MEM:0.01288% STATE:S THREADS:1 WCHAN:do_wait
[2026-09-18T09:13:11.636+00:00] PID:2447020 CPU:0.00% RSS_KIB:171648 MEM:1.07942% STATE:S THREADS:3 WCHAN:futex_wait_queue
[2026-09-18T09:13:11.738+00:00] PID:2447012 CPU:0.00% RSS_KIB:2048 MEM:0.01288% STATE:S THREADS:1 WCHAN:do_wait
[2026-09-18T09:13:11.739+00:00] PID:2447020 CPU:0.00% RSS_KIB:171648 MEM:1.07942% STATE:S THREADS:3 WCHAN:futex_wait_queue
[2026-09-18T09:13:11.842+00:00] PID:2447012 CPU:0.00% RSS_KIB:2048 MEM:0.01288% STATE:S THREADS:1 WCHAN:do_wait
[2026-09-18T09:13:11.842+00:00] PID:2447020 CPU:0.00% RSS_KIB:171648 MEM:1.07942% STATE:S THREADS:3 WCHAN:futex_wait_queue
[2026-09-18T09:13:11.944+00:00] PID:2447012 CPU:0.00% RSS_KIB:2048 MEM:0.01288% STATE:S THREADS:1 WCHAN:do_wait
[2026-09-18T09:13:11.945+00:00] PID:2447020 CPU:0.00% RSS_KIB:189184 MEM:1.18969% STATE:S THREADS:3 WCHAN:futex_wait_queue
[2026-09-18T09:13:12.047+00:00] PID:2447012 CPU:0.00% RSS_KIB:2048 MEM:0.01288% STATE:S THREADS:1 WCHAN:do_wait
[2026-09-18T09:13:12.047+00:00] PID:2447020 CPU:9.73% RSS_KIB:197248 MEM:1.24041% STATE:S THREADS:3 WCHAN:futex_wait_queue
[2026-09-18T09:13:12.150+00:00] PID:2447012 CPU:0.00% RSS_KIB:2048 MEM:0.01288% STATE:S THREADS:1 WCHAN:do_wait
[2026-09-18T09:13:12.150+00:00] PID:2447020 CPU:0.00% RSS_KIB:197248 MEM:1.24041% STATE:S THREADS:3 WCHAN:futex_wait_queue
[2026-09-18T09:13:12.252+00:00] PID:2447012 CPU:0.00% RSS_KIB:2048 MEM:0.01288% STATE:S THREADS:1 WCHAN:do_wait
[2026-09-18T09:13:12.253+00:00] PID:2447020 CPU:0.00% RSS_KIB:197248 MEM:1.24041% STATE:S THREADS:3 WCHAN:futex_wait_queue
[2026-09-18T09:13:12.355+00:00] PID:2447012 CPU:0.00% RSS_KIB:2048 MEM:0.01288% STATE:S THREADS:1 WCHAN:do_wait
[2026-09-18T09:13:12.355+00:00] PID:2447020 CPU:0.00% RSS_KIB:197248 MEM:1.24041% STATE:S THREADS:3 WCHAN:futex_wait_queue
[2026-09-18T09:13:12.457+00:00] PID:2447012 CPU:0.00% RSS_KIB:2048 MEM:0.01288% STATE:S THREADS:1 WCHAN:do_wait
[2026-09-18T09:13:12.458+00:00] PID:2447020 CPU:0.00% RSS_KIB:197248 MEM:1.24041% STATE:S THREADS:3 WCHAN:futex_wait_queue
[2026-09-18T09:13:12.560+00:00] PID:2447012 CPU:0.00% RSS_KIB:2048 MEM:0.01288% STATE:S THREADS:1 WCHAN:do_wait
[2026-09-18T09:13:12.561+00:00] PID:2447020 CPU:39.02% RSS_KIB:197248 MEM:1.24041% STATE:S THREADS:3 WCHAN:futex_wait_queue
[2026-09-18T09:13:12.663+00:00] PID:2447012 CPU:0.00% RSS_KIB:2048 MEM:0.01288% STATE:S THREADS:1 WCHAN:do_wait
[2026-09-18T09:13:12.664+00:00] PID:2447020 CPU:0.00% RSS_KIB:197248 MEM:1.24041% STATE:S THREADS:3 WCHAN:futex_wait_queue
[2026-09-18T09:13:12.766+00:00] PID:2447012 CPU:0.00% RSS_KIB:2048 MEM:0.01288% STATE:S THREADS:1 WCHAN:do_wait
[2026-09-18T09:13:12.766+00:00] PID:2447020 CPU:0.00% RSS_KIB:197248 MEM:1.24041% STATE:S THREADS:3 WCHAN:futex_wait_queue
[2026-09-18T09:13:12.868+00:00] PID:2447012 CPU:0.00% RSS_KIB:2048 MEM:0.01288% STATE:S THREADS:1 WCHAN:do_wait
[2026-09-18T09:13:12.869+00:00] PID:2447020 CPU:0.00% RSS_KIB:197248 MEM:1.24041% STATE:S THREADS:3 WCHAN:futex_wait_queue
[2026-09-18T09:13:12.971+00:00] PID:2447012 CPU:0.00% RSS_KIB:2048 MEM:0.01288% STATE:S THREADS:1 WCHAN:do_wait
[2026-09-18T09:13:12.971+00:00] PID:2447020 CPU:0.00% RSS_KIB:197248 MEM:1.24041% STATE:S THREADS:3 WCHAN:futex_wait_queue
[2026-09-18T09:13:13.073+00:00] PID:2447012 CPU:0.00% RSS_KIB:2048 MEM:0.01288% STATE:S THREADS:1 WCHAN:do_wait
[2026-09-18T09:13:13.074+00:00] PID:2447020 CPU:0.00% RSS_KIB:197248 MEM:1.24041% STATE:S THREADS:3 WCHAN:futex_wait_queue
[2026-09-18T09:13:13.176+00:00] PID:2447012 CPU:0.00% RSS_KIB:2048 MEM:0.01288% STATE:S THREADS:1 WCHAN:do_wait
[2026-09-18T09:13:13.176+00:00] PID:2447020 CPU:0.00% RSS_KIB:197248 MEM:1.24041% STATE:S THREADS:3 WCHAN:futex_wait_queue
[2026-09-18T09:13:13.279+00:00] PID:2447012 CPU:0.00% RSS_KIB:2048 MEM:0.01288% STATE:S THREADS:1 WCHAN:do_wait
[2026-09-18T09:13:13.279+00:00] PID:2447020 CPU:0.00% RSS_KIB:197248 MEM:1.24041% STATE:S THREADS:3 WCHAN:futex_wait_queue
[2026-09-18T09:13:13.382+00:00] PID:2447012 CPU:0.00% RSS_KIB:2048 MEM:0.01288% STATE:S THREADS:1 WCHAN:do_wait
[2026-09-18T09:13:13.382+00:00] PID:2447020 CPU:0.00% RSS_KIB:197248 MEM:1.24041% STATE:S THREADS:3 WCHAN:futex_wait_queue
[2026-09-18T09:13:13.485+00:00] PID:2447012 CPU:0.00% RSS_KIB:2048 MEM:0.01288% STATE:S THREADS:1 WCHAN:do_wait
[2026-09-18T09:13:13.485+00:00] PID:2447020 CPU:0.00% RSS_KIB:197248 MEM:1.24041% STATE:S THREADS:3 WCHAN:futex_wait_queue
[2026-09-18T09:13:13.587+00:00] PID:2447012 CPU:0.00% RSS_KIB:2048 MEM:0.01288% STATE:S THREADS:1 WCHAN:do_wait
[2026-09-18T09:13:13.588+00:00] PID:2447020 CPU:0.00% RSS_KIB:197248 MEM:1.24041% STATE:S THREADS:3 WCHAN:futex_wait_queue
[2026-09-18T09:13:13.690+00:00] PID:2447012 CPU:0.00% RSS_KIB:2048 MEM:0.01288% STATE:S THREADS:1 WCHAN:do_wait
[2026-09-18T09:13:13.690+00:00] PID:2447020 CPU:0.00% RSS_KIB:197248 MEM:1.24041% STATE:S THREADS:3 WCHAN:futex_wait_queue
[2026-09-18T09:13:13.792+00:00] PID:2447012 CPU:0.00% RSS_KIB:2048 MEM:0.01288% STATE:S THREADS:1 WCHAN:do_wait
[2026-09-18T09:13:13.792+00:00] PID:2447020 CPU:0.00% RSS_KIB:197248 MEM:1.24041% STATE:S THREADS:3 WCHAN:futex_wait_queue
[2026-09-18T09:13:13.895+00:00] PID:2447012 CPU:0.00% RSS_KIB:2048 MEM:0.01288% STATE:S THREADS:1 WCHAN:do_wait
[2026-09-18T09:13:13.895+00:00] PID:2447020 CPU:0.00% RSS_KIB:197248 MEM:1.24041% STATE:S THREADS:3 WCHAN:futex_wait_queue
[2026-09-18T09:13:13.998+00:00] PID:2447012 CPU:0.00% RSS_KIB:2048 MEM:0.01288% STATE:S THREADS:1 WCHAN:do_wait
[2026-09-18T09:13:13.999+00:00] PID:2447020 CPU:0.00% RSS_KIB:197248 MEM:1.24041% STATE:S THREADS:3 WCHAN:futex_wait_queue
[2026-09-18T09:13:14.101+00:00] PID:2447012 CPU:0.00% RSS_KIB:2048 MEM:0.01288% STATE:S THREADS:1 WCHAN:do_wait
[2026-09-18T09:13:14.102+00:00] PID:2447020 CPU:0.00% RSS_KIB:197248 MEM:1.24041% STATE:S THREADS:3 WCHAN:futex_wait_queue
[2026-09-18T09:13:14.204+00:00] PID:2447012 CPU:0.00% RSS_KIB:2048 MEM:0.01288% STATE:S THREADS:1 WCHAN:do_wait
[2026-09-18T09:13:14.205+00:00] PID:2447020 CPU:0.00% RSS_KIB:197248 MEM:1.24041% STATE:S THREADS:3 WCHAN:futex_wait_queue
[2026-09-18T09:13:14.307+00:00] PID:2447012 CPU:0.00% RSS_KIB:2048 MEM:0.01288% STATE:S THREADS:1 WCHAN:do_wait
[2026-09-18T09:13:14.307+00:00] PID:2447020 CPU:0.00% RSS_KIB:197248 MEM:1.24041% STATE:S THREADS:3 WCHAN:futex_wait_queue
[2026-09-18T09:13:14.409+00:00] PID:2447012 CPU:0.00% RSS_KIB:2048 MEM:0.01288% STATE:S THREADS:1 WCHAN:do_wait
[2026-09-18T09:13:14.409+00:00] PID:2447020 CPU:0.00% RSS_KIB:197248 MEM:1.24041% STATE:S THREADS:3 WCHAN:futex_wait_queue
[2026-09-18T09:13:14.511+00:00] PID:2447012 CPU:0.00% RSS_KIB:2048 MEM:0.01288% STATE:S THREADS:1 WCHAN:do_wait
[2026-09-18T09:13:14.512+00:00] PID:2447020 CPU:0.00% RSS_KIB:197248 MEM:1.24041% STATE:S THREADS:3 WCHAN:futex_wait_queue
[2026-09-18T09:13:14.613+00:00] PID:2447012 CPU:0.00% RSS_KIB:2048 MEM:0.01288% STATE:S THREADS:1 WCHAN:do_wait
[2026-09-18T09:13:14.614+00:00] PID:2447020 CPU:0.00% RSS_KIB:197248 MEM:1.24041% STATE:S THREADS:3 WCHAN:futex_wait_queue
[2026-09-18T09:13:14.715+00:00] PID:2447012 CPU:0.00% RSS_KIB:2048 MEM:0.01288% STATE:S THREADS:1 WCHAN:do_wait
[2026-09-18T09:13:14.716+00:00] PID:2447020 CPU:0.00% RSS_KIB:197248 MEM:1.24041% STATE:S THREADS:3 WCHAN:futex_wait_queue
[2026-09-18T09:13:14.818+00:00] PID:2447012 CPU:0.00% RSS_KIB:2048 MEM:0.01288% STATE:S THREADS:1 WCHAN:do_wait
[2026-09-18T09:13:14.818+00:00] PID:2447020 CPU:0.00% RSS_KIB:197248 MEM:1.24041% STATE:S THREADS:3 WCHAN:futex_wait_queue
[2026-09-18T09:13:14.920+00:00] PID:2447012 CPU:0.00% RSS_KIB:2048 MEM:0.01288% STATE:S THREADS:1 WCHAN:do_wait
[2026-09-18T09:13:14.921+00:00] PID:2447020 CPU:0.00% RSS_KIB:197248 MEM:1.24041% STATE:S THREADS:3 WCHAN:futex_wait_queue
[2026-09-18T09:13:15.023+00:00] PID:2447012 CPU:0.00% RSS_KIB:2048 MEM:0.01288% STATE:S THREADS:1 WCHAN:do_wait
[2026-09-18T09:13:15.023+00:00] PID:2447020 CPU:19.54% RSS_KIB:222848 MEM:1.40139% STATE:S THREADS:3 WCHAN:futex_wait_queue
[2026-09-18T09:13:15.126+00:00] PID:2447012 CPU:0.00% RSS_KIB:2048 MEM:0.01288% STATE:S THREADS:1 WCHAN:do_wait
[2026-09-18T09:13:15.126+00:00] PID:2447020 CPU:0.00% RSS_KIB:222848 MEM:1.40139% STATE:S THREADS:3 WCHAN:futex_wait_queue
[2026-09-18T09:13:15.228+00:00] PID:2447012 CPU:0.00% RSS_KIB:2048 MEM:0.01288% STATE:S THREADS:1 WCHAN:do_wait
[2026-09-18T09:13:15.228+00:00] PID:2447020 CPU:0.00% RSS_KIB:222848 MEM:1.40139% STATE:S THREADS:3 WCHAN:futex_wait_queue
[2026-09-18T09:13:15.330+00:00] PID:2447012 CPU:0.00% RSS_KIB:2048 MEM:0.01288% STATE:S THREADS:1 WCHAN:do_wait
[2026-09-18T09:13:15.331+00:00] PID:2447020 CPU:0.00% RSS_KIB:222848 MEM:1.40139% STATE:S THREADS:3 WCHAN:futex_wait_queue
[2026-09-18T09:13:15.432+00:00] PID:2447012 CPU:0.00% RSS_KIB:2048 MEM:0.01288% STATE:S THREADS:1 WCHAN:do_wait
[2026-09-18T09:13:15.433+00:00] PID:2447020 CPU:0.00% RSS_KIB:222848 MEM:1.40139% STATE:S THREADS:3 WCHAN:futex_wait_queue
[2026-09-18T09:13:15.535+00:00] PID:2447012 CPU:0.00% RSS_KIB:2048 MEM:0.01288% STATE:S THREADS:1 WCHAN:do_wait
[2026-09-18T09:13:15.535+00:00] PID:2447020 CPU:0.00% RSS_KIB:222848 MEM:1.40139% STATE:S THREADS:3 WCHAN:futex_wait_queue
[2026-09-18T09:13:15.637+00:00] PID:2447012 CPU:0.00% RSS_KIB:2048 MEM:0.01288% STATE:S THREADS:1 WCHAN:do_wait
[2026-09-18T09:13:15.638+00:00] PID:2447020 CPU:39.01% RSS_KIB:222848 MEM:1.40139% STATE:S THREADS:3 WCHAN:futex_wait_queue
[2026-09-18T09:13:15.739+00:00] PID:2447012 CPU:0.00% RSS_KIB:2048 MEM:0.01288% STATE:S THREADS:1 WCHAN:do_wait
[2026-09-18T09:13:15.740+00:00] PID:2447020 CPU:0.00% RSS_KIB:222848 MEM:1.40139% STATE:S THREADS:3 WCHAN:futex_wait_queue
[2026-09-18T09:13:15.842+00:00] PID:2447012 CPU:0.00% RSS_KIB:2048 MEM:0.01288% STATE:S THREADS:1 WCHAN:do_wait
[2026-09-18T09:13:15.842+00:00] PID:2447020 CPU:0.00% RSS_KIB:222848 MEM:1.40139% STATE:S THREADS:3 WCHAN:futex_wait_queue
[2026-09-18T09:13:15.944+00:00] PID:2447012 CPU:0.00% RSS_KIB:2048 MEM:0.01288% STATE:S THREADS:1 WCHAN:do_wait
[2026-09-18T09:13:15.944+00:00] PID:2447020 CPU:0.00% RSS_KIB:222848 MEM:1.40139% STATE:S THREADS:3 WCHAN:futex_wait_queue
[2026-09-18T09:13:16.046+00:00] PID:2447012 CPU:0.00% RSS_KIB:2048 MEM:0.01288% STATE:S THREADS:1 WCHAN:do_wait
[2026-09-18T09:13:16.047+00:00] PID:2447020 CPU:0.00% RSS_KIB:222848 MEM:1.40139% STATE:S THREADS:3 WCHAN:futex_wait_queue
[2026-09-18T09:13:16.149+00:00] PID:2447012 CPU:0.00% RSS_KIB:2048 MEM:0.01288% STATE:S THREADS:1 WCHAN:do_wait
[2026-09-18T09:13:16.149+00:00] PID:2447020 CPU:0.00% RSS_KIB:222848 MEM:1.40139% STATE:S THREADS:3 WCHAN:futex_wait_queue
[2026-09-18T09:13:16.252+00:00] PID:2447012 CPU:0.00% RSS_KIB:2048 MEM:0.01288% STATE:S THREADS:1 WCHAN:do_wait
[2026-09-18T09:13:16.252+00:00] PID:2447020 CPU:0.00% RSS_KIB:222848 MEM:1.40139% STATE:S THREADS:3 WCHAN:futex_wait_queue
[2026-09-18T09:13:16.354+00:00] PID:2447012 CPU:0.00% RSS_KIB:2048 MEM:0.01288% STATE:S THREADS:1 WCHAN:do_wait
[2026-09-18T09:13:16.354+00:00] PID:2447020 CPU:0.00% RSS_KIB:222848 MEM:1.40139% STATE:S THREADS:3 WCHAN:futex_wait_queue
[2026-09-18T09:13:16.456+00:00] PID:2447012 CPU:0.00% RSS_KIB:2048 MEM:0.01288% STATE:S THREADS:1 WCHAN:do_wait
[2026-09-18T09:13:16.456+00:00] PID:2447020 CPU:0.00% RSS_KIB:222848 MEM:1.40139% STATE:S THREADS:3 WCHAN:futex_wait_queue
[2026-09-18T09:13:16.558+00:00] PID:2447012 CPU:0.00% RSS_KIB:2048 MEM:0.01288% STATE:S THREADS:1 WCHAN:do_wait
[2026-09-18T09:13:16.559+00:00] PID:2447020 CPU:0.00% RSS_KIB:222848 MEM:1.40139% STATE:S THREADS:3 WCHAN:futex_wait_queue
[2026-09-18T09:13:16.661+00:00] PID:2447012 CPU:0.00% RSS_KIB:2048 MEM:0.01288% STATE:S THREADS:1 WCHAN:do_wait
[2026-09-18T09:13:16.662+00:00] PID:2447020 CPU:0.00% RSS_KIB:222848 MEM:1.40139% STATE:S THREADS:3 WCHAN:futex_wait_queue
[2026-09-18T09:13:16.763+00:00] PID:2447012 CPU:0.00% RSS_KIB:2048 MEM:0.01288% STATE:S THREADS:1 WCHAN:do_wait
[2026-09-18T09:13:16.764+00:00] PID:2447020 CPU:0.00% RSS_KIB:222848 MEM:1.40139% STATE:S THREADS:3 WCHAN:futex_wait_queue
[2026-09-18T09:13:16.866+00:00] PID:2447012 CPU:0.00% RSS_KIB:2048 MEM:0.01288% STATE:S THREADS:1 WCHAN:do_wait
[2026-09-18T09:13:16.867+00:00] PID:2447020 CPU:0.00% RSS_KIB:222848 MEM:1.40139% STATE:S THREADS:3 WCHAN:futex_wait_queue
[2026-09-18T09:13:16.971+00:00] PID:2447012 CPU:0.00% RSS_KIB:2048 MEM:0.01288% STATE:S THREADS:1 WCHAN:do_wait
[2026-09-18T09:13:16.971+00:00] PID:2447020 CPU:0.00% RSS_KIB:222848 MEM:1.40139% STATE:S THREADS:3 WCHAN:futex_wait_queue
[2026-09-18T09:13:17.073+00:00] PID:2447012 CPU:0.00% RSS_KIB:2048 MEM:0.01288% STATE:S THREADS:1 WCHAN:do_wait
[2026-09-18T09:13:17.073+00:00] PID:2447020 CPU:0.00% RSS_KIB:222848 MEM:1.40139% STATE:S THREADS:3 WCHAN:futex_wait_queue
[2026-09-18T09:13:17.175+00:00] PID:2447012 CPU:0.00% RSS_KIB:2048 MEM:0.01288% STATE:S THREADS:1 WCHAN:do_wait
[2026-09-18T09:13:17.175+00:00] PID:2447020 CPU:0.00% RSS_KIB:222848 MEM:1.40139% STATE:S THREADS:3 WCHAN:futex_wait_queue
[2026-09-18T09:13:17.277+00:00] PID:2447012 CPU:0.00% RSS_KIB:2048 MEM:0.01288% STATE:S THREADS:1 WCHAN:do_wait
[2026-09-18T09:13:17.278+00:00] PID:2447020 CPU:0.00% RSS_KIB:222848 MEM:1.40139% STATE:S THREADS:3 WCHAN:futex_wait_queue
[2026-09-18T09:13:17.380+00:00] PID:2447012 CPU:0.00% RSS_KIB:2048 MEM:0.01288% STATE:S THREADS:1 WCHAN:do_wait
[2026-09-18T09:13:17.380+00:00] PID:2447020 CPU:0.00% RSS_KIB:222848 MEM:1.40139% STATE:S THREADS:3 WCHAN:futex_wait_queue
[2026-09-18T09:13:17.482+00:00] PID:2447012 CPU:0.00% RSS_KIB:2048 MEM:0.01288% STATE:S THREADS:1 WCHAN:do_wait
[2026-09-18T09:13:17.482+00:00] PID:2447020 CPU:0.00% RSS_KIB:222848 MEM:1.40139% STATE:S THREADS:3 WCHAN:futex_wait_queue
[2026-09-18T09:13:17.585+00:00] PID:2447012 CPU:0.00% RSS_KIB:2048 MEM:0.01288% STATE:S THREADS:1 WCHAN:do_wait
[2026-09-18T09:13:17.586+00:00] PID:2447020 CPU:0.00% RSS_KIB:222848 MEM:1.40139% STATE:S THREADS:3 WCHAN:futex_wait_queue
[2026-09-18T09:13:17.688+00:00] PID:2447012 CPU:0.00% RSS_KIB:2048 MEM:0.01288% STATE:S THREADS:1 WCHAN:do_wait
[2026-09-18T09:13:17.689+00:00] PID:2447020 CPU:0.00% RSS_KIB:222848 MEM:1.40139% STATE:S THREADS:3 WCHAN:futex_wait_queue
[2026-09-18T09:13:17.790+00:00] PID:2447012 CPU:0.00% RSS_KIB:2048 MEM:0.01288% STATE:S THREADS:1 WCHAN:do_wait
[2026-09-18T09:13:17.791+00:00] PID:2447020 CPU:0.00% RSS_KIB:222848 MEM:1.40139% STATE:S THREADS:3 WCHAN:futex_wait_queue
[2026-09-18T09:13:17.893+00:00] PID:2447012 CPU:0.00% RSS_KIB:2048 MEM:0.01288% STATE:S THREADS:1 WCHAN:do_wait
[2026-09-18T09:13:17.894+00:00] PID:2447020 CPU:0.00% RSS_KIB:222848 MEM:1.40139% STATE:S THREADS:3 WCHAN:futex_wait_queue
[2026-09-18T09:13:17.996+00:00] PID:2447012 CPU:0.00% RSS_KIB:2048 MEM:0.01288% STATE:S THREADS:1 WCHAN:do_wait
[2026-09-18T09:13:17.997+00:00] PID:2447020 CPU:0.00% RSS_KIB:222848 MEM:1.40139% STATE:S THREADS:3 WCHAN:futex_wait_queue
[2026-09-18T09:13:18.099+00:00] PID:2447012 CPU:0.00% RSS_KIB:2048 MEM:0.01288% STATE:S THREADS:1 WCHAN:do_wait
[2026-09-18T09:13:18.099+00:00] PID:2447020 CPU:9.75% RSS_KIB:248448 MEM:1.56238% STATE:S THREADS:3 WCHAN:futex_wait_queue
[2026-09-18T09:13:18.201+00:00] PID:2447012 CPU:0.00% RSS_KIB:2048 MEM:0.01288% STATE:S THREADS:1 WCHAN:do_wait
[2026-09-18T09:13:18.202+00:00] PID:2447020 CPU:0.00% RSS_KIB:248448 MEM:1.56238% STATE:S THREADS:3 WCHAN:futex_wait_queue
[2026-09-18T09:13:18.304+00:00] PID:2447012 CPU:0.00% RSS_KIB:2048 MEM:0.01288% STATE:S THREADS:1 WCHAN:do_wait
[2026-09-18T09:13:18.304+00:00] PID:2447020 CPU:0.00% RSS_KIB:248448 MEM:1.56238% STATE:S THREADS:3 WCHAN:futex_wait_queue
[2026-09-18T09:13:18.406+00:00] PID:2447012 CPU:0.00% RSS_KIB:2048 MEM:0.01288% STATE:S THREADS:1 WCHAN:do_wait
[2026-09-18T09:13:18.407+00:00] PID:2447020 CPU:0.00% RSS_KIB:248448 MEM:1.56238% STATE:S THREADS:3 WCHAN:futex_wait_queue
[2026-09-18T09:13:18.509+00:00] PID:2447012 CPU:0.00% RSS_KIB:2048 MEM:0.01288% STATE:S THREADS:1 WCHAN:do_wait
[2026-09-18T09:13:18.509+00:00] PID:2447020 CPU:0.00% RSS_KIB:248448 MEM:1.56238% STATE:S THREADS:3 WCHAN:futex_wait_queue
[2026-09-18T09:13:18.612+00:00] PID:2447012 CPU:0.00% RSS_KIB:2048 MEM:0.01288% STATE:S THREADS:1 WCHAN:do_wait
[2026-09-18T09:13:18.612+00:00] PID:2447020 CPU:0.00% RSS_KIB:248448 MEM:1.56238% STATE:S THREADS:3 WCHAN:futex_wait_queue
[2026-09-18T09:13:18.715+00:00] PID:2447012 CPU:0.00% RSS_KIB:2048 MEM:0.01288% STATE:S THREADS:1 WCHAN:do_wait
[2026-09-18T09:13:18.715+00:00] PID:2447020 CPU:9.69% RSS_KIB:248448 MEM:1.56238% STATE:S THREADS:3 WCHAN:futex_wait_queue
[2026-09-18T09:13:18.817+00:00] PID:2447012 CPU:0.00% RSS_KIB:2048 MEM:0.01288% STATE:S THREADS:1 WCHAN:do_wait
[2026-09-18T09:13:18.817+00:00] PID:2447020 CPU:19.54% RSS_KIB:248448 MEM:1.56238% STATE:S THREADS:3 WCHAN:futex_wait_queue
[2026-09-18T09:13:18.919+00:00] PID:2447012 CPU:0.00% RSS_KIB:2048 MEM:0.01288% STATE:S THREADS:1 WCHAN:do_wait
[2026-09-18T09:13:18.920+00:00] PID:2447020 CPU:0.00% RSS_KIB:248448 MEM:1.56238% STATE:S THREADS:3 WCHAN:futex_wait_queue
[2026-09-18T09:13:19.022+00:00] PID:2447012 CPU:0.00% RSS_KIB:2048 MEM:0.01288% STATE:S THREADS:1 WCHAN:do_wait
[2026-09-18T09:13:19.022+00:00] PID:2447020 CPU:0.00% RSS_KIB:248448 MEM:1.56238% STATE:S THREADS:3 WCHAN:futex_wait_queue
[2026-09-18T09:13:19.125+00:00] PID:2447012 CPU:0.00% RSS_KIB:2048 MEM:0.01288% STATE:S THREADS:1 WCHAN:do_wait
[2026-09-18T09:13:19.125+00:00] PID:2447020 CPU:0.00% RSS_KIB:248448 MEM:1.56238% STATE:S THREADS:3 WCHAN:futex_wait_queue
[2026-09-18T09:13:19.227+00:00] PID:2447012 CPU:0.00% RSS_KIB:2048 MEM:0.01288% STATE:S THREADS:1 WCHAN:do_wait
[2026-09-18T09:13:19.227+00:00] PID:2447020 CPU:0.00% RSS_KIB:248448 MEM:1.56238% STATE:S THREADS:3 WCHAN:futex_wait_queue
[2026-09-18T09:13:19.330+00:00] PID:2447012 CPU:0.00% RSS_KIB:2048 MEM:0.01288% STATE:S THREADS:1 WCHAN:do_wait
[2026-09-18T09:13:19.330+00:00] PID:2447020 CPU:0.00% RSS_KIB:248448 MEM:1.56238% STATE:S THREADS:3 WCHAN:futex_wait_queue
[2026-09-18T09:13:19.432+00:00] PID:2447012 CPU:0.00% RSS_KIB:2048 MEM:0.01288% STATE:S THREADS:1 WCHAN:do_wait
[2026-09-18T09:13:19.433+00:00] PID:2447020 CPU:0.00% RSS_KIB:248448 MEM:1.56238% STATE:S THREADS:3 WCHAN:futex_wait_queue
[2026-09-18T09:13:19.535+00:00] PID:2447012 CPU:0.00% RSS_KIB:2048 MEM:0.01288% STATE:S THREADS:1 WCHAN:do_wait
[2026-09-18T09:13:19.535+00:00] PID:2447020 CPU:0.00% RSS_KIB:248448 MEM:1.56238% STATE:S THREADS:3 WCHAN:futex_wait_queue
[2026-09-18T09:13:19.638+00:00] PID:2447012 CPU:0.00% RSS_KIB:2048 MEM:0.01288% STATE:S THREADS:1 WCHAN:do_wait
[2026-09-18T09:13:19.638+00:00] PID:2447020 CPU:0.00% RSS_KIB:248448 MEM:1.56238% STATE:S THREADS:3 WCHAN:futex_wait_queue
[2026-09-18T09:13:19.740+00:00] PID:2447012 CPU:0.00% RSS_KIB:2048 MEM:0.01288% STATE:S THREADS:1 WCHAN:do_wait
[2026-09-18T09:13:19.741+00:00] PID:2447020 CPU:0.00% RSS_KIB:248448 MEM:1.56238% STATE:S THREADS:3 WCHAN:futex_wait_queue
[2026-09-18T09:13:19.843+00:00] PID:2447012 CPU:0.00% RSS_KIB:2048 MEM:0.01288% STATE:S THREADS:1 WCHAN:do_wait
[2026-09-18T09:13:19.844+00:00] PID:2447020 CPU:0.00% RSS_KIB:248448 MEM:1.56238% STATE:S THREADS:3 WCHAN:futex_wait_queue
[2026-09-18T09:13:19.945+00:00] PID:2447012 CPU:0.00% RSS_KIB:2048 MEM:0.01288% STATE:S THREADS:1 WCHAN:do_wait
[2026-09-18T09:13:19.946+00:00] PID:2447020 CPU:0.00% RSS_KIB:248448 MEM:1.56238% STATE:S THREADS:3 WCHAN:futex_wait_queue
[2026-09-18T09:13:20.048+00:00] PID:2447012 CPU:0.00% RSS_KIB:2048 MEM:0.01288% STATE:S THREADS:1 WCHAN:do_wait
[2026-09-18T09:13:20.049+00:00] PID:2447020 CPU:0.00% RSS_KIB:248448 MEM:1.56238% STATE:S THREADS:3 WCHAN:futex_wait_queue
[2026-09-18T09:13:20.151+00:00] PID:2447012 CPU:0.00% RSS_KIB:2048 MEM:0.01288% STATE:S THREADS:1 WCHAN:do_wait
[2026-09-18T09:13:20.151+00:00] PID:2447020 CPU:0.00% RSS_KIB:248448 MEM:1.56238% STATE:S THREADS:3 WCHAN:futex_wait_queue
[2026-09-18T09:13:20.253+00:00] PID:2447012 CPU:0.00% RSS_KIB:2048 MEM:0.01288% STATE:S THREADS:1 WCHAN:do_wait
[2026-09-18T09:13:20.254+00:00] PID:2447020 CPU:0.00% RSS_KIB:248448 MEM:1.56238% STATE:S THREADS:3 WCHAN:futex_wait_queue
[2026-09-18T09:13:20.356+00:00] PID:2447012 CPU:0.00% RSS_KIB:2048 MEM:0.01288% STATE:S THREADS:1 WCHAN:do_wait
[2026-09-18T09:13:20.356+00:00] PID:2447020 CPU:0.00% RSS_KIB:248448 MEM:1.56238% STATE:S THREADS:3 WCHAN:futex_wait_queue
[2026-09-18T09:13:20.458+00:00] PID:2447012 CPU:0.00% RSS_KIB:2048 MEM:0.01288% STATE:S THREADS:1 WCHAN:do_wait
[2026-09-18T09:13:20.459+00:00] PID:2447020 CPU:0.00% RSS_KIB:248448 MEM:1.56238% STATE:S THREADS:3 WCHAN:futex_wait_queue
[2026-09-18T09:13:20.561+00:00] PID:2447012 CPU:0.00% RSS_KIB:2048 MEM:0.01288% STATE:S THREADS:1 WCHAN:do_wait
[2026-09-18T09:13:20.562+00:00] PID:2447020 CPU:0.00% RSS_KIB:248448 MEM:1.56238% STATE:S THREADS:3 WCHAN:futex_wait_queue
[2026-09-18T09:13:20.664+00:00] PID:2447012 CPU:0.00% RSS_KIB:2048 MEM:0.01288% STATE:S THREADS:1 WCHAN:do_wait
[2026-09-18T09:13:20.664+00:00] PID:2447020 CPU:0.00% RSS_KIB:248448 MEM:1.56238% STATE:S THREADS:3 WCHAN:futex_wait_queue
[2026-09-18T09:13:20.766+00:00] PID:2447012 CPU:0.00% RSS_KIB:2048 MEM:0.01288% STATE:S THREADS:1 WCHAN:do_wait
[2026-09-18T09:13:20.767+00:00] PID:2447020 CPU:0.00% RSS_KIB:248448 MEM:1.56238% STATE:S THREADS:3 WCHAN:futex_wait_queue
[2026-09-18T09:13:20.869+00:00] PID:2447012 CPU:0.00% RSS_KIB:2048 MEM:0.01288% STATE:S THREADS:1 WCHAN:do_wait
[2026-09-18T09:13:20.869+00:00] PID:2447020 CPU:0.00% RSS_KIB:248448 MEM:1.56238% STATE:S THREADS:3 WCHAN:futex_wait_queue
[2026-09-18T09:13:20.971+00:00] PID:2447012 CPU:0.00% RSS_KIB:2048 MEM:0.01288% STATE:S THREADS:1 WCHAN:do_wait
[2026-09-18T09:13:20.972+00:00] PID:2447020 CPU:0.00% RSS_KIB:248448 MEM:1.56238% STATE:S THREADS:3 WCHAN:futex_wait_queue
[2026-09-18T09:13:21.074+00:00] PID:2447012 CPU:0.00% RSS_KIB:2048 MEM:0.01288% STATE:S THREADS:1 WCHAN:do_wait
[2026-09-18T09:13:21.075+00:00] PID:2447020 CPU:19.44% RSS_KIB:274048 MEM:1.72337% STATE:S THREADS:3 WCHAN:futex_wait_queue
[2026-09-18T09:13:21.178+00:00] PID:2447012 CPU:0.00% RSS_KIB:2048 MEM:0.01288% STATE:S THREADS:1 WCHAN:do_wait
[2026-09-18T09:13:21.179+00:00] PID:2447020 CPU:0.00% RSS_KIB:274048 MEM:1.72337% STATE:S THREADS:3 WCHAN:futex_wait_queue
[2026-09-18T09:13:21.280+00:00] PID:2447012 CPU:0.00% RSS_KIB:2048 MEM:0.01288% STATE:S THREADS:1 WCHAN:do_wait
[2026-09-18T09:13:21.281+00:00] PID:2447020 CPU:0.00% RSS_KIB:274048 MEM:1.72337% STATE:S THREADS:3 WCHAN:futex_wait_queue
[2026-09-18T09:13:21.383+00:00] PID:2447012 CPU:0.00% RSS_KIB:2048 MEM:0.01288% STATE:S THREADS:1 WCHAN:do_wait
[2026-09-18T09:13:21.383+00:00] PID:2447020 CPU:0.00% RSS_KIB:274048 MEM:1.72337% STATE:S THREADS:3 WCHAN:futex_wait_queue
[2026-09-18T09:13:21.485+00:00] PID:2447012 CPU:0.00% RSS_KIB:2048 MEM:0.01288% STATE:S THREADS:1 WCHAN:do_wait
[2026-09-18T09:13:21.485+00:00] PID:2447020 CPU:0.00% RSS_KIB:274048 MEM:1.72337% STATE:S THREADS:3 WCHAN:futex_wait_queue
[2026-09-18T09:13:21.588+00:00] PID:2447012 CPU:0.00% RSS_KIB:2048 MEM:0.01288% STATE:S THREADS:1 WCHAN:do_wait
[2026-09-18T09:13:21.589+00:00] PID:2447020 CPU:0.00% RSS_KIB:274048 MEM:1.72337% STATE:S THREADS:3 WCHAN:futex_wait_queue
[2026-09-18T09:13:21.691+00:00] PID:2447012 CPU:0.00% RSS_KIB:2048 MEM:0.01288% STATE:S THREADS:1 WCHAN:do_wait
[2026-09-18T09:13:21.691+00:00] PID:2447020 CPU:0.00% RSS_KIB:274048 MEM:1.72337% STATE:S THREADS:3 WCHAN:futex_wait_queue
[2026-09-18T09:13:21.793+00:00] PID:2447012 CPU:0.00% RSS_KIB:2048 MEM:0.01288% STATE:S THREADS:1 WCHAN:do_wait
[2026-09-18T09:13:21.794+00:00] PID:2447020 CPU:0.00% RSS_KIB:274048 MEM:1.72337% STATE:S THREADS:3 WCHAN:futex_wait_queue
[2026-09-18T09:13:21.896+00:00] PID:2447012 CPU:0.00% RSS_KIB:2048 MEM:0.01288% STATE:S THREADS:1 WCHAN:do_wait
[2026-09-18T09:13:21.896+00:00] PID:2447020 CPU:19.54% RSS_KIB:274048 MEM:1.72337% STATE:S THREADS:3 WCHAN:futex_wait_queue
[2026-09-18T09:13:21.998+00:00] PID:2447012 CPU:0.00% RSS_KIB:2048 MEM:0.01288% STATE:S THREADS:1 WCHAN:do_wait
[2026-09-18T09:13:21.999+00:00] PID:2447020 CPU:0.00% RSS_KIB:274048 MEM:1.72337% STATE:S THREADS:3 WCHAN:futex_wait_queue
[2026-09-18T09:13:22.101+00:00] PID:2447012 CPU:0.00% RSS_KIB:2048 MEM:0.01288% STATE:S THREADS:1 WCHAN:do_wait
[2026-09-18T09:13:22.101+00:00] PID:2447020 CPU:0.00% RSS_KIB:274048 MEM:1.72337% STATE:S THREADS:3 WCHAN:futex_wait_queue
[2026-09-18T09:13:22.203+00:00] PID:2447012 CPU:0.00% RSS_KIB:2048 MEM:0.01288% STATE:S THREADS:1 WCHAN:do_wait
[2026-09-18T09:13:22.203+00:00] PID:2447020 CPU:0.00% RSS_KIB:274048 MEM:1.72337% STATE:S THREADS:3 WCHAN:futex_wait_queue
[2026-09-18T09:13:22.305+00:00] PID:2447012 CPU:0.00% RSS_KIB:2048 MEM:0.01288% STATE:S THREADS:1 WCHAN:do_wait
[2026-09-18T09:13:22.306+00:00] PID:2447020 CPU:0.00% RSS_KIB:274048 MEM:1.72337% STATE:S THREADS:3 WCHAN:futex_wait_queue
[2026-09-18T09:13:22.408+00:00] PID:2447012 CPU:0.00% RSS_KIB:2048 MEM:0.01288% STATE:S THREADS:1 WCHAN:do_wait
[2026-09-18T09:13:22.408+00:00] PID:2447020 CPU:0.00% RSS_KIB:274048 MEM:1.72337% STATE:S THREADS:3 WCHAN:futex_wait_queue
[2026-09-18T09:13:22.510+00:00] PID:2447012 CPU:0.00% RSS_KIB:2048 MEM:0.01288% STATE:S THREADS:1 WCHAN:do_wait
[2026-09-18T09:13:22.510+00:00] PID:2447020 CPU:0.00% RSS_KIB:274048 MEM:1.72337% STATE:S THREADS:3 WCHAN:futex_wait_queue
[2026-09-18T09:13:22.612+00:00] PID:2447012 CPU:0.00% RSS_KIB:2048 MEM:0.01288% STATE:S THREADS:1 WCHAN:do_wait
[2026-09-18T09:13:22.613+00:00] PID:2447020 CPU:0.00% RSS_KIB:274048 MEM:1.72337% STATE:S THREADS:3 WCHAN:futex_wait_queue
[2026-09-18T09:13:22.715+00:00] PID:2447012 CPU:0.00% RSS_KIB:2048 MEM:0.01288% STATE:S THREADS:1 WCHAN:do_wait
[2026-09-18T09:13:22.715+00:00] PID:2447020 CPU:0.00% RSS_KIB:274048 MEM:1.72337% STATE:S THREADS:3 WCHAN:futex_wait_queue
[2026-09-18T09:13:22.818+00:00] PID:2447012 CPU:0.00% RSS_KIB:2048 MEM:0.01288% STATE:S THREADS:1 WCHAN:do_wait
[2026-09-18T09:13:22.818+00:00] PID:2447020 CPU:0.00% RSS_KIB:274048 MEM:1.72337% STATE:S THREADS:3 WCHAN:futex_wait_queue
[2026-09-18T09:13:22.921+00:00] PID:2447012 CPU:0.00% RSS_KIB:2048 MEM:0.01288% STATE:S THREADS:1 WCHAN:do_wait
[2026-09-18T09:13:22.921+00:00] PID:2447020 CPU:0.00% RSS_KIB:274048 MEM:1.72337% STATE:S THREADS:3 WCHAN:futex_wait_queue
[2026-09-18T09:13:23.023+00:00] PID:2447012 CPU:0.00% RSS_KIB:2048 MEM:0.01288% STATE:S THREADS:1 WCHAN:do_wait
[2026-09-18T09:13:23.024+00:00] PID:2447020 CPU:0.00% RSS_KIB:274048 MEM:1.72337% STATE:S THREADS:3 WCHAN:futex_wait_queue
[2026-09-18T09:13:23.126+00:00] PID:2447012 CPU:0.00% RSS_KIB:2048 MEM:0.01288% STATE:S THREADS:1 WCHAN:do_wait
[2026-09-18T09:13:23.127+00:00] PID:2447020 CPU:0.00% RSS_KIB:274048 MEM:1.72337% STATE:S THREADS:3 WCHAN:futex_wait_queue
[2026-09-18T09:13:23.229+00:00] PID:2447012 CPU:0.00% RSS_KIB:2048 MEM:0.01288% STATE:S THREADS:1 WCHAN:do_wait
[2026-09-18T09:13:23.229+00:00] PID:2447020 CPU:0.00% RSS_KIB:274048 MEM:1.72337% STATE:S THREADS:3 WCHAN:futex_wait_queue
[2026-09-18T09:13:23.331+00:00] PID:2447012 CPU:0.00% RSS_KIB:2048 MEM:0.01288% STATE:S THREADS:1 WCHAN:do_wait
[2026-09-18T09:13:23.332+00:00] PID:2447020 CPU:0.00% RSS_KIB:274048 MEM:1.72337% STATE:S THREADS:3 WCHAN:futex_wait_queue
[2026-09-18T09:13:23.434+00:00] PID:2447012 CPU:0.00% RSS_KIB:2048 MEM:0.01288% STATE:S THREADS:1 WCHAN:do_wait
[2026-09-18T09:13:23.434+00:00] PID:2447020 CPU:0.00% RSS_KIB:274048 MEM:1.72337% STATE:S THREADS:3 WCHAN:futex_wait_queue
[2026-09-18T09:13:23.537+00:00] PID:2447012 CPU:0.00% RSS_KIB:2048 MEM:0.01288% STATE:S THREADS:1 WCHAN:do_wait
[2026-09-18T09:13:23.537+00:00] PID:2447020 CPU:0.00% RSS_KIB:274048 MEM:1.72337% STATE:S THREADS:3 WCHAN:futex_wait_queue
[2026-09-18T09:13:23.639+00:00] PID:2447012 CPU:0.00% RSS_KIB:2048 MEM:0.01288% STATE:S THREADS:1 WCHAN:do_wait
[2026-09-18T09:13:23.640+00:00] PID:2447020 CPU:0.00% RSS_KIB:274048 MEM:1.72337% STATE:S THREADS:3 WCHAN:futex_wait_queue
[2026-09-18T09:13:23.743+00:00] PID:2447012 CPU:0.00% RSS_KIB:2048 MEM:0.01288% STATE:S THREADS:1 WCHAN:do_wait
[2026-09-18T09:13:23.743+00:00] PID:2447020 CPU:0.00% RSS_KIB:274048 MEM:1.72337% STATE:S THREADS:3 WCHAN:futex_wait_queue
[2026-09-18T09:13:23.846+00:00] PID:2447012 CPU:0.00% RSS_KIB:2048 MEM:0.01288% STATE:S THREADS:1 WCHAN:do_wait
[2026-09-18T09:13:23.846+00:00] PID:2447020 CPU:0.00% RSS_KIB:274048 MEM:1.72337% STATE:S THREADS:3 WCHAN:futex_wait_queue
[2026-09-18T09:13:23.948+00:00] PID:2447012 CPU:0.00% RSS_KIB:2048 MEM:0.01288% STATE:S THREADS:1 WCHAN:do_wait
[2026-09-18T09:13:23.948+00:00] PID:2447020 CPU:0.00% RSS_KIB:274048 MEM:1.72337% STATE:S THREADS:3 WCHAN:futex_wait_queue
[2026-09-18T09:13:24.051+00:00] PID:2447012 CPU:0.00% RSS_KIB:2048 MEM:0.01288% STATE:S THREADS:1 WCHAN:do_wait
[2026-09-18T09:13:24.051+00:00] PID:2447020 CPU:9.75% RSS_KIB:281472 MEM:1.77005% STATE:S THREADS:3 WCHAN:futex_wait_queue
[2026-09-18T09:13:24.153+00:00] PID:2447012 CPU:0.00% RSS_KIB:2048 MEM:0.01288% STATE:S THREADS:1 WCHAN:do_wait
[2026-09-18T09:13:24.154+00:00] PID:2447020 CPU:19.48% RSS_KIB:299648 MEM:1.88435% STATE:S THREADS:3 WCHAN:futex_wait_queue
[2026-09-18T09:13:24.256+00:00] PID:2447012 CPU:0.00% RSS_KIB:2048 MEM:0.01288% STATE:S THREADS:1 WCHAN:do_wait
[2026-09-18T09:13:24.256+00:00] PID:2447020 CPU:0.00% RSS_KIB:299648 MEM:1.88435% STATE:S THREADS:3 WCHAN:futex_wait_queue
[2026-09-18T09:13:24.358+00:00] PID:2447012 CPU:0.00% RSS_KIB:2048 MEM:0.01288% STATE:S THREADS:1 WCHAN:do_wait
[2026-09-18T09:13:24.359+00:00] PID:2447020 CPU:0.00% RSS_KIB:299648 MEM:1.88435% STATE:S THREADS:3 WCHAN:futex_wait_queue
[2026-09-18T09:13:24.461+00:00] PID:2447012 CPU:0.00% RSS_KIB:2048 MEM:0.01288% STATE:S THREADS:1 WCHAN:do_wait
[2026-09-18T09:13:24.461+00:00] PID:2447020 CPU:0.00% RSS_KIB:299648 MEM:1.88435% STATE:S THREADS:3 WCHAN:futex_wait_queue
[2026-09-18T09:13:24.564+00:00] PID:2447012 CPU:0.00% RSS_KIB:2048 MEM:0.01288% STATE:S THREADS:1 WCHAN:do_wait
[2026-09-18T09:13:24.564+00:00] PID:2447020 CPU:0.00% RSS_KIB:299648 MEM:1.88435% STATE:S THREADS:3 WCHAN:futex_wait_queue
[2026-09-18T09:13:24.666+00:00] PID:2447012 CPU:0.00% RSS_KIB:2048 MEM:0.01288% STATE:S THREADS:1 WCHAN:do_wait
[2026-09-18T09:13:24.667+00:00] PID:2447020 CPU:0.00% RSS_KIB:299648 MEM:1.88435% STATE:S THREADS:3 WCHAN:futex_wait_queue
[2026-09-18T09:13:24.769+00:00] PID:2447012 CPU:0.00% RSS_KIB:2048 MEM:0.01288% STATE:S THREADS:1 WCHAN:do_wait
[2026-09-18T09:13:24.769+00:00] PID:2447020 CPU:0.00% RSS_KIB:299648 MEM:1.88435% STATE:S THREADS:3 WCHAN:futex_wait_queue
[2026-09-18T09:13:24.871+00:00] PID:2447012 CPU:0.00% RSS_KIB:2048 MEM:0.01288% STATE:S THREADS:1 WCHAN:do_wait
[2026-09-18T09:13:24.872+00:00] PID:2447020 CPU:0.00% RSS_KIB:299648 MEM:1.88435% STATE:S THREADS:3 WCHAN:futex_wait_queue
[2026-09-18T09:13:24.974+00:00] PID:2447012 CPU:0.00% RSS_KIB:2048 MEM:0.01288% STATE:S THREADS:1 WCHAN:do_wait
[2026-09-18T09:13:24.975+00:00] PID:2447020 CPU:19.52% RSS_KIB:299648 MEM:1.88435% STATE:S THREADS:3 WCHAN:futex_wait_queue
[2026-09-18T09:13:25.077+00:00] PID:2447012 CPU:0.00% RSS_KIB:2048 MEM:0.01288% STATE:S THREADS:1 WCHAN:do_wait
[2026-09-18T09:13:25.077+00:00] PID:2447020 CPU:0.00% RSS_KIB:299648 MEM:1.88435% STATE:S THREADS:3 WCHAN:futex_wait_queue
[2026-09-18T09:13:25.179+00:00] PID:2447012 CPU:0.00% RSS_KIB:2048 MEM:0.01288% STATE:S THREADS:1 WCHAN:do_wait
[2026-09-18T09:13:25.180+00:00] PID:2447020 CPU:0.00% RSS_KIB:299648 MEM:1.88435% STATE:S THREADS:3 WCHAN:futex_wait_queue
[2026-09-18T09:13:25.282+00:00] PID:2447012 CPU:0.00% RSS_KIB:2048 MEM:0.01288% STATE:S THREADS:1 WCHAN:do_wait
[2026-09-18T09:13:25.283+00:00] PID:2447020 CPU:0.00% RSS_KIB:299648 MEM:1.88435% STATE:S THREADS:3 WCHAN:futex_wait_queue
[2026-09-18T09:13:25.385+00:00] PID:2447012 CPU:0.00% RSS_KIB:2048 MEM:0.01288% STATE:S THREADS:1 WCHAN:do_wait
[2026-09-18T09:13:25.386+00:00] PID:2447020 CPU:0.00% RSS_KIB:299648 MEM:1.88435% STATE:S THREADS:3 WCHAN:futex_wait_queue
[2026-09-18T09:13:25.488+00:00] PID:2447012 CPU:0.00% RSS_KIB:2048 MEM:0.01288% STATE:S THREADS:1 WCHAN:do_wait
[2026-09-18T09:13:25.489+00:00] PID:2447020 CPU:0.00% RSS_KIB:299648 MEM:1.88435% STATE:S THREADS:3 WCHAN:futex_wait_queue
[2026-09-18T09:13:25.591+00:00] PID:2447012 CPU:0.00% RSS_KIB:2048 MEM:0.01288% STATE:S THREADS:1 WCHAN:do_wait
[2026-09-18T09:13:25.591+00:00] PID:2447020 CPU:0.00% RSS_KIB:299648 MEM:1.88435% STATE:S THREADS:3 WCHAN:futex_wait_queue
[2026-09-18T09:13:25.693+00:00] PID:2447012 CPU:0.00% RSS_KIB:2048 MEM:0.01288% STATE:S THREADS:1 WCHAN:do_wait
[2026-09-18T09:13:25.694+00:00] PID:2447020 CPU:0.00% RSS_KIB:299648 MEM:1.88435% STATE:S THREADS:3 WCHAN:futex_wait_queue
[2026-09-18T09:13:25.796+00:00] PID:2447012 CPU:0.00% RSS_KIB:2048 MEM:0.01288% STATE:S THREADS:1 WCHAN:do_wait
[2026-09-18T09:13:25.796+00:00] PID:2447020 CPU:0.00% RSS_KIB:299648 MEM:1.88435% STATE:S THREADS:3 WCHAN:futex_wait_queue
[2026-09-18T09:13:25.899+00:00] PID:2447012 CPU:0.00% RSS_KIB:2048 MEM:0.01288% STATE:S THREADS:1 WCHAN:do_wait
[2026-09-18T09:13:25.900+00:00] PID:2447020 CPU:0.00% RSS_KIB:299648 MEM:1.88435% STATE:S THREADS:3 WCHAN:futex_wait_queue
[2026-09-18T09:13:26.002+00:00] PID:2447012 CPU:0.00% RSS_KIB:2048 MEM:0.01288% STATE:S THREADS:1 WCHAN:do_wait
[2026-09-18T09:13:26.003+00:00] PID:2447020 CPU:0.00% RSS_KIB:299648 MEM:1.88435% STATE:S THREADS:3 WCHAN:futex_wait_queue
[2026-09-18T09:13:26.105+00:00] PID:2447012 CPU:0.00% RSS_KIB:2048 MEM:0.01288% STATE:S THREADS:1 WCHAN:do_wait
[2026-09-18T09:13:26.105+00:00] PID:2447020 CPU:0.00% RSS_KIB:299648 MEM:1.88435% STATE:S THREADS:3 WCHAN:futex_wait_queue
[2026-09-18T09:13:26.207+00:00] PID:2447012 CPU:0.00% RSS_KIB:2048 MEM:0.01288% STATE:S THREADS:1 WCHAN:do_wait
[2026-09-18T09:13:26.208+00:00] PID:2447020 CPU:0.00% RSS_KIB:299648 MEM:1.88435% STATE:S THREADS:3 WCHAN:futex_wait_queue
[2026-09-18T09:13:26.310+00:00] PID:2447012 CPU:0.00% RSS_KIB:2048 MEM:0.01288% STATE:S THREADS:1 WCHAN:do_wait
[2026-09-18T09:13:26.311+00:00] PID:2447020 CPU:0.00% RSS_KIB:299648 MEM:1.88435% STATE:S THREADS:3 WCHAN:futex_wait_queue
[2026-09-18T09:13:26.413+00:00] PID:2447012 CPU:0.00% RSS_KIB:2048 MEM:0.01288% STATE:S THREADS:1 WCHAN:do_wait
[2026-09-18T09:13:26.413+00:00] PID:2447020 CPU:0.00% RSS_KIB:299648 MEM:1.88435% STATE:S THREADS:3 WCHAN:futex_wait_queue
[2026-09-18T09:13:26.516+00:00] PID:2447012 CPU:0.00% RSS_KIB:2048 MEM:0.01288% STATE:S THREADS:1 WCHAN:do_wait
[2026-09-18T09:13:26.516+00:00] PID:2447020 CPU:0.00% RSS_KIB:299648 MEM:1.88435% STATE:S THREADS:3 WCHAN:futex_wait_queue
[2026-09-18T09:13:26.618+00:00] PID:2447012 CPU:0.00% RSS_KIB:2048 MEM:0.01288% STATE:S THREADS:1 WCHAN:do_wait
[2026-09-18T09:13:26.619+00:00] PID:2447020 CPU:0.00% RSS_KIB:299648 MEM:1.88435% STATE:S THREADS:3 WCHAN:futex_wait_queue
[2026-09-18T09:13:26.721+00:00] PID:2447012 CPU:0.00% RSS_KIB:2048 MEM:0.01288% STATE:S THREADS:1 WCHAN:do_wait
[2026-09-18T09:13:26.721+00:00] PID:2447020 CPU:0.00% RSS_KIB:299648 MEM:1.88435% STATE:S THREADS:3 WCHAN:futex_wait_queue
[2026-09-18T09:13:26.823+00:00] PID:2447012 CPU:0.00% RSS_KIB:2048 MEM:0.01288% STATE:S THREADS:1 WCHAN:do_wait
[2026-09-18T09:13:26.824+00:00] PID:2447020 CPU:0.00% RSS_KIB:299648 MEM:1.88435% STATE:S THREADS:3 WCHAN:futex_wait_queue
[2026-09-18T09:13:26.926+00:00] PID:2447012 CPU:0.00% RSS_KIB:2048 MEM:0.01288% STATE:S THREADS:1 WCHAN:do_wait
[2026-09-18T09:13:26.927+00:00] PID:2447020 CPU:0.00% RSS_KIB:299648 MEM:1.88435% STATE:S THREADS:3 WCHAN:futex_wait_queue
[2026-09-18T09:13:27.029+00:00] PID:2447012 CPU:0.00% RSS_KIB:2048 MEM:0.01288% STATE:S THREADS:1 WCHAN:do_wait
[2026-09-18T09:13:27.030+00:00] PID:2447020 CPU:0.00% RSS_KIB:299648 MEM:1.88435% STATE:S THREADS:3 WCHAN:futex_wait_queue
[2026-09-18T09:13:27.132+00:00] PID:2447012 CPU:0.00% RSS_KIB:2048 MEM:0.01288% STATE:S THREADS:1 WCHAN:do_wait
[2026-09-18T09:13:27.132+00:00] PID:2447020 CPU:9.72% RSS_KIB:325248 MEM:2.04534% STATE:S THREADS:3 WCHAN:futex_wait_queue
[2026-09-18T09:13:27.235+00:00] PID:2447012 CPU:0.00% RSS_KIB:2048 MEM:0.01288% STATE:S THREADS:1 WCHAN:do_wait
[2026-09-18T09:13:27.236+00:00] PID:2447020 CPU:0.00% RSS_KIB:325248 MEM:2.04534% STATE:S THREADS:3 WCHAN:futex_wait_queue
[2026-09-18T09:13:27.338+00:00] PID:2447012 CPU:0.00% RSS_KIB:2048 MEM:0.01288% STATE:S THREADS:1 WCHAN:do_wait
[2026-09-18T09:13:27.338+00:00] PID:2447020 CPU:0.00% RSS_KIB:325248 MEM:2.04534% STATE:S THREADS:3 WCHAN:futex_wait_queue
[2026-09-18T09:13:27.441+00:00] PID:2447012 CPU:0.00% RSS_KIB:2048 MEM:0.01288% STATE:S THREADS:1 WCHAN:do_wait
[2026-09-18T09:13:27.441+00:00] PID:2447020 CPU:0.00% RSS_KIB:325248 MEM:2.04534% STATE:S THREADS:3 WCHAN:futex_wait_queue
[2026-09-18T09:13:27.543+00:00] PID:2447012 CPU:0.00% RSS_KIB:2048 MEM:0.01288% STATE:S THREADS:1 WCHAN:do_wait
[2026-09-18T09:13:27.543+00:00] PID:2447020 CPU:0.00% RSS_KIB:325248 MEM:2.04534% STATE:S THREADS:3 WCHAN:futex_wait_queue
[2026-09-18T09:13:27.646+00:00] PID:2447012 CPU:0.00% RSS_KIB:2048 MEM:0.01288% STATE:S THREADS:1 WCHAN:do_wait
[2026-09-18T09:13:27.646+00:00] PID:2447020 CPU:0.00% RSS_KIB:325248 MEM:2.04534% STATE:S THREADS:3 WCHAN:futex_wait_queue
[2026-09-18T09:13:27.748+00:00] PID:2447012 CPU:0.00% RSS_KIB:2048 MEM:0.01288% STATE:S THREADS:1 WCHAN:do_wait
[2026-09-18T09:13:27.749+00:00] PID:2447020 CPU:0.00% RSS_KIB:325248 MEM:2.04534% STATE:S THREADS:3 WCHAN:futex_wait_queue
[2026-09-18T09:13:27.850+00:00] PID:2447012 CPU:0.00% RSS_KIB:2048 MEM:0.01288% STATE:S THREADS:1 WCHAN:do_wait
[2026-09-18T09:13:27.851+00:00] PID:2447020 CPU:0.00% RSS_KIB:325248 MEM:2.04534% STATE:S THREADS:3 WCHAN:futex_wait_queue
[2026-09-18T09:13:27.954+00:00] PID:2447012 CPU:0.00% RSS_KIB:2048 MEM:0.01288% STATE:S THREADS:1 WCHAN:do_wait
[2026-09-18T09:13:27.954+00:00] PID:2447020 CPU:0.00% RSS_KIB:325248 MEM:2.04534% STATE:S THREADS:3 WCHAN:futex_wait_queue
[2026-09-18T09:13:28.056+00:00] PID:2447012 CPU:0.00% RSS_KIB:2048 MEM:0.01288% STATE:S THREADS:1 WCHAN:do_wait
[2026-09-18T09:13:28.057+00:00] PID:2447020 CPU:9.71% RSS_KIB:325248 MEM:2.04534% STATE:S THREADS:3 WCHAN:futex_wait_queue
[2026-09-18T09:13:28.159+00:00] PID:2447012 CPU:0.00% RSS_KIB:2048 MEM:0.01288% STATE:S THREADS:1 WCHAN:do_wait
[2026-09-18T09:13:28.160+00:00] PID:2447020 CPU:0.00% RSS_KIB:325248 MEM:2.04534% STATE:S THREADS:3 WCHAN:futex_wait_queue
[2026-09-18T09:13:28.262+00:00] PID:2447012 CPU:0.00% RSS_KIB:2048 MEM:0.01288% STATE:S THREADS:1 WCHAN:do_wait
[2026-09-18T09:13:28.262+00:00] PID:2447020 CPU:0.00% RSS_KIB:325248 MEM:2.04534% STATE:S THREADS:3 WCHAN:futex_wait_queue
[2026-09-18T09:13:28.364+00:00] PID:2447012 CPU:0.00% RSS_KIB:2048 MEM:0.01288% STATE:S THREADS:1 WCHAN:do_wait
[2026-09-18T09:13:28.365+00:00] PID:2447020 CPU:0.00% RSS_KIB:325248 MEM:2.04534% STATE:S THREADS:3 WCHAN:futex_wait_queue
[2026-09-18T09:13:28.467+00:00] PID:2447012 CPU:0.00% RSS_KIB:2048 MEM:0.01288% STATE:S THREADS:1 WCHAN:do_wait
[2026-09-18T09:13:28.468+00:00] PID:2447020 CPU:0.00% RSS_KIB:325248 MEM:2.04534% STATE:S THREADS:3 WCHAN:futex_wait_queue
[2026-09-18T09:13:28.570+00:00] PID:2447012 CPU:0.00% RSS_KIB:2048 MEM:0.01288% STATE:S THREADS:1 WCHAN:do_wait
[2026-09-18T09:13:28.570+00:00] PID:2447020 CPU:0.00% RSS_KIB:325248 MEM:2.04534% STATE:S THREADS:3 WCHAN:futex_wait_queue
[2026-09-18T09:13:28.672+00:00] PID:2447012 CPU:0.00% RSS_KIB:2048 MEM:0.01288% STATE:S THREADS:1 WCHAN:do_wait
[2026-09-18T09:13:28.673+00:00] PID:2447020 CPU:0.00% RSS_KIB:325248 MEM:2.04534% STATE:S THREADS:3 WCHAN:futex_wait_queue
[2026-09-18T09:13:28.775+00:00] PID:2447012 CPU:0.00% RSS_KIB:2048 MEM:0.01288% STATE:S THREADS:1 WCHAN:do_wait
[2026-09-18T09:13:28.776+00:00] PID:2447020 CPU:0.00% RSS_KIB:325248 MEM:2.04534% STATE:S THREADS:3 WCHAN:futex_wait_queue
[2026-09-18T09:13:28.878+00:00] PID:2447012 CPU:0.00% RSS_KIB:2048 MEM:0.01288% STATE:S THREADS:1 WCHAN:do_wait
[2026-09-18T09:13:28.878+00:00] PID:2447020 CPU:0.00% RSS_KIB:325248 MEM:2.04534% STATE:S THREADS:3 WCHAN:futex_wait_queue
[2026-09-18T09:13:28.980+00:00] PID:2447012 CPU:0.00% RSS_KIB:2048 MEM:0.01288% STATE:S THREADS:1 WCHAN:do_wait
[2026-09-18T09:13:28.981+00:00] PID:2447020 CPU:0.00% RSS_KIB:325248 MEM:2.04534% STATE:S THREADS:3 WCHAN:futex_wait_queue
[2026-09-18T09:13:29.083+00:00] PID:2447012 CPU:0.00% RSS_KIB:2048 MEM:0.01288% STATE:S THREADS:1 WCHAN:do_wait
[2026-09-18T09:13:29.084+00:00] PID:2447020 CPU:0.00% RSS_KIB:325248 MEM:2.04534% STATE:S THREADS:3 WCHAN:futex_wait_queue
[2026-09-18T09:13:29.186+00:00] PID:2447012 CPU:0.00% RSS_KIB:2048 MEM:0.01288% STATE:S THREADS:1 WCHAN:do_wait
[2026-09-18T09:13:29.186+00:00] PID:2447020 CPU:0.00% RSS_KIB:325248 MEM:2.04534% STATE:S THREADS:3 WCHAN:futex_wait_queue
[2026-09-18T09:13:29.288+00:00] PID:2447012 CPU:0.00% RSS_KIB:2048 MEM:0.01288% STATE:S THREADS:1 WCHAN:do_wait
[2026-09-18T09:13:29.289+00:00] PID:2447020 CPU:0.00% RSS_KIB:325248 MEM:2.04534% STATE:S THREADS:3 WCHAN:futex_wait_queue
[2026-09-18T09:13:29.391+00:00] PID:2447012 CPU:0.00% RSS_KIB:2048 MEM:0.01288% STATE:S THREADS:1 WCHAN:do_wait
[2026-09-18T09:13:29.391+00:00] PID:2447020 CPU:0.00% RSS_KIB:325248 MEM:2.04534% STATE:S THREADS:3 WCHAN:futex_wait_queue
[2026-09-18T09:13:29.494+00:00] PID:2447012 CPU:0.00% RSS_KIB:2048 MEM:0.01288% STATE:S THREADS:1 WCHAN:do_wait
[2026-09-18T09:13:29.494+00:00] PID:2447020 CPU:0.00% RSS_KIB:325248 MEM:2.04534% STATE:S THREADS:3 WCHAN:futex_wait_queue
[2026-09-18T09:13:29.596+00:00] PID:2447012 CPU:0.00% RSS_KIB:2048 MEM:0.01288% STATE:S THREADS:1 WCHAN:do_wait
[2026-09-18T09:13:29.596+00:00] PID:2447020 CPU:0.00% RSS_KIB:325248 MEM:2.04534% STATE:S THREADS:3 WCHAN:futex_wait_queue
[2026-09-18T09:13:29.699+00:00] PID:2447012 CPU:0.00% RSS_KIB:2048 MEM:0.01288% STATE:S THREADS:1 WCHAN:do_wait
[2026-09-18T09:13:29.699+00:00] PID:2447020 CPU:0.00% RSS_KIB:325248 MEM:2.04534% STATE:S THREADS:3 WCHAN:futex_wait_queue
[2026-09-18T09:13:29.801+00:00] PID:2447012 CPU:0.00% RSS_KIB:2048 MEM:0.01288% STATE:S THREADS:1 WCHAN:do_wait
[2026-09-18T09:13:29.802+00:00] PID:2447020 CPU:0.00% RSS_KIB:325248 MEM:2.04534% STATE:S THREADS:3 WCHAN:futex_wait_queue
[2026-09-18T09:13:29.904+00:00] PID:2447012 CPU:0.00% RSS_KIB:2048 MEM:0.01288% STATE:S THREADS:1 WCHAN:do_wait
[2026-09-18T09:13:29.904+00:00] PID:2447020 CPU:0.00% RSS_KIB:325248 MEM:2.04534% STATE:S THREADS:3 WCHAN:futex_wait_queue
[2026-09-18T09:13:30.006+00:00] PID:2447012 CPU:0.00% RSS_KIB:2048 MEM:0.01288% STATE:S THREADS:1 WCHAN:do_wait
[2026-09-18T09:13:30.007+00:00] PID:2447020 CPU:0.00% RSS_KIB:325248 MEM:2.04534% STATE:S THREADS:3 WCHAN:futex_wait_queue
[2026-09-18T09:13:30.109+00:00] PID:2447012 CPU:0.00% RSS_KIB:2048 MEM:0.01288% STATE:S THREADS:1 WCHAN:do_wait
[2026-09-18T09:13:30.109+00:00] PID:2447020 CPU:0.00% RSS_KIB:325248 MEM:2.04534% STATE:S THREADS:3 WCHAN:futex_wait_queue
[2026-09-18T09:13:30.211+00:00] PID:2447012 CPU:0.00% RSS_KIB:2048 MEM:0.01288% STATE:S THREADS:1 WCHAN:do_wait
[2026-09-18T09:13:30.212+00:00] PID:2447020 CPU:19.53% RSS_KIB:350848 MEM:2.20633% STATE:S THREADS:3 WCHAN:futex_wait_queue
[2026-09-18T09:13:30.314+00:00] PID:2447012 CPU:0.00% RSS_KIB:2048 MEM:0.01288% STATE:S THREADS:1 WCHAN:do_wait
[2026-09-18T09:13:30.315+00:00] PID:2447020 CPU:0.00% RSS_KIB:350848 MEM:2.20633% STATE:S THREADS:3 WCHAN:futex_wait_queue
[2026-09-18T09:13:30.416+00:00] PID:2447012 CPU:0.00% RSS_KIB:2048 MEM:0.01288% STATE:S THREADS:1 WCHAN:do_wait
[2026-09-18T09:13:30.417+00:00] PID:2447020 CPU:0.00% RSS_KIB:350848 MEM:2.20633% STATE:S THREADS:3 WCHAN:futex_wait_queue
[2026-09-18T09:13:30.519+00:00] PID:2447012 CPU:0.00% RSS_KIB:2048 MEM:0.01288% STATE:S THREADS:1 WCHAN:do_wait
[2026-09-18T09:13:30.520+00:00] PID:2447020 CPU:0.00% RSS_KIB:350848 MEM:2.20633% STATE:S THREADS:3 WCHAN:futex_wait_queue
[2026-09-18T09:13:30.622+00:00] PID:2447012 CPU:0.00% RSS_KIB:2048 MEM:0.01288% STATE:S THREADS:1 WCHAN:do_wait
[2026-09-18T09:13:30.622+00:00] PID:2447020 CPU:0.00% RSS_KIB:350848 MEM:2.20633% STATE:S THREADS:3 WCHAN:futex_wait_queue
[2026-09-18T09:13:30.725+00:00] PID:2447012 CPU:0.00% RSS_KIB:2048 MEM:0.01288% STATE:S THREADS:1 WCHAN:do_wait
[2026-09-18T09:13:30.725+00:00] PID:2447020 CPU:0.00% RSS_KIB:350848 MEM:2.20633% STATE:S THREADS:3 WCHAN:futex_wait_queue
[2026-09-18T09:13:30.827+00:00] PID:2447012 CPU:0.00% RSS_KIB:2048 MEM:0.01288% STATE:S THREADS:1 WCHAN:do_wait
[2026-09-18T09:13:30.828+00:00] PID:2447020 CPU:0.00% RSS_KIB:350848 MEM:2.20633% STATE:S THREADS:3 WCHAN:futex_wait_queue
[2026-09-18T09:13:30.930+00:00] PID:2447012 CPU:0.00% RSS_KIB:2048 MEM:0.01288% STATE:S THREADS:1 WCHAN:do_wait
[2026-09-18T09:13:30.931+00:00] PID:2447020 CPU:0.00% RSS_KIB:350848 MEM:2.20633% STATE:S THREADS:3 WCHAN:futex_wait_queue
[2026-09-18T09:13:31.033+00:00] PID:2447012 CPU:0.00% RSS_KIB:2048 MEM:0.01288% STATE:S THREADS:1 WCHAN:do_wait
[2026-09-18T09:13:31.034+00:00] PID:2447020 CPU:0.00% RSS_KIB:350848 MEM:2.20633% STATE:S THREADS:3 WCHAN:futex_wait_queue
[2026-09-18T09:13:31.136+00:00] PID:2447012 CPU:0.00% RSS_KIB:2048 MEM:0.01288% STATE:S THREADS:1 WCHAN:do_wait
[2026-09-18T09:13:31.136+00:00] PID:2447020 CPU:0.00% RSS_KIB:350848 MEM:2.20633% STATE:S THREADS:3 WCHAN:futex_wait_queue
[2026-09-18T09:13:31.238+00:00] PID:2447012 CPU:0.00% RSS_KIB:2048 MEM:0.01288% STATE:S THREADS:1 WCHAN:do_wait
[2026-09-18T09:13:31.239+00:00] PID:2447020 CPU:9.76% RSS_KIB:350848 MEM:2.20633% STATE:S THREADS:3 WCHAN:futex_wait_queue
[2026-09-18T09:13:31.341+00:00] PID:2447012 CPU:0.00% RSS_KIB:2048 MEM:0.01288% STATE:S THREADS:1 WCHAN:do_wait
[2026-09-18T09:13:31.341+00:00] PID:2447020 CPU:0.00% RSS_KIB:350848 MEM:2.20633% STATE:S THREADS:3 WCHAN:futex_wait_queue
[2026-09-18T09:13:31.444+00:00] PID:2447012 CPU:0.00% RSS_KIB:2048 MEM:0.01288% STATE:S THREADS:1 WCHAN:do_wait
[2026-09-18T09:13:31.444+00:00] PID:2447020 CPU:0.00% RSS_KIB:350848 MEM:2.20633% STATE:S THREADS:3 WCHAN:futex_wait_queue
[2026-09-18T09:13:31.546+00:00] PID:2447012 CPU:0.00% RSS_KIB:2048 MEM:0.01288% STATE:S THREADS:1 WCHAN:do_wait
[2026-09-18T09:13:31.547+00:00] PID:2447020 CPU:0.00% RSS_KIB:350848 MEM:2.20633% STATE:S THREADS:3 WCHAN:futex_wait_queue
[2026-09-18T09:13:31.649+00:00] PID:2447012 CPU:0.00% RSS_KIB:2048 MEM:0.01288% STATE:S THREADS:1 WCHAN:do_wait
[2026-09-18T09:13:31.649+00:00] PID:2447020 CPU:0.00% RSS_KIB:350848 MEM:2.20633% STATE:S THREADS:3 WCHAN:futex_wait_queue
[2026-09-18T09:13:31.752+00:00] PID:2447012 CPU:0.00% RSS_KIB:2048 MEM:0.01288% STATE:S THREADS:1 WCHAN:do_wait
[2026-09-18T09:13:31.752+00:00] PID:2447020 CPU:0.00% RSS_KIB:350848 MEM:2.20633% STATE:S THREADS:3 WCHAN:futex_wait_queue
[2026-09-18T09:13:31.854+00:00] PID:2447012 CPU:0.00% RSS_KIB:2048 MEM:0.01288% STATE:S THREADS:1 WCHAN:do_wait
[2026-09-18T09:13:31.855+00:00] PID:2447020 CPU:0.00% RSS_KIB:350848 MEM:2.20633% STATE:S THREADS:3 WCHAN:futex_wait_queue
[2026-09-18T09:13:31.957+00:00] PID:2447012 CPU:0.00% RSS_KIB:2048 MEM:0.01288% STATE:S THREADS:1 WCHAN:do_wait
[2026-09-18T09:13:31.957+00:00] PID:2447020 CPU:0.00% RSS_KIB:350848 MEM:2.20633% STATE:S THREADS:3 WCHAN:futex_wait_queue
[2026-09-18T09:13:32.059+00:00] PID:2447012 CPU:0.00% RSS_KIB:2048 MEM:0.01288% STATE:S THREADS:1 WCHAN:do_wait
[2026-09-18T09:13:32.060+00:00] PID:2447020 CPU:0.00% RSS_KIB:350848 MEM:2.20633% STATE:S THREADS:3 WCHAN:futex_wait_queue
[2026-09-18T09:13:32.162+00:00] PID:2447012 CPU:0.00% RSS_KIB:2048 MEM:0.01288% STATE:S THREADS:1 WCHAN:do_wait
[2026-09-18T09:13:32.162+00:00] PID:2447020 CPU:0.00% RSS_KIB:350848 MEM:2.20633% STATE:S THREADS:3 WCHAN:futex_wait_queue
[2026-09-18T09:13:32.264+00:00] PID:2447012 CPU:0.00% RSS_KIB:2048 MEM:0.01288% STATE:S THREADS:1 WCHAN:do_wait
[2026-09-18T09:13:32.265+00:00] PID:2447020 CPU:0.00% RSS_KIB:350848 MEM:2.20633% STATE:S THREADS:3 WCHAN:futex_wait_queue
[2026-09-18T09:13:32.367+00:00] PID:2447012 CPU:0.00% RSS_KIB:2048 MEM:0.01288% STATE:S THREADS:1 WCHAN:do_wait
[2026-09-18T09:13:32.367+00:00] PID:2447020 CPU:0.00% RSS_KIB:350848 MEM:2.20633% STATE:S THREADS:3 WCHAN:futex_wait_queue
[2026-09-18T09:13:32.470+00:00] PID:2447012 CPU:0.00% RSS_KIB:2048 MEM:0.01288% STATE:S THREADS:1 WCHAN:do_wait
[2026-09-18T09:13:32.470+00:00] PID:2447020 CPU:0.00% RSS_KIB:350848 MEM:2.20633% STATE:S THREADS:3 WCHAN:futex_wait_queue
[2026-09-18T09:13:32.572+00:00] PID:2447012 CPU:0.00% RSS_KIB:2048 MEM:0.01288% STATE:S THREADS:1 WCHAN:do_wait
[2026-09-18T09:13:32.572+00:00] PID:2447020 CPU:0.00% RSS_KIB:350848 MEM:2.20633% STATE:S THREADS:3 WCHAN:futex_wait_queue
[2026-09-18T09:13:32.674+00:00] PID:2447012 CPU:0.00% RSS_KIB:2048 MEM:0.01288% STATE:S THREADS:1 WCHAN:do_wait
[2026-09-18T09:13:32.675+00:00] PID:2447020 CPU:0.00% RSS_KIB:350848 MEM:2.20633% STATE:S THREADS:3 WCHAN:futex_wait_queue
[2026-09-18T09:13:32.777+00:00] PID:2447012 CPU:0.00% RSS_KIB:2048 MEM:0.01288% STATE:S THREADS:1 WCHAN:do_wait
[2026-09-18T09:13:32.778+00:00] PID:2447020 CPU:0.00% RSS_KIB:350848 MEM:2.20633% STATE:S THREADS:3 WCHAN:futex_wait_queue
[2026-09-18T09:13:32.880+00:00] PID:2447012 CPU:0.00% RSS_KIB:2048 MEM:0.01288% STATE:S THREADS:1 WCHAN:do_wait
[2026-09-18T09:13:32.881+00:00] PID:2447020 CPU:0.00% RSS_KIB:350848 MEM:2.20633% STATE:S THREADS:3 WCHAN:futex_wait_queue
[2026-09-18T09:13:32.983+00:00] PID:2447012 CPU:0.00% RSS_KIB:2048 MEM:0.01288% STATE:S THREADS:1 WCHAN:do_wait
[2026-09-18T09:13:32.984+00:00] PID:2447020 CPU:0.00% RSS_KIB:350848 MEM:2.20633% STATE:S THREADS:3 WCHAN:futex_wait_queue
[2026-09-18T09:13:33.086+00:00] PID:2447012 CPU:0.00% RSS_KIB:2048 MEM:0.01288% STATE:S THREADS:1 WCHAN:do_wait
[2026-09-18T09:13:33.087+00:00] PID:2447020 CPU:0.00% RSS_KIB:350848 MEM:2.20633% STATE:S THREADS:3 WCHAN:futex_wait_queue
[2026-09-18T09:13:33.189+00:00] PID:2447012 CPU:0.00% RSS_KIB:2048 MEM:0.01288% STATE:S THREADS:1 WCHAN:do_wait
[2026-09-18T09:13:33.189+00:00] PID:2447020 CPU:19.46% RSS_KIB:376448 MEM:2.36731% STATE:S THREADS:3 WCHAN:futex_wait_queue
[2026-09-18T09:13:33.292+00:00] PID:2447012 CPU:0.00% RSS_KIB:2048 MEM:0.01288% STATE:S THREADS:1 WCHAN:do_wait
[2026-09-18T09:13:33.292+00:00] PID:2447020 CPU:0.00% RSS_KIB:376448 MEM:2.36731% STATE:S THREADS:3 WCHAN:futex_wait_queue
[2026-09-18T09:13:33.394+00:00] PID:2447012 CPU:0.00% RSS_KIB:2048 MEM:0.01288% STATE:S THREADS:1 WCHAN:do_wait
[2026-09-18T09:13:33.395+00:00] PID:2447020 CPU:0.00% RSS_KIB:376448 MEM:2.36731% STATE:S THREADS:3 WCHAN:futex_wait_queue
[2026-09-18T09:13:33.497+00:00] PID:2447012 CPU:0.00% RSS_KIB:2048 MEM:0.01288% STATE:S THREADS:1 WCHAN:do_wait
[2026-09-18T09:13:33.498+00:00] PID:2447020 CPU:0.00% RSS_KIB:376448 MEM:2.36731% STATE:S THREADS:3 WCHAN:futex_wait_queue
[2026-09-18T09:13:33.600+00:00] PID:2447012 CPU:0.00% RSS_KIB:2048 MEM:0.01288% STATE:S THREADS:1 WCHAN:do_wait
[2026-09-18T09:13:33.600+00:00] PID:2447020 CPU:0.00% RSS_KIB:376448 MEM:2.36731% STATE:S THREADS:3 WCHAN:futex_wait_queue
[2026-09-18T09:13:33.703+00:00] PID:2447012 CPU:0.00% RSS_KIB:2048 MEM:0.01288% STATE:S THREADS:1 WCHAN:do_wait
[2026-09-18T09:13:33.703+00:00] PID:2447020 CPU:0.00% RSS_KIB:376448 MEM:2.36731% STATE:S THREADS:3 WCHAN:futex_wait_queue
[2026-09-18T09:13:33.806+00:00] PID:2447012 CPU:0.00% RSS_KIB:2048 MEM:0.01288% STATE:S THREADS:1 WCHAN:do_wait
[2026-09-18T09:13:33.806+00:00] PID:2447020 CPU:0.00% RSS_KIB:376448 MEM:2.36731% STATE:S THREADS:3 WCHAN:futex_wait_queue
[2026-09-18T09:13:33.908+00:00] PID:2447012 CPU:0.00% RSS_KIB:2048 MEM:0.01288% STATE:S THREADS:1 WCHAN:do_wait
[2026-09-18T09:13:33.909+00:00] PID:2447020 CPU:0.00% RSS_KIB:376448 MEM:2.36731% STATE:S THREADS:3 WCHAN:futex_wait_queue
[2026-09-18T09:13:34.011+00:00] PID:2447012 CPU:0.00% RSS_KIB:2048 MEM:0.01288% STATE:S THREADS:1 WCHAN:do_wait
[2026-09-18T09:13:34.012+00:00] PID:2447020 CPU:0.00% RSS_KIB:376448 MEM:2.36731% STATE:S THREADS:3 WCHAN:futex_wait_queue
[2026-09-18T09:13:34.114+00:00] PID:2447012 CPU:0.00% RSS_KIB:2048 MEM:0.01288% STATE:S THREADS:1 WCHAN:do_wait
[2026-09-18T09:13:34.114+00:00] PID:2447020 CPU:0.00% RSS_KIB:376448 MEM:2.36731% STATE:S THREADS:3 WCHAN:futex_wait_queue
[2026-09-18T09:13:34.217+00:00] PID:2447012 CPU:0.00% RSS_KIB:2048 MEM:0.01288% STATE:S THREADS:1 WCHAN:do_wait
[2026-09-18T09:13:34.218+00:00] PID:2447020 CPU:0.00% RSS_KIB:376448 MEM:2.36731% STATE:S THREADS:3 WCHAN:futex_wait_queue
[2026-09-18T09:13:34.320+00:00] PID:2447012 CPU:0.00% RSS_KIB:2048 MEM:0.01288% STATE:S THREADS:1 WCHAN:do_wait
[2026-09-18T09:13:34.320+00:00] PID:2447020 CPU:9.70% RSS_KIB:376448 MEM:2.36731% STATE:S THREADS:3 WCHAN:futex_wait_queue
[2026-09-18T09:13:34.422+00:00] PID:2447012 CPU:0.00% RSS_KIB:2048 MEM:0.01288% STATE:S THREADS:1 WCHAN:do_wait
[2026-09-18T09:13:34.423+00:00] PID:2447020 CPU:0.00% RSS_KIB:376448 MEM:2.36731% STATE:S THREADS:3 WCHAN:futex_wait_queue
[2026-09-18T09:13:34.525+00:00] PID:2447012 CPU:0.00% RSS_KIB:2048 MEM:0.01288% STATE:S THREADS:1 WCHAN:do_wait
[2026-09-18T09:13:34.526+00:00] PID:2447020 CPU:0.00% RSS_KIB:376448 MEM:2.36731% STATE:S THREADS:3 WCHAN:futex_wait_queue
[2026-09-18T09:13:34.627+00:00] PID:2447012 CPU:0.00% RSS_KIB:2048 MEM:0.01288% STATE:S THREADS:1 WCHAN:do_wait
[2026-09-18T09:13:34.628+00:00] PID:2447020 CPU:0.00% RSS_KIB:376448 MEM:2.36731% STATE:S THREADS:3 WCHAN:futex_wait_queue
[2026-09-18T09:13:34.730+00:00] PID:2447012 CPU:0.00% RSS_KIB:2048 MEM:0.01288% STATE:S THREADS:1 WCHAN:do_wait
[2026-09-18T09:13:34.731+00:00] PID:2447020 CPU:0.00% RSS_KIB:376448 MEM:2.36731% STATE:S THREADS:3 WCHAN:futex_wait_queue
[2026-09-18T09:13:34.833+00:00] PID:2447012 CPU:0.00% RSS_KIB:2048 MEM:0.01288% STATE:S THREADS:1 WCHAN:do_wait
[2026-09-18T09:13:34.834+00:00] PID:2447020 CPU:0.00% RSS_KIB:376448 MEM:2.36731% STATE:S THREADS:3 WCHAN:futex_wait_queue
[2026-09-18T09:13:34.936+00:00] PID:2447012 CPU:0.00% RSS_KIB:2048 MEM:0.01288% STATE:S THREADS:1 WCHAN:do_wait
[2026-09-18T09:13:34.936+00:00] PID:2447020 CPU:0.00% RSS_KIB:376448 MEM:2.36731% STATE:S THREADS:3 WCHAN:futex_wait_queue
[2026-09-18T09:13:35.038+00:00] PID:2447012 CPU:0.00% RSS_KIB:2048 MEM:0.01288% STATE:S THREADS:1 WCHAN:do_wait
[2026-09-18T09:13:35.039+00:00] PID:2447020 CPU:0.00% RSS_KIB:376448 MEM:2.36731% STATE:S THREADS:3 WCHAN:futex_wait_queue
[2026-09-18T09:13:35.141+00:00] PID:2447012 CPU:0.00% RSS_KIB:2048 MEM:0.01288% STATE:S THREADS:1 WCHAN:do_wait
[2026-09-18T09:13:35.141+00:00] PID:2447020 CPU:0.00% RSS_KIB:376448 MEM:2.36731% STATE:S THREADS:3 WCHAN:futex_wait_queue
[2026-09-18T09:13:35.243+00:00] PID:2447012 CPU:0.00% RSS_KIB:2048 MEM:0.01288% STATE:S THREADS:1 WCHAN:do_wait
[2026-09-18T09:13:35.244+00:00] PID:2447020 CPU:0.00% RSS_KIB:376448 MEM:2.36731% STATE:S THREADS:3 WCHAN:futex_wait_queue
[2026-09-18T09:13:35.346+00:00] PID:2447012 CPU:0.00% RSS_KIB:2048 MEM:0.01288% STATE:S THREADS:1 WCHAN:do_wait
[2026-09-18T09:13:35.346+00:00] PID:2447020 CPU:0.00% RSS_KIB:376448 MEM:2.36731% STATE:S THREADS:3 WCHAN:futex_wait_queue
[2026-09-18T09:13:35.448+00:00] PID:2447012 CPU:0.00% RSS_KIB:2048 MEM:0.01288% STATE:S THREADS:1 WCHAN:do_wait
[2026-09-18T09:13:35.449+00:00] PID:2447020 CPU:0.00% RSS_KIB:376448 MEM:2.36731% STATE:S THREADS:3 WCHAN:futex_wait_queue
[2026-09-18T09:13:35.551+00:00] PID:2447012 CPU:0.00% RSS_KIB:2048 MEM:0.01288% STATE:S THREADS:1 WCHAN:do_wait
[2026-09-18T09:13:35.551+00:00] PID:2447020 CPU:0.00% RSS_KIB:376448 MEM:2.36731% STATE:S THREADS:3 WCHAN:futex_wait_queue
[2026-09-18T09:13:35.654+00:00] PID:2447012 CPU:0.00% RSS_KIB:2048 MEM:0.01288% STATE:S THREADS:1 WCHAN:do_wait
[2026-09-18T09:13:35.654+00:00] PID:2447020 CPU:0.00% RSS_KIB:376448 MEM:2.36731% STATE:S THREADS:3 WCHAN:futex_wait_queue
[2026-09-18T09:13:35.756+00:00] PID:2447012 CPU:0.00% RSS_KIB:2048 MEM:0.01288% STATE:S THREADS:1 WCHAN:do_wait
[2026-09-18T09:13:35.756+00:00] PID:2447020 CPU:0.00% RSS_KIB:376448 MEM:2.36731% STATE:S THREADS:3 WCHAN:futex_wait_queue
[2026-09-18T09:13:35.858+00:00] PID:2447012 CPU:0.00% RSS_KIB:2048 MEM:0.01288% STATE:S THREADS:1 WCHAN:do_wait
[2026-09-18T09:13:35.859+00:00] PID:2447020 CPU:0.00% RSS_KIB:376448 MEM:2.36731% STATE:S THREADS:3 WCHAN:futex_wait_queue
[2026-09-18T09:13:35.961+00:00] PID:2447012 CPU:0.00% RSS_KIB:2048 MEM:0.01288% STATE:S THREADS:1 WCHAN:do_wait
[2026-09-18T09:13:35.961+00:00] PID:2447020 CPU:0.00% RSS_KIB:376448 MEM:2.36731% STATE:S THREADS:3 WCHAN:futex_wait_queue
[2026-09-18T09:13:36.063+00:00] PID:2447012 CPU:0.00% RSS_KIB:2048 MEM:0.01288% STATE:S THREADS:1 WCHAN:do_wait
[2026-09-18T09:13:36.064+00:00] PID:2447020 CPU:0.00% RSS_KIB:376448 MEM:2.36731% STATE:S THREADS:3 WCHAN:futex_wait_queue
[2026-09-18T09:13:36.166+00:00] PID:2447012 CPU:0.00% RSS_KIB:2048 MEM:0.01288% STATE:S THREADS:1 WCHAN:do_wait
[2026-09-18T09:13:36.166+00:00] PID:2447020 CPU:0.00% RSS_KIB:376448 MEM:2.36731% STATE:S THREADS:3 WCHAN:futex_wait_queue
[2026-09-18T09:13:36.268+00:00] PID:2447012 CPU:0.00% RSS_KIB:2048 MEM:0.01288% STATE:S THREADS:1 WCHAN:do_wait
[2026-09-18T09:13:36.269+00:00] PID:2447020 CPU:9.77% RSS_KIB:402048 MEM:2.52830% STATE:S THREADS:3 WCHAN:futex_wait_queue
[2026-09-18T09:13:36.372+00:00] PID:2447012 CPU:0.00% RSS_KIB:2048 MEM:0.01288% STATE:S THREADS:1 WCHAN:do_wait
[2026-09-18T09:13:36.372+00:00] PID:2447020 CPU:0.00% RSS_KIB:402048 MEM:2.52830% STATE:S THREADS:3 WCHAN:futex_wait_queue
[2026-09-18T09:13:36.475+00:00] PID:2447012 CPU:0.00% RSS_KIB:2048 MEM:0.01288% STATE:S THREADS:1 WCHAN:do_wait
[2026-09-18T09:13:36.475+00:00] PID:2447020 CPU:0.00% RSS_KIB:402048 MEM:2.52830% STATE:S THREADS:3 WCHAN:futex_wait_queue
[2026-09-18T09:13:36.577+00:00] PID:2447012 CPU:0.00% RSS_KIB:2048 MEM:0.01288% STATE:S THREADS:1 WCHAN:do_wait
[2026-09-18T09:13:36.578+00:00] PID:2447020 CPU:0.00% RSS_KIB:402048 MEM:2.52830% STATE:S THREADS:3 WCHAN:futex_wait_queue
[2026-09-18T09:13:36.680+00:00] PID:2447012 CPU:0.00% RSS_KIB:2048 MEM:0.01288% STATE:S THREADS:1 WCHAN:do_wait
[2026-09-18T09:13:36.680+00:00] PID:2447020 CPU:0.00% RSS_KIB:402048 MEM:2.52830% STATE:S THREADS:3 WCHAN:futex_wait_queue
[2026-09-18T09:13:36.782+00:00] PID:2447012 CPU:0.00% RSS_KIB:2048 MEM:0.01288% STATE:S THREADS:1 WCHAN:do_wait
[2026-09-18T09:13:36.783+00:00] PID:2447020 CPU:0.00% RSS_KIB:402048 MEM:2.52830% STATE:S THREADS:3 WCHAN:futex_wait_queue
[2026-09-18T09:13:36.885+00:00] PID:2447012 CPU:0.00% RSS_KIB:2048 MEM:0.01288% STATE:S THREADS:1 WCHAN:do_wait
[2026-09-18T09:13:36.885+00:00] PID:2447020 CPU:0.00% RSS_KIB:402048 MEM:2.52830% STATE:S THREADS:3 WCHAN:futex_wait_queue
[2026-09-18T09:13:36.988+00:00] PID:2447012 CPU:0.00% RSS_KIB:2048 MEM:0.01288% STATE:S THREADS:1 WCHAN:do_wait
[2026-09-18T09:13:36.988+00:00] PID:2447020 CPU:0.00% RSS_KIB:402048 MEM:2.52830% STATE:S THREADS:3 WCHAN:futex_wait_queue
[2026-09-18T09:13:37.090+00:00] PID:2447012 CPU:0.00% RSS_KIB:2048 MEM:0.01288% STATE:S THREADS:1 WCHAN:do_wait
[2026-09-18T09:13:37.091+00:00] PID:2447020 CPU:0.00% RSS_KIB:402048 MEM:2.52830% STATE:S THREADS:3 WCHAN:futex_wait_queue
[2026-09-18T09:13:37.193+00:00] PID:2447012 CPU:0.00% RSS_KIB:2048 MEM:0.01288% STATE:S THREADS:1 WCHAN:do_wait
[2026-09-18T09:13:37.193+00:00] PID:2447020 CPU:0.00% RSS_KIB:402048 MEM:2.52830% STATE:S THREADS:3 WCHAN:futex_wait_queue
[2026-09-18T09:13:37.296+00:00] PID:2447012 CPU:0.00% RSS_KIB:2048 MEM:0.01288% STATE:S THREADS:1 WCHAN:do_wait
[2026-09-18T09:13:37.296+00:00] PID:2447020 CPU:0.00% RSS_KIB:402048 MEM:2.52830% STATE:S THREADS:3 WCHAN:futex_wait_queue
[2026-09-18T09:13:37.398+00:00] PID:2447012 CPU:0.00% RSS_KIB:2048 MEM:0.01288% STATE:S THREADS:1 WCHAN:do_wait
[2026-09-18T09:13:37.399+00:00] PID:2447020 CPU:9.72% RSS_KIB:402048 MEM:2.52830% STATE:S THREADS:3 WCHAN:futex_wait_queue
[2026-09-18T09:13:37.501+00:00] PID:2447012 CPU:0.00% RSS_KIB:2048 MEM:0.01288% STATE:S THREADS:1 WCHAN:do_wait
[2026-09-18T09:13:37.501+00:00] PID:2447020 CPU:0.00% RSS_KIB:402048 MEM:2.52830% STATE:S THREADS:3 WCHAN:futex_wait_queue
[2026-09-18T09:13:37.604+00:00] PID:2447012 CPU:0.00% RSS_KIB:2048 MEM:0.01288% STATE:S THREADS:1 WCHAN:do_wait
[2026-09-18T09:13:37.604+00:00] PID:2447020 CPU:0.00% RSS_KIB:402048 MEM:2.52830% STATE:S THREADS:3 WCHAN:futex_wait_queue
[2026-09-18T09:13:37.706+00:00] PID:2447012 CPU:0.00% RSS_KIB:2048 MEM:0.01288% STATE:S THREADS:1 WCHAN:do_wait
[2026-09-18T09:13:37.706+00:00] PID:2447020 CPU:0.00% RSS_KIB:402048 MEM:2.52830% STATE:S THREADS:3 WCHAN:futex_wait_queue
[2026-09-18T09:13:37.808+00:00] PID:2447012 CPU:0.00% RSS_KIB:2048 MEM:0.01288% STATE:S THREADS:1 WCHAN:do_wait
[2026-09-18T09:13:37.809+00:00] PID:2447020 CPU:0.00% RSS_KIB:402048 MEM:2.52830% STATE:S THREADS:3 WCHAN:futex_wait_queue
[2026-09-18T09:13:37.911+00:00] PID:2447012 CPU:0.00% RSS_KIB:2048 MEM:0.01288% STATE:S THREADS:1 WCHAN:do_wait
[2026-09-18T09:13:37.912+00:00] PID:2447020 CPU:0.00% RSS_KIB:402048 MEM:2.52830% STATE:S THREADS:3 WCHAN:futex_wait_queue
[2026-09-18T09:13:38.014+00:00] PID:2447012 CPU:0.00% RSS_KIB:2048 MEM:0.01288% STATE:S THREADS:1 WCHAN:do_wait
[2026-09-18T09:13:38.015+00:00] PID:2447020 CPU:0.00% RSS_KIB:402048 MEM:2.52830% STATE:S THREADS:3 WCHAN:futex_wait_queue
[2026-09-18T09:13:38.117+00:00] PID:2447012 CPU:0.00% RSS_KIB:2048 MEM:0.01288% STATE:S THREADS:1 WCHAN:do_wait
[2026-09-18T09:13:38.118+00:00] PID:2447020 CPU:0.00% RSS_KIB:402048 MEM:2.52830% STATE:S THREADS:3 WCHAN:futex_wait_queue
[2026-09-18T09:13:38.220+00:00] PID:2447012 CPU:0.00% RSS_KIB:2048 MEM:0.01288% STATE:S THREADS:1 WCHAN:do_wait
[2026-09-18T09:13:38.221+00:00] PID:2447020 CPU:0.00% RSS_KIB:402048 MEM:2.52830% STATE:S THREADS:3 WCHAN:futex_wait_queue
[2026-09-18T09:13:38.323+00:00] PID:2447012 CPU:0.00% RSS_KIB:2048 MEM:0.01288% STATE:S THREADS:1 WCHAN:do_wait
[2026-09-18T09:13:38.323+00:00] PID:2447020 CPU:0.00% RSS_KIB:402048 MEM:2.52830% STATE:S THREADS:3 WCHAN:futex_wait_queue
[2026-09-18T09:13:38.426+00:00] PID:2447012 CPU:0.00% RSS_KIB:2048 MEM:0.01288% STATE:S THREADS:1 WCHAN:do_wait
[2026-09-18T09:13:38.426+00:00] PID:2447020 CPU:0.00% RSS_KIB:402048 MEM:2.52830% STATE:S THREADS:3 WCHAN:futex_wait_queue
[2026-09-18T09:13:38.528+00:00] PID:2447012 CPU:0.00% RSS_KIB:2048 MEM:0.01288% STATE:S THREADS:1 WCHAN:do_wait
[2026-09-18T09:13:38.529+00:00] PID:2447020 CPU:0.00% RSS_KIB:402048 MEM:2.52830% STATE:S THREADS:3 WCHAN:futex_wait_queue
[2026-09-18T09:13:38.631+00:00] PID:2447012 CPU:0.00% RSS_KIB:2048 MEM:0.01288% STATE:S THREADS:1 WCHAN:do_wait
[2026-09-18T09:13:38.632+00:00] PID:2447020 CPU:0.00% RSS_KIB:402048 MEM:2.52830% STATE:S THREADS:3 WCHAN:futex_wait_queue
[2026-09-18T09:13:38.734+00:00] PID:2447012 CPU:0.00% RSS_KIB:2048 MEM:0.01288% STATE:S THREADS:1 WCHAN:do_wait
[2026-09-18T09:13:38.735+00:00] PID:2447020 CPU:0.00% RSS_KIB:402048 MEM:2.52830% STATE:S THREADS:3 WCHAN:futex_wait_queue
[2026-09-18T09:13:38.838+00:00] PID:2447012 CPU:0.00% RSS_KIB:2048 MEM:0.01288% STATE:S THREADS:1 WCHAN:do_wait
[2026-09-18T09:13:38.838+00:00] PID:2447020 CPU:0.00% RSS_KIB:402048 MEM:2.52830% STATE:S THREADS:3 WCHAN:futex_wait_queue
[2026-09-18T09:13:38.940+00:00] PID:2447012 CPU:0.00% RSS_KIB:2048 MEM:0.01288% STATE:S THREADS:1 WCHAN:do_wait
[2026-09-18T09:13:38.941+00:00] PID:2447020 CPU:0.00% RSS_KIB:402048 MEM:2.52830% STATE:S THREADS:3 WCHAN:futex_wait_queue
[2026-09-18T09:13:39.043+00:00] PID:2447012 CPU:0.00% RSS_KIB:2048 MEM:0.01288% STATE:S THREADS:1 WCHAN:do_wait
[2026-09-18T09:13:39.044+00:00] PID:2447020 CPU:0.00% RSS_KIB:402048 MEM:2.52830% STATE:S THREADS:3 WCHAN:futex_wait_queue
[2026-09-18T09:13:39.146+00:00] PID:2447012 CPU:0.00% RSS_KIB:2048 MEM:0.01288% STATE:S THREADS:1 WCHAN:do_wait
[2026-09-18T09:13:39.146+00:00] PID:2447020 CPU:0.00% RSS_KIB:402048 MEM:2.52830% STATE:S THREADS:3 WCHAN:futex_wait_queue
[2026-09-18T09:13:39.248+00:00] PID:2447012 CPU:0.00% RSS_KIB:2048 MEM:0.01288% STATE:S THREADS:1 WCHAN:do_wait
[2026-09-18T09:13:39.249+00:00] PID:2447020 CPU:19.43% RSS_KIB:427648 MEM:2.68929% STATE:S THREADS:3 WCHAN:futex_wait_queue
[2026-09-18T09:13:39.351+00:00] PID:2447012 CPU:0.00% RSS_KIB:2048 MEM:0.01288% STATE:S THREADS:1 WCHAN:do_wait
[2026-09-18T09:13:39.352+00:00] PID:2447020 CPU:0.00% RSS_KIB:427648 MEM:2.68929% STATE:S THREADS:3 WCHAN:futex_wait_queue
[2026-09-18T09:13:39.454+00:00] PID:2447012 CPU:0.00% RSS_KIB:2048 MEM:0.01288% STATE:S THREADS:1 WCHAN:do_wait
[2026-09-18T09:13:39.455+00:00] PID:2447020 CPU:0.00% RSS_KIB:427648 MEM:2.68929% STATE:S THREADS:3 WCHAN:futex_wait_queue
[2026-09-18T09:13:39.557+00:00] PID:2447012 CPU:0.00% RSS_KIB:2048 MEM:0.01288% STATE:S THREADS:1 WCHAN:do_wait
[2026-09-18T09:13:39.557+00:00] PID:2447020 CPU:0.00% RSS_KIB:427648 MEM:2.68929% STATE:S THREADS:3 WCHAN:futex_wait_queue
[2026-09-18T09:13:39.659+00:00] PID:2447012 CPU:0.00% RSS_KIB:2048 MEM:0.01288% STATE:S THREADS:1 WCHAN:do_wait
[2026-09-18T09:13:39.660+00:00] PID:2447020 CPU:0.00% RSS_KIB:427648 MEM:2.68929% STATE:S THREADS:3 WCHAN:futex_wait_queue
[2026-09-18T09:13:39.762+00:00] PID:2447012 CPU:0.00% RSS_KIB:2048 MEM:0.01288% STATE:S THREADS:1 WCHAN:do_wait
[2026-09-18T09:13:39.763+00:00] PID:2447020 CPU:0.00% RSS_KIB:427648 MEM:2.68929% STATE:S THREADS:3 WCHAN:futex_wait_queue
[2026-09-18T09:13:39.865+00:00] PID:2447012 CPU:0.00% RSS_KIB:2048 MEM:0.01288% STATE:S THREADS:1 WCHAN:do_wait
[2026-09-18T09:13:39.866+00:00] PID:2447020 CPU:0.00% RSS_KIB:427648 MEM:2.68929% STATE:S THREADS:3 WCHAN:futex_wait_queue
[2026-09-18T09:13:39.968+00:00] PID:2447012 CPU:0.00% RSS_KIB:2048 MEM:0.01288% STATE:S THREADS:1 WCHAN:do_wait
[2026-09-18T09:13:39.968+00:00] PID:2447020 CPU:0.00% RSS_KIB:427648 MEM:2.68929% STATE:S THREADS:3 WCHAN:futex_wait_queue
[2026-09-18T09:13:40.070+00:00] PID:2447012 CPU:0.00% RSS_KIB:2048 MEM:0.01288% STATE:S THREADS:1 WCHAN:do_wait
[2026-09-18T09:13:40.071+00:00] PID:2447020 CPU:0.00% RSS_KIB:427648 MEM:2.68929% STATE:S THREADS:3 WCHAN:futex_wait_queue
[2026-09-18T09:13:40.173+00:00] PID:2447012 CPU:0.00% RSS_KIB:2048 MEM:0.01288% STATE:S THREADS:1 WCHAN:do_wait
[2026-09-18T09:13:40.174+00:00] PID:2447020 CPU:0.00% RSS_KIB:427648 MEM:2.68929% STATE:S THREADS:3 WCHAN:futex_wait_queue
[2026-09-18T09:13:40.276+00:00] PID:2447012 CPU:0.00% RSS_KIB:2048 MEM:0.01288% STATE:S THREADS:1 WCHAN:do_wait
[2026-09-18T09:13:40.276+00:00] PID:2447020 CPU:0.00% RSS_KIB:427648 MEM:2.68929% STATE:S THREADS:3 WCHAN:futex_wait_queue
[2026-09-18T09:13:40.378+00:00] PID:2447012 CPU:0.00% RSS_KIB:2048 MEM:0.01288% STATE:S THREADS:1 WCHAN:do_wait
[2026-09-18T09:13:40.378+00:00] PID:2447020 CPU:0.00% RSS_KIB:427648 MEM:2.68929% STATE:S THREADS:3 WCHAN:futex_wait_queue
[2026-09-18T09:13:40.480+00:00] PID:2447012 CPU:0.00% RSS_KIB:2048 MEM:0.01288% STATE:S THREADS:1 WCHAN:do_wait
[2026-09-18T09:13:40.481+00:00] PID:2447020 CPU:0.00% RSS_KIB:427648 MEM:2.68929% STATE:S THREADS:3 WCHAN:futex_wait_queue
[2026-09-18T09:13:40.583+00:00] PID:2447012 CPU:0.00% RSS_KIB:2048 MEM:0.01288% STATE:S THREADS:1 WCHAN:do_wait
[2026-09-18T09:13:40.583+00:00] PID:2447020 CPU:19.53% RSS_KIB:427648 MEM:2.68929% STATE:S THREADS:3 WCHAN:futex_wait_queue
[2026-09-18T09:13:40.685+00:00] PID:2447012 CPU:0.00% RSS_KIB:2048 MEM:0.01288% STATE:S THREADS:1 WCHAN:do_wait
[2026-09-18T09:13:40.686+00:00] PID:2447020 CPU:0.00% RSS_KIB:427648 MEM:2.68929% STATE:S THREADS:3 WCHAN:futex_wait_queue
[2026-09-18T09:13:40.788+00:00] PID:2447012 CPU:0.00% RSS_KIB:2048 MEM:0.01288% STATE:S THREADS:1 WCHAN:do_wait
[2026-09-18T09:13:40.789+00:00] PID:2447020 CPU:0.00% RSS_KIB:427648 MEM:2.68929% STATE:S THREADS:3 WCHAN:futex_wait_queue
[2026-09-18T09:13:40.891+00:00] PID:2447012 CPU:0.00% RSS_KIB:2048 MEM:0.01288% STATE:S THREADS:1 WCHAN:do_wait
[2026-09-18T09:13:40.891+00:00] PID:2447020 CPU:0.00% RSS_KIB:427648 MEM:2.68929% STATE:S THREADS:3 WCHAN:futex_wait_queue
[2026-09-18T09:13:40.994+00:00] PID:2447012 CPU:0.00% RSS_KIB:2048 MEM:0.01288% STATE:S THREADS:1 WCHAN:do_wait
[2026-09-18T09:13:40.994+00:00] PID:2447020 CPU:0.00% RSS_KIB:427648 MEM:2.68929% STATE:S THREADS:3 WCHAN:futex_wait_queue
[2026-09-18T09:13:41.096+00:00] PID:2447012 CPU:0.00% RSS_KIB:2048 MEM:0.01288% STATE:S THREADS:1 WCHAN:do_wait
[2026-09-18T09:13:41.097+00:00] PID:2447020 CPU:0.00% RSS_KIB:427648 MEM:2.68929% STATE:S THREADS:3 WCHAN:futex_wait_queue
[2026-09-18T09:13:41.199+00:00] PID:2447012 CPU:0.00% RSS_KIB:2048 MEM:0.01288% STATE:S THREADS:1 WCHAN:do_wait
[2026-09-18T09:13:41.199+00:00] PID:2447020 CPU:0.00% RSS_KIB:427648 MEM:2.68929% STATE:S THREADS:3 WCHAN:futex_wait_queue
[2026-09-18T09:13:41.302+00:00] PID:2447012 CPU:0.00% RSS_KIB:2048 MEM:0.01288% STATE:S THREADS:1 WCHAN:do_wait
[2026-09-18T09:13:41.302+00:00] PID:2447020 CPU:0.00% RSS_KIB:427648 MEM:2.68929% STATE:S THREADS:3 WCHAN:futex_wait_queue
[2026-09-18T09:13:41.404+00:00] PID:2447012 CPU:0.00% RSS_KIB:2048 MEM:0.01288% STATE:S THREADS:1 WCHAN:do_wait
[2026-09-18T09:13:41.405+00:00] PID:2447020 CPU:0.00% RSS_KIB:427648 MEM:2.68929% STATE:S THREADS:3 WCHAN:futex_wait_queue
[2026-09-18T09:13:41.507+00:00] PID:2447012 CPU:0.00% RSS_KIB:2048 MEM:0.01288% STATE:S THREADS:1 WCHAN:do_wait
[2026-09-18T09:13:41.508+00:00] PID:2447020 CPU:0.00% RSS_KIB:427648 MEM:2.68929% STATE:S THREADS:3 WCHAN:futex_wait_queue
[2026-09-18T09:13:41.610+00:00] PID:2447012 CPU:0.00% RSS_KIB:2048 MEM:0.01288% STATE:S THREADS:1 WCHAN:do_wait
[2026-09-18T09:13:41.611+00:00] PID:2447020 CPU:0.00% RSS_KIB:427648 MEM:2.68929% STATE:S THREADS:3 WCHAN:futex_wait_queue
[2026-09-18T09:13:41.713+00:00] PID:2447012 CPU:0.00% RSS_KIB:2048 MEM:0.01288% STATE:S THREADS:1 WCHAN:do_wait
[2026-09-18T09:13:41.714+00:00] PID:2447020 CPU:0.00% RSS_KIB:427648 MEM:2.68929% STATE:S THREADS:3 WCHAN:futex_wait_queue
[2026-09-18T09:13:41.816+00:00] PID:2447012 CPU:0.00% RSS_KIB:2048 MEM:0.01288% STATE:S THREADS:1 WCHAN:do_wait
[2026-09-18T09:13:41.816+00:00] PID:2447020 CPU:0.00% RSS_KIB:427648 MEM:2.68929% STATE:S THREADS:3 WCHAN:futex_wait_queue
[2026-09-18T09:13:41.918+00:00] PID:2447012 CPU:0.00% RSS_KIB:2048 MEM:0.01288% STATE:S THREADS:1 WCHAN:do_wait
[2026-09-18T09:13:41.919+00:00] PID:2447020 CPU:0.00% RSS_KIB:427648 MEM:2.68929% STATE:S THREADS:3 WCHAN:futex_wait_queue
[2026-09-18T09:13:42.021+00:00] PID:2447012 CPU:0.00% RSS_KIB:2048 MEM:0.01288% STATE:S THREADS:1 WCHAN:do_wait
[2026-09-18T09:13:42.022+00:00] PID:2447020 CPU:0.00% RSS_KIB:427648 MEM:2.68929% STATE:S THREADS:3 WCHAN:futex_wait_queue
[2026-09-18T09:13:42.124+00:00] PID:2447012 CPU:0.00% RSS_KIB:2048 MEM:0.01288% STATE:S THREADS:1 WCHAN:do_wait
[2026-09-18T09:13:42.124+00:00] PID:2447020 CPU:0.00% RSS_KIB:427648 MEM:2.68929% STATE:S THREADS:3 WCHAN:futex_wait_queue
[2026-09-18T09:13:42.226+00:00] PID:2447012 CPU:0.00% RSS_KIB:2048 MEM:0.01288% STATE:S THREADS:1 WCHAN:do_wait
[2026-09-18T09:13:42.227+00:00] PID:2447020 CPU:0.00% RSS_KIB:430976 MEM:2.71022% STATE:S THREADS:3 WCHAN:futex_wait_queue
[2026-09-18T09:13:42.329+00:00] PID:2447012 CPU:0.00% RSS_KIB:2048 MEM:0.01288% STATE:S THREADS:1 WCHAN:do_wait
[2026-09-18T09:13:42.330+00:00] PID:2447020 CPU:19.45% RSS_KIB:453248 MEM:2.85028% STATE:S THREADS:3 WCHAN:futex_wait_queue
[2026-09-18T09:13:42.432+00:00] PID:2447012 CPU:0.00% RSS_KIB:2048 MEM:0.01288% STATE:S THREADS:1 WCHAN:do_wait
[2026-09-18T09:13:42.433+00:00] PID:2447020 CPU:0.00% RSS_KIB:453248 MEM:2.85028% STATE:S THREADS:3 WCHAN:futex_wait_queue
[2026-09-18T09:13:42.535+00:00] PID:2447012 CPU:0.00% RSS_KIB:2048 MEM:0.01288% STATE:S THREADS:1 WCHAN:do_wait
[2026-09-18T09:13:42.536+00:00] PID:2447020 CPU:0.00% RSS_KIB:453248 MEM:2.85028% STATE:S THREADS:3 WCHAN:futex_wait_queue
[2026-09-18T09:13:42.638+00:00] PID:2447012 CPU:0.00% RSS_KIB:2048 MEM:0.01288% STATE:S THREADS:1 WCHAN:do_wait
[2026-09-18T09:13:42.639+00:00] PID:2447020 CPU:0.00% RSS_KIB:453248 MEM:2.85028% STATE:S THREADS:3 WCHAN:futex_wait_queue
[2026-09-18T09:13:42.741+00:00] PID:2447012 CPU:0.00% RSS_KIB:2048 MEM:0.01288% STATE:S THREADS:1 WCHAN:do_wait
[2026-09-18T09:13:42.742+00:00] PID:2447020 CPU:0.00% RSS_KIB:453248 MEM:2.85028% STATE:S THREADS:3 WCHAN:futex_wait_queue
[2026-09-18T09:13:42.844+00:00] PID:2447012 CPU:0.00% RSS_KIB:2048 MEM:0.01288% STATE:S THREADS:1 WCHAN:do_wait
[2026-09-18T09:13:42.844+00:00] PID:2447020 CPU:0.00% RSS_KIB:453248 MEM:2.85028% STATE:S THREADS:3 WCHAN:futex_wait_queue
[2026-09-18T09:13:42.946+00:00] PID:2447012 CPU:0.00% RSS_KIB:2048 MEM:0.01288% STATE:S THREADS:1 WCHAN:do_wait
[2026-09-18T09:13:42.947+00:00] PID:2447020 CPU:0.00% RSS_KIB:453248 MEM:2.85028% STATE:S THREADS:3 WCHAN:futex_wait_queue
[2026-09-18T09:13:43.049+00:00] PID:2447012 CPU:0.00% RSS_KIB:2048 MEM:0.01288% STATE:S THREADS:1 WCHAN:do_wait
[2026-09-18T09:13:43.050+00:00] PID:2447020 CPU:0.00% RSS_KIB:453248 MEM:2.85028% STATE:S THREADS:3 WCHAN:futex_wait_queue
[2026-09-18T09:13:43.152+00:00] PID:2447012 CPU:0.00% RSS_KIB:2048 MEM:0.01288% STATE:S THREADS:1 WCHAN:do_wait
[2026-09-18T09:13:43.152+00:00] PID:2447020 CPU:0.00% RSS_KIB:453248 MEM:2.85028% STATE:S THREADS:3 WCHAN:futex_wait_queue
[2026-09-18T09:13:43.254+00:00] PID:2447012 CPU:0.00% RSS_KIB:2048 MEM:0.01288% STATE:S THREADS:1 WCHAN:do_wait
[2026-09-18T09:13:43.255+00:00] PID:2447020 CPU:0.00% RSS_KIB:453248 MEM:2.85028% STATE:S THREADS:3 WCHAN:futex_wait_queue
[2026-09-18T09:13:43.357+00:00] PID:2447012 CPU:0.00% RSS_KIB:2048 MEM:0.01288% STATE:S THREADS:1 WCHAN:do_wait
[2026-09-18T09:13:43.358+00:00] PID:2447020 CPU:0.00% RSS_KIB:453248 MEM:2.85028% STATE:S THREADS:3 WCHAN:futex_wait_queue
[2026-09-18T09:13:43.460+00:00] PID:2447012 CPU:0.00% RSS_KIB:2048 MEM:0.01288% STATE:S THREADS:1 WCHAN:do_wait
[2026-09-18T09:13:43.460+00:00] PID:2447020 CPU:0.00% RSS_KIB:453248 MEM:2.85028% STATE:S THREADS:3 WCHAN:futex_wait_queue
[2026-09-18T09:13:43.563+00:00] PID:2447012 CPU:0.00% RSS_KIB:2048 MEM:0.01288% STATE:S THREADS:1 WCHAN:do_wait
[2026-09-18T09:13:43.563+00:00] PID:2447020 CPU:0.00% RSS_KIB:453248 MEM:2.85028% STATE:S THREADS:3 WCHAN:futex_wait_queue
[2026-09-18T09:13:43.665+00:00] PID:2447012 CPU:0.00% RSS_KIB:2048 MEM:0.01288% STATE:S THREADS:1 WCHAN:do_wait
[2026-09-18T09:13:43.666+00:00] PID:2447020 CPU:19.45% RSS_KIB:453248 MEM:2.85028% STATE:S THREADS:3 WCHAN:futex_wait_queue
[2026-09-18T09:13:43.768+00:00] PID:2447012 CPU:0.00% RSS_KIB:2048 MEM:0.01288% STATE:S THREADS:1 WCHAN:do_wait
[2026-09-18T09:13:43.769+00:00] PID:2447020 CPU:0.00% RSS_KIB:453248 MEM:2.85028% STATE:S THREADS:3 WCHAN:futex_wait_queue
[2026-09-18T09:13:43.870+00:00] PID:2447012 CPU:0.00% RSS_KIB:2048 MEM:0.01288% STATE:S THREADS:1 WCHAN:do_wait
[2026-09-18T09:13:43.871+00:00] PID:2447020 CPU:0.00% RSS_KIB:453248 MEM:2.85028% STATE:S THREADS:3 WCHAN:futex_wait_queue
[2026-09-18T09:13:43.974+00:00] PID:2447012 CPU:0.00% RSS_KIB:2048 MEM:0.01288% STATE:S THREADS:1 WCHAN:do_wait
[2026-09-18T09:13:43.974+00:00] PID:2447020 CPU:0.00% RSS_KIB:453248 MEM:2.85028% STATE:S THREADS:3 WCHAN:futex_wait_queue
[2026-09-18T09:13:44.076+00:00] PID:2447012 CPU:0.00% RSS_KIB:2048 MEM:0.01288% STATE:S THREADS:1 WCHAN:do_wait
[2026-09-18T09:13:44.077+00:00] PID:2447020 CPU:0.00% RSS_KIB:453248 MEM:2.85028% STATE:S THREADS:3 WCHAN:futex_wait_queue
[2026-09-18T09:13:44.179+00:00] PID:2447012 CPU:0.00% RSS_KIB:2048 MEM:0.01288% STATE:S THREADS:1 WCHAN:do_wait
[2026-09-18T09:13:44.179+00:00] PID:2447020 CPU:0.00% RSS_KIB:453248 MEM:2.85028% STATE:S THREADS:3 WCHAN:futex_wait_queue
[2026-09-18T09:13:44.281+00:00] PID:2447012 CPU:0.00% RSS_KIB:2048 MEM:0.01288% STATE:S THREADS:1 WCHAN:do_wait
[2026-09-18T09:13:44.282+00:00] PID:2447020 CPU:0.00% RSS_KIB:453248 MEM:2.85028% STATE:S THREADS:3 WCHAN:futex_wait_queue
[2026-09-18T09:13:44.384+00:00] PID:2447012 CPU:0.00% RSS_KIB:2048 MEM:0.01288% STATE:S THREADS:1 WCHAN:do_wait
[2026-09-18T09:13:44.384+00:00] PID:2447020 CPU:0.00% RSS_KIB:453248 MEM:2.85028% STATE:S THREADS:3 WCHAN:futex_wait_queue
[2026-09-18T09:13:44.486+00:00] PID:2447012 CPU:0.00% RSS_KIB:2048 MEM:0.01288% STATE:S THREADS:1 WCHAN:do_wait
[2026-09-18T09:13:44.487+00:00] PID:2447020 CPU:0.00% RSS_KIB:453248 MEM:2.85028% STATE:S THREADS:3 WCHAN:futex_wait_queue
[2026-09-18T09:13:44.589+00:00] PID:2447012 CPU:0.00% RSS_KIB:2048 MEM:0.01288% STATE:S THREADS:1 WCHAN:do_wait
[2026-09-18T09:13:44.589+00:00] PID:2447020 CPU:0.00% RSS_KIB:453248 MEM:2.85028% STATE:S THREADS:3 WCHAN:futex_wait_queue
[2026-09-18T09:13:44.691+00:00] PID:2447012 CPU:0.00% RSS_KIB:2048 MEM:0.01288% STATE:S THREADS:1 WCHAN:do_wait
[2026-09-18T09:13:44.692+00:00] PID:2447020 CPU:0.00% RSS_KIB:453248 MEM:2.85028% STATE:S THREADS:3 WCHAN:futex_wait_queue
[2026-09-18T09:13:44.794+00:00] PID:2447012 CPU:0.00% RSS_KIB:2048 MEM:0.01288% STATE:S THREADS:1 WCHAN:do_wait
[2026-09-18T09:13:44.795+00:00] PID:2447020 CPU:0.00% RSS_KIB:453248 MEM:2.85028% STATE:S THREADS:3 WCHAN:futex_wait_queue
[2026-09-18T09:13:44.897+00:00] PID:2447012 CPU:0.00% RSS_KIB:2048 MEM:0.01288% STATE:S THREADS:1 WCHAN:do_wait
[2026-09-18T09:13:44.898+00:00] PID:2447020 CPU:0.00% RSS_KIB:453248 MEM:2.85028% STATE:S THREADS:3 WCHAN:futex_wait_queue
[2026-09-18T09:13:45.000+00:00] PID:2447012 CPU:0.00% RSS_KIB:2048 MEM:0.01288% STATE:S THREADS:1 WCHAN:do_wait
[2026-09-18T09:13:45.000+00:00] PID:2447020 CPU:0.00% RSS_KIB:453248 MEM:2.85028% STATE:S THREADS:3 WCHAN:futex_wait_queue
[2026-09-18T09:13:45.103+00:00] PID:2447012 CPU:0.00% RSS_KIB:2048 MEM:0.01288% STATE:S THREADS:1 WCHAN:do_wait
[2026-09-18T09:13:45.103+00:00] PID:2447020 CPU:0.00% RSS_KIB:453248 MEM:2.85028% STATE:S THREADS:3 WCHAN:futex_wait_queue
[2026-09-18T09:13:45.205+00:00] PID:2447012 CPU:0.00% RSS_KIB:2048 MEM:0.01288% STATE:S THREADS:1 WCHAN:do_wait
[2026-09-18T09:13:45.206+00:00] PID:2447020 CPU:0.00% RSS_KIB:453248 MEM:2.85028% STATE:S THREADS:3 WCHAN:futex_wait_queue
[2026-09-18T09:13:45.308+00:00] PID:2447012 CPU:0.00% RSS_KIB:2048 MEM:0.01288% STATE:S THREADS:1 WCHAN:do_wait
[2026-09-18T09:13:45.309+00:00] PID:2447020 CPU:19.47% RSS_KIB:478848 MEM:3.01126% STATE:S THREADS:3 WCHAN:futex_wait_queue
[2026-09-18T09:13:45.411+00:00] PID:2447012 CPU:0.00% RSS_KIB:2048 MEM:0.01288% STATE:S THREADS:1 WCHAN:do_wait
[2026-09-18T09:13:45.411+00:00] PID:2447020 CPU:0.00% RSS_KIB:478848 MEM:3.01126% STATE:S THREADS:3 WCHAN:futex_wait_queue
[2026-09-18T09:13:45.514+00:00] PID:2447012 CPU:0.00% RSS_KIB:2048 MEM:0.01288% STATE:S THREADS:1 WCHAN:do_wait
[2026-09-18T09:13:45.514+00:00] PID:2447020 CPU:0.00% RSS_KIB:478848 MEM:3.01126% STATE:S THREADS:3 WCHAN:futex_wait_queue
[2026-09-18T09:13:45.616+00:00] PID:2447012 CPU:0.00% RSS_KIB:2048 MEM:0.01288% STATE:S THREADS:1 WCHAN:do_wait
[2026-09-18T09:13:45.617+00:00] PID:2447020 CPU:0.00% RSS_KIB:478848 MEM:3.01126% STATE:S THREADS:3 WCHAN:futex_wait_queue
[2026-09-18T09:13:45.719+00:00] PID:2447012 CPU:0.00% RSS_KIB:2048 MEM:0.01288% STATE:S THREADS:1 WCHAN:do_wait
[2026-09-18T09:13:45.720+00:00] PID:2447020 CPU:0.00% RSS_KIB:478848 MEM:3.01126% STATE:S THREADS:3 WCHAN:futex_wait_queue
[2026-09-18T09:13:45.822+00:00] PID:2447012 CPU:0.00% RSS_KIB:2048 MEM:0.01288% STATE:S THREADS:1 WCHAN:do_wait
[2026-09-18T09:13:45.822+00:00] PID:2447020 CPU:0.00% RSS_KIB:478848 MEM:3.01126% STATE:S THREADS:3 WCHAN:futex_wait_queue
[2026-09-18T09:13:45.925+00:00] PID:2447012 CPU:0.00% RSS_KIB:2048 MEM:0.01288% STATE:S THREADS:1 WCHAN:do_wait
[2026-09-18T09:13:45.925+00:00] PID:2447020 CPU:0.00% RSS_KIB:478848 MEM:3.01126% STATE:S THREADS:3 WCHAN:futex_wait_queue
[2026-09-18T09:13:46.028+00:00] PID:2447012 CPU:0.00% RSS_KIB:2048 MEM:0.01288% STATE:S THREADS:1 WCHAN:do_wait
[2026-09-18T09:13:46.028+00:00] PID:2447020 CPU:0.00% RSS_KIB:478848 MEM:3.01126% STATE:S THREADS:3 WCHAN:futex_wait_queue
[2026-09-18T09:13:46.130+00:00] PID:2447012 CPU:0.00% RSS_KIB:2048 MEM:0.01288% STATE:S THREADS:1 WCHAN:do_wait
[2026-09-18T09:13:46.131+00:00] PID:2447020 CPU:0.00% RSS_KIB:478848 MEM:3.01126% STATE:S THREADS:3 WCHAN:futex_wait_queue
[2026-09-18T09:13:46.234+00:00] PID:2447012 CPU:0.00% RSS_KIB:2048 MEM:0.01288% STATE:S THREADS:1 WCHAN:do_wait
[2026-09-18T09:13:46.234+00:00] PID:2447020 CPU:0.00% RSS_KIB:478848 MEM:3.01126% STATE:S THREADS:3 WCHAN:futex_wait_queue
[2026-09-18T09:13:46.336+00:00] PID:2447012 CPU:0.00% RSS_KIB:2048 MEM:0.01288% STATE:S THREADS:1 WCHAN:do_wait
[2026-09-18T09:13:46.337+00:00] PID:2447020 CPU:0.00% RSS_KIB:478848 MEM:3.01126% STATE:S THREADS:3 WCHAN:futex_wait_queue
[2026-09-18T09:13:46.439+00:00] PID:2447012 CPU:0.00% RSS_KIB:2048 MEM:0.01288% STATE:S THREADS:1 WCHAN:do_wait
[2026-09-18T09:13:46.440+00:00] PID:2447020 CPU:0.00% RSS_KIB:478848 MEM:3.01126% STATE:S THREADS:3 WCHAN:futex_wait_queue
[2026-09-18T09:13:46.542+00:00] PID:2447012 CPU:0.00% RSS_KIB:2048 MEM:0.01288% STATE:S THREADS:1 WCHAN:do_wait
[2026-09-18T09:13:46.543+00:00] PID:2447020 CPU:0.00% RSS_KIB:478848 MEM:3.01126% STATE:S THREADS:3 WCHAN:futex_wait_queue
[2026-09-18T09:13:46.645+00:00] PID:2447012 CPU:0.00% RSS_KIB:2048 MEM:0.01288% STATE:S THREADS:1 WCHAN:do_wait
[2026-09-18T09:13:46.646+00:00] PID:2447020 CPU:0.00% RSS_KIB:478848 MEM:3.01126% STATE:S THREADS:3 WCHAN:futex_wait_queue
[2026-09-18T09:13:46.748+00:00] PID:2447012 CPU:0.00% RSS_KIB:2048 MEM:0.01288% STATE:S THREADS:1 WCHAN:do_wait
[2026-09-18T09:13:46.749+00:00] PID:2447020 CPU:9.71% RSS_KIB:478848 MEM:3.01126% STATE:S THREADS:3 WCHAN:futex_wait_queue
[2026-09-18T09:13:46.852+00:00] PID:2447012 CPU:0.00% RSS_KIB:2048 MEM:0.01288% STATE:S THREADS:1 WCHAN:do_wait
[2026-09-18T09:13:46.852+00:00] PID:2447020 CPU:19.39% RSS_KIB:478848 MEM:3.01126% STATE:S THREADS:3 WCHAN:futex_wait_queue
[2026-09-18T09:13:46.955+00:00] PID:2447012 CPU:0.00% RSS_KIB:2048 MEM:0.01288% STATE:S THREADS:1 WCHAN:do_wait
[2026-09-18T09:13:46.955+00:00] PID:2447020 CPU:0.00% RSS_KIB:478848 MEM:3.01126% STATE:S THREADS:3 WCHAN:futex_wait_queue
[2026-09-18T09:13:47.057+00:00] PID:2447012 CPU:0.00% RSS_KIB:2048 MEM:0.01288% STATE:S THREADS:1 WCHAN:do_wait
[2026-09-18T09:13:47.057+00:00] PID:2447020 CPU:0.00% RSS_KIB:478848 MEM:3.01126% STATE:S THREADS:3 WCHAN:futex_wait_queue
[2026-09-18T09:13:47.159+00:00] PID:2447012 CPU:0.00% RSS_KIB:2048 MEM:0.01288% STATE:S THREADS:1 WCHAN:do_wait
[2026-09-18T09:13:47.160+00:00] PID:2447020 CPU:0.00% RSS_KIB:478848 MEM:3.01126% STATE:S THREADS:3 WCHAN:futex_wait_queue
[2026-09-18T09:13:47.262+00:00] PID:2447012 CPU:0.00% RSS_KIB:2048 MEM:0.01288% STATE:S THREADS:1 WCHAN:do_wait
[2026-09-18T09:13:47.262+00:00] PID:2447020 CPU:0.00% RSS_KIB:478848 MEM:3.01126% STATE:S THREADS:3 WCHAN:futex_wait_queue
[2026-09-18T09:13:47.364+00:00] PID:2447012 CPU:0.00% RSS_KIB:2048 MEM:0.01288% STATE:S THREADS:1 WCHAN:do_wait
[2026-09-18T09:13:47.365+00:00] PID:2447020 CPU:0.00% RSS_KIB:478848 MEM:3.01126% STATE:S THREADS:3 WCHAN:futex_wait_queue
[2026-09-18T09:13:47.467+00:00] PID:2447012 CPU:0.00% RSS_KIB:2048 MEM:0.01288% STATE:S THREADS:1 WCHAN:do_wait
[2026-09-18T09:13:47.467+00:00] PID:2447020 CPU:0.00% RSS_KIB:478848 MEM:3.01126% STATE:S THREADS:3 WCHAN:futex_wait_queue
[2026-09-18T09:13:47.569+00:00] PID:2447012 CPU:0.00% RSS_KIB:2048 MEM:0.01288% STATE:S THREADS:1 WCHAN:do_wait
[2026-09-18T09:13:47.570+00:00] PID:2447020 CPU:0.00% RSS_KIB:478848 MEM:3.01126% STATE:S THREADS:3 WCHAN:futex_wait_queue
[2026-09-18T09:13:47.672+00:00] PID:2447012 CPU:0.00% RSS_KIB:2048 MEM:0.01288% STATE:S THREADS:1 WCHAN:do_wait
[2026-09-18T09:13:47.672+00:00] PID:2447020 CPU:0.00% RSS_KIB:478848 MEM:3.01126% STATE:S THREADS:3 WCHAN:futex_wait_queue
[2026-09-18T09:13:47.775+00:00] PID:2447012 CPU:0.00% RSS_KIB:2048 MEM:0.01288% STATE:S THREADS:1 WCHAN:do_wait
[2026-09-18T09:13:47.776+00:00] PID:2447020 CPU:0.00% RSS_KIB:478848 MEM:3.01126% STATE:S THREADS:3 WCHAN:futex_wait_queue
[2026-09-18T09:13:47.878+00:00] PID:2447012 CPU:0.00% RSS_KIB:2048 MEM:0.01288% STATE:S THREADS:1 WCHAN:do_wait
[2026-09-18T09:13:47.879+00:00] PID:2447020 CPU:0.00% RSS_KIB:478848 MEM:3.01126% STATE:S THREADS:3 WCHAN:futex_wait_queue
[2026-09-18T09:13:47.981+00:00] PID:2447012 CPU:0.00% RSS_KIB:2048 MEM:0.01288% STATE:S THREADS:1 WCHAN:do_wait
[2026-09-18T09:13:47.981+00:00] PID:2447020 CPU:0.00% RSS_KIB:478848 MEM:3.01126% STATE:S THREADS:3 WCHAN:futex_wait_queue
[2026-09-18T09:13:48.083+00:00] PID:2447012 CPU:0.00% RSS_KIB:2048 MEM:0.01288% STATE:S THREADS:1 WCHAN:do_wait
[2026-09-18T09:13:48.084+00:00] PID:2447020 CPU:0.00% RSS_KIB:478848 MEM:3.01126% STATE:S THREADS:3 WCHAN:futex_wait_queue
[2026-09-18T09:13:48.186+00:00] PID:2447012 CPU:0.00% RSS_KIB:2048 MEM:0.01288% STATE:S THREADS:1 WCHAN:do_wait
[2026-09-18T09:13:48.187+00:00] PID:2447020 CPU:0.00% RSS_KIB:478848 MEM:3.01126% STATE:S THREADS:3 WCHAN:futex_wait_queue
[2026-09-18T09:13:48.289+00:00] PID:2447012 CPU:0.00% RSS_KIB:2048 MEM:0.01288% STATE:S THREADS:1 WCHAN:do_wait
[2026-09-18T09:13:48.290+00:00] PID:2447020 CPU:0.00% RSS_KIB:481792 MEM:3.02978% STATE:S THREADS:3 WCHAN:futex_wait_queue
[2026-09-18T09:13:48.392+00:00] PID:2447012 CPU:0.00% RSS_KIB:2048 MEM:0.01288% STATE:S THREADS:1 WCHAN:do_wait
[2026-09-18T09:13:48.392+00:00] PID:2447020 CPU:19.46% RSS_KIB:504448 MEM:3.17225% STATE:S THREADS:3 WCHAN:futex_wait_queue
[2026-09-18T09:13:48.495+00:00] PID:2447012 CPU:0.00% RSS_KIB:2048 MEM:0.01288% STATE:S THREADS:1 WCHAN:do_wait
[2026-09-18T09:13:48.496+00:00] PID:2447020 CPU:0.00% RSS_KIB:504448 MEM:3.17225% STATE:S THREADS:3 WCHAN:futex_wait_queue
[2026-09-18T09:13:48.598+00:00] PID:2447012 CPU:0.00% RSS_KIB:2048 MEM:0.01288% STATE:S THREADS:1 WCHAN:do_wait
[2026-09-18T09:13:48.599+00:00] PID:2447020 CPU:0.00% RSS_KIB:504448 MEM:3.17225% STATE:S THREADS:3 WCHAN:futex_wait_queue
[2026-09-18T09:13:48.701+00:00] PID:2447012 CPU:0.00% RSS_KIB:2048 MEM:0.01288% STATE:S THREADS:1 WCHAN:do_wait
[2026-09-18T09:13:48.701+00:00] PID:2447020 CPU:0.00% RSS_KIB:504448 MEM:3.17225% STATE:S THREADS:3 WCHAN:futex_wait_queue
[2026-09-18T09:13:48.804+00:00] PID:2447012 CPU:0.00% RSS_KIB:2048 MEM:0.01288% STATE:S THREADS:1 WCHAN:do_wait
[2026-09-18T09:13:48.805+00:00] PID:2447020 CPU:0.00% RSS_KIB:504448 MEM:3.17225% STATE:S THREADS:3 WCHAN:futex_wait_queue
[2026-09-18T09:13:48.907+00:00] PID:2447012 CPU:0.00% RSS_KIB:2048 MEM:0.01288% STATE:S THREADS:1 WCHAN:do_wait
[2026-09-18T09:13:48.908+00:00] PID:2447020 CPU:0.00% RSS_KIB:504448 MEM:3.17225% STATE:S THREADS:3 WCHAN:futex_wait_queue
[2026-09-18T09:13:49.010+00:00] PID:2447012 CPU:0.00% RSS_KIB:2048 MEM:0.01288% STATE:S THREADS:1 WCHAN:do_wait
[2026-09-18T09:13:49.010+00:00] PID:2447020 CPU:0.00% RSS_KIB:504448 MEM:3.17225% STATE:S THREADS:3 WCHAN:futex_wait_queue
[2026-09-18T09:13:49.113+00:00] PID:2447012 CPU:0.00% RSS_KIB:2048 MEM:0.01288% STATE:S THREADS:1 WCHAN:do_wait
[2026-09-18T09:13:49.113+00:00] PID:2447020 CPU:0.00% RSS_KIB:504448 MEM:3.17225% STATE:S THREADS:3 WCHAN:futex_wait_queue
[2026-09-18T09:13:49.216+00:00] PID:2447012 CPU:0.00% RSS_KIB:2048 MEM:0.01288% STATE:S THREADS:1 WCHAN:do_wait
[2026-09-18T09:13:49.217+00:00] PID:2447020 CPU:0.00% RSS_KIB:504448 MEM:3.17225% STATE:S THREADS:3 WCHAN:futex_wait_queue
[2026-09-18T09:13:49.319+00:00] PID:2447012 CPU:0.00% RSS_KIB:2048 MEM:0.01288% STATE:S THREADS:1 WCHAN:do_wait
[2026-09-18T09:13:49.320+00:00] PID:2447020 CPU:0.00% RSS_KIB:504448 MEM:3.17225% STATE:S THREADS:3 WCHAN:futex_wait_queue
[2026-09-18T09:13:49.422+00:00] PID:2447012 CPU:0.00% RSS_KIB:2048 MEM:0.01288% STATE:S THREADS:1 WCHAN:do_wait
[2026-09-18T09:13:49.422+00:00] PID:2447020 CPU:0.00% RSS_KIB:504448 MEM:3.17225% STATE:S THREADS:3 WCHAN:futex_wait_queue
[2026-09-18T09:13:49.524+00:00] PID:2447012 CPU:0.00% RSS_KIB:2048 MEM:0.01288% STATE:S THREADS:1 WCHAN:do_wait
[2026-09-18T09:13:49.524+00:00] PID:2447020 CPU:0.00% RSS_KIB:504448 MEM:3.17225% STATE:S THREADS:3 WCHAN:futex_wait_queue
[2026-09-18T09:13:49.627+00:00] PID:2447012 CPU:0.00% RSS_KIB:2048 MEM:0.01288% STATE:S THREADS:1 WCHAN:do_wait
[2026-09-18T09:13:49.628+00:00] PID:2447020 CPU:0.00% RSS_KIB:504448 MEM:3.17225% STATE:S THREADS:3 WCHAN:futex_wait_queue
[2026-09-18T09:13:49.730+00:00] PID:2447012 CPU:0.00% RSS_KIB:2048 MEM:0.01288% STATE:S THREADS:1 WCHAN:do_wait
[2026-09-18T09:13:49.730+00:00] PID:2447020 CPU:0.00% RSS_KIB:504448 MEM:3.17225% STATE:S THREADS:3 WCHAN:futex_wait_queue
[2026-09-18T09:13:49.832+00:00] PID:2447012 CPU:0.00% RSS_KIB:2048 MEM:0.01288% STATE:S THREADS:1 WCHAN:do_wait
[2026-09-18T09:13:49.833+00:00] PID:2447020 CPU:0.00% RSS_KIB:504448 MEM:3.17225% STATE:S THREADS:3 WCHAN:futex_wait_queue
[2026-09-18T09:13:49.934+00:00] PID:2447012 CPU:0.00% RSS_KIB:2048 MEM:0.01288% STATE:S THREADS:1 WCHAN:do_wait
[2026-09-18T09:13:49.935+00:00] PID:2447020 CPU:29.29% RSS_KIB:504448 MEM:3.17225% STATE:S THREADS:3 WCHAN:futex_wait_queue
[2026-09-18T09:13:50.038+00:00] PID:2447012 CPU:0.00% RSS_KIB:2048 MEM:0.01288% STATE:S THREADS:1 WCHAN:do_wait
[2026-09-18T09:13:50.038+00:00] PID:2447020 CPU:0.00% RSS_KIB:504448 MEM:3.17225% STATE:S THREADS:3 WCHAN:futex_wait_queue
[2026-09-18T09:13:50.140+00:00] PID:2447012 CPU:0.00% RSS_KIB:2048 MEM:0.01288% STATE:S THREADS:1 WCHAN:do_wait
[2026-09-18T09:13:50.141+00:00] PID:2447020 CPU:0.00% RSS_KIB:504448 MEM:3.17225% STATE:S THREADS:3 WCHAN:futex_wait_queue
[2026-09-18T09:13:50.243+00:00] PID:2447012 CPU:0.00% RSS_KIB:2048 MEM:0.01288% STATE:S THREADS:1 WCHAN:do_wait
[2026-09-18T09:13:50.243+00:00] PID:2447020 CPU:0.00% RSS_KIB:504448 MEM:3.17225% STATE:S THREADS:3 WCHAN:futex_wait_queue
[2026-09-18T09:13:50.345+00:00] PID:2447012 CPU:0.00% RSS_KIB:2048 MEM:0.01288% STATE:S THREADS:1 WCHAN:do_wait
[2026-09-18T09:13:50.346+00:00] PID:2447020 CPU:0.00% RSS_KIB:504448 MEM:3.17225% STATE:S THREADS:3 WCHAN:futex_wait_queue
[2026-09-18T09:13:50.448+00:00] PID:2447012 CPU:0.00% RSS_KIB:2048 MEM:0.01288% STATE:S THREADS:1 WCHAN:do_wait
[2026-09-18T09:13:50.449+00:00] PID:2447020 CPU:0.00% RSS_KIB:504448 MEM:3.17225% STATE:S THREADS:3 WCHAN:futex_wait_queue
[2026-09-18T09:13:50.551+00:00] PID:2447012 CPU:0.00% RSS_KIB:2048 MEM:0.01288% STATE:S THREADS:1 WCHAN:do_wait
[2026-09-18T09:13:50.551+00:00] PID:2447020 CPU:0.00% RSS_KIB:504448 MEM:3.17225% STATE:S THREADS:3 WCHAN:futex_wait_queue
[2026-09-18T09:13:50.654+00:00] PID:2447012 CPU:0.00% RSS_KIB:2048 MEM:0.01288% STATE:S THREADS:1 WCHAN:do_wait
[2026-09-18T09:13:50.654+00:00] PID:2447020 CPU:0.00% RSS_KIB:504448 MEM:3.17225% STATE:S THREADS:3 WCHAN:futex_wait_queue
[2026-09-18T09:13:50.756+00:00] PID:2447012 CPU:0.00% RSS_KIB:2048 MEM:0.01288% STATE:S THREADS:1 WCHAN:do_wait
[2026-09-18T09:13:50.757+00:00] PID:2447020 CPU:0.00% RSS_KIB:504448 MEM:3.17225% STATE:S THREADS:3 WCHAN:futex_wait_queue
[2026-09-18T09:13:50.859+00:00] PID:2447012 CPU:0.00% RSS_KIB:2048 MEM:0.01288% STATE:S THREADS:1 WCHAN:do_wait
[2026-09-18T09:13:50.859+00:00] PID:2447020 CPU:0.00% RSS_KIB:504448 MEM:3.17225% STATE:S THREADS:3 WCHAN:futex_wait_queue
[2026-09-18T09:13:50.962+00:00] PID:2447012 CPU:0.00% RSS_KIB:2048 MEM:0.01288% STATE:S THREADS:1 WCHAN:do_wait
[2026-09-18T09:13:50.962+00:00] PID:2447020 CPU:0.00% RSS_KIB:504448 MEM:3.17225% STATE:S THREADS:3 WCHAN:futex_wait_queue
[2026-09-18T09:13:51.064+00:00] PID:2447012 CPU:0.00% RSS_KIB:2048 MEM:0.01288% STATE:S THREADS:1 WCHAN:do_wait
[2026-09-18T09:13:51.065+00:00] PID:2447020 CPU:0.00% RSS_KIB:504448 MEM:3.17225% STATE:S THREADS:3 WCHAN:futex_wait_queue
[2026-09-18T09:13:51.167+00:00] PID:2447012 CPU:0.00% RSS_KIB:2048 MEM:0.01288% STATE:S THREADS:1 WCHAN:do_wait
[2026-09-18T09:13:51.167+00:00] PID:2447020 CPU:0.00% RSS_KIB:504448 MEM:3.17225% STATE:S THREADS:3 WCHAN:futex_wait_queue
[2026-09-18T09:13:51.270+00:00] PID:2447012 CPU:0.00% RSS_KIB:2048 MEM:0.01288% STATE:S THREADS:1 WCHAN:do_wait
[2026-09-18T09:13:51.270+00:00] PID:2447020 CPU:0.00% RSS_KIB:504448 MEM:3.17225% STATE:S THREADS:3 WCHAN:futex_wait_queue
[2026-09-18T09:13:51.372+00:00] PID:2447012 CPU:0.00% RSS_KIB:2048 MEM:0.01288% STATE:S THREADS:1 WCHAN:do_wait
[2026-09-18T09:13:51.373+00:00] PID:2447020 CPU:19.46% RSS_KIB:530048 MEM:3.33324% STATE:S THREADS:3 WCHAN:futex_wait_queue
[2026-09-18T09:13:51.475+00:00] PID:2447012 CPU:0.00% RSS_KIB:2048 MEM:0.01288% STATE:S THREADS:1 WCHAN:do_wait
[2026-09-18T09:13:51.475+00:00] PID:2447020 CPU:0.00% RSS_KIB:530048 MEM:3.33324% STATE:S THREADS:3 WCHAN:futex_wait_queue
[2026-09-18T09:13:51.577+00:00] PID:2447012 CPU:0.00% RSS_KIB:2048 MEM:0.01288% STATE:S THREADS:1 WCHAN:do_wait
[2026-09-18T09:13:51.578+00:00] PID:2447020 CPU:0.00% RSS_KIB:530048 MEM:3.33324% STATE:S THREADS:3 WCHAN:futex_wait_queue
[2026-09-18T09:13:51.680+00:00] PID:2447012 CPU:0.00% RSS_KIB:2048 MEM:0.01288% STATE:S THREADS:1 WCHAN:do_wait
[2026-09-18T09:13:51.681+00:00] PID:2447020 CPU:0.00% RSS_KIB:530048 MEM:3.33324% STATE:S THREADS:3 WCHAN:futex_wait_queue
[2026-09-18T09:13:51.783+00:00] PID:2447012 CPU:0.00% RSS_KIB:2048 MEM:0.01288% STATE:S THREADS:1 WCHAN:do_wait
[2026-09-18T09:13:51.784+00:00] PID:2447020 CPU:0.00% RSS_KIB:530048 MEM:3.33324% STATE:S THREADS:3 WCHAN:futex_wait_queue
[2026-09-18T09:13:51.887+00:00] PID:2447012 CPU:0.00% RSS_KIB:2048 MEM:0.01288% STATE:S THREADS:1 WCHAN:do_wait
[2026-09-18T09:13:51.888+00:00] PID:2447020 CPU:0.00% RSS_KIB:530048 MEM:3.33324% STATE:S THREADS:3 WCHAN:futex_wait_queue
[2026-09-18T09:13:51.990+00:00] PID:2447012 CPU:0.00% RSS_KIB:2048 MEM:0.01288% STATE:S THREADS:1 WCHAN:do_wait
[2026-09-18T09:13:51.990+00:00] PID:2447020 CPU:0.00% RSS_KIB:530048 MEM:3.33324% STATE:S THREADS:3 WCHAN:futex_wait_queue
[2026-09-18T09:13:52.093+00:00] PID:2447012 CPU:0.00% RSS_KIB:2048 MEM:0.01288% STATE:S THREADS:1 WCHAN:do_wait
[2026-09-18T09:13:52.093+00:00] PID:2447020 CPU:0.00% RSS_KIB:530048 MEM:3.33324% STATE:S THREADS:3 WCHAN:futex_wait_queue
[2026-09-18T09:13:52.196+00:00] PID:2447012 CPU:0.00% RSS_KIB:2048 MEM:0.01288% STATE:S THREADS:1 WCHAN:do_wait
[2026-09-18T09:13:52.196+00:00] PID:2447020 CPU:0.00% RSS_KIB:530048 MEM:3.33324% STATE:S THREADS:3 WCHAN:futex_wait_queue
[2026-09-18T09:13:52.299+00:00] PID:2447012 CPU:0.00% RSS_KIB:2048 MEM:0.01288% STATE:S THREADS:1 WCHAN:do_wait
[2026-09-18T09:13:52.299+00:00] PID:2447020 CPU:0.00% RSS_KIB:530048 MEM:3.33324% STATE:S THREADS:3 WCHAN:futex_wait_queue
[2026-09-18T09:13:52.402+00:00] PID:2447012 CPU:0.00% RSS_KIB:2048 MEM:0.01288% STATE:S THREADS:1 WCHAN:do_wait
[2026-09-18T09:13:52.403+00:00] PID:2447020 CPU:0.00% RSS_KIB:530048 MEM:3.33324% STATE:S THREADS:3 WCHAN:futex_wait_queue
[2026-09-18T09:13:52.505+00:00] PID:2447012 CPU:0.00% RSS_KIB:2048 MEM:0.01288% STATE:S THREADS:1 WCHAN:do_wait
[2026-09-18T09:13:52.505+00:00] PID:2447020 CPU:0.00% RSS_KIB:530048 MEM:3.33324% STATE:S THREADS:3 WCHAN:futex_wait_queue
[2026-09-18T09:13:52.607+00:00] PID:2447012 CPU:0.00% RSS_KIB:2048 MEM:0.01288% STATE:S THREADS:1 WCHAN:do_wait
[2026-09-18T09:13:52.608+00:00] PID:2447020 CPU:0.00% RSS_KIB:530048 MEM:3.33324% STATE:S THREADS:3 WCHAN:futex_wait_queue
[2026-09-18T09:13:52.710+00:00] PID:2447012 CPU:0.00% RSS_KIB:2048 MEM:0.01288% STATE:S THREADS:1 WCHAN:do_wait
[2026-09-18T09:13:52.711+00:00] PID:2447020 CPU:0.00% RSS_KIB:530048 MEM:3.33324% STATE:S THREADS:3 WCHAN:futex_wait_queue
[2026-09-18T09:13:52.813+00:00] PID:2447012 CPU:0.00% RSS_KIB:2048 MEM:0.01288% STATE:S THREADS:1 WCHAN:do_wait
[2026-09-18T09:13:52.813+00:00] PID:2447020 CPU:0.00% RSS_KIB:530048 MEM:3.33324% STATE:S THREADS:3 WCHAN:futex_wait_queue
[2026-09-18T09:13:52.915+00:00] PID:2447012 CPU:0.00% RSS_KIB:2048 MEM:0.01288% STATE:S THREADS:1 WCHAN:do_wait
[2026-09-18T09:13:52.916+00:00] PID:2447020 CPU:0.00% RSS_KIB:530048 MEM:3.33324% STATE:S THREADS:3 WCHAN:futex_wait_queue
[2026-09-18T09:13:53.018+00:00] PID:2447012 CPU:0.00% RSS_KIB:2048 MEM:0.01288% STATE:S THREADS:1 WCHAN:do_wait
[2026-09-18T09:13:53.019+00:00] PID:2447020 CPU:39.00% RSS_KIB:530048 MEM:3.33324% STATE:S THREADS:3 WCHAN:futex_wait_queue
[2026-09-18T09:13:53.121+00:00] PID:2447012 CPU:0.00% RSS_KIB:2048 MEM:0.01288% STATE:S THREADS:1 WCHAN:do_wait
[2026-09-18T09:13:53.121+00:00] PID:2447020 CPU:0.00% RSS_KIB:530048 MEM:3.33324% STATE:S THREADS:3 WCHAN:futex_wait_queue
[2026-09-18T09:13:53.223+00:00] PID:2447012 CPU:0.00% RSS_KIB:2048 MEM:0.01288% STATE:S THREADS:1 WCHAN:do_wait
[2026-09-18T09:13:53.223+00:00] PID:2447020 CPU:0.00% RSS_KIB:530048 MEM:3.33324% STATE:S THREADS:3 WCHAN:futex_wait_queue
[2026-09-18T09:13:53.326+00:00] PID:2447012 CPU:0.00% RSS_KIB:2048 MEM:0.01288% STATE:S THREADS:1 WCHAN:do_wait
[2026-09-18T09:13:53.326+00:00] PID:2447020 CPU:0.00% RSS_KIB:530048 MEM:3.33324% STATE:S THREADS:3 WCHAN:futex_wait_queue
[2026-09-18T09:13:53.428+00:00] PID:2447012 CPU:0.00% RSS_KIB:2048 MEM:0.01288% STATE:S THREADS:1 WCHAN:do_wait
[2026-09-18T09:13:53.428+00:00] PID:2447020 CPU:0.00% RSS_KIB:530048 MEM:3.33324% STATE:S THREADS:3 WCHAN:futex_wait_queue
[2026-09-18T09:13:53.530+00:00] PID:2447012 CPU:0.00% RSS_KIB:2048 MEM:0.01288% STATE:S THREADS:1 WCHAN:do_wait
[2026-09-18T09:13:53.531+00:00] PID:2447020 CPU:0.00% RSS_KIB:530048 MEM:3.33324% STATE:S THREADS:3 WCHAN:futex_wait_queue
[2026-09-18T09:13:53.633+00:00] PID:2447012 CPU:0.00% RSS_KIB:2048 MEM:0.01288% STATE:S THREADS:1 WCHAN:do_wait
[2026-09-18T09:13:53.633+00:00] PID:2447020 CPU:0.00% RSS_KIB:530048 MEM:3.33324% STATE:S THREADS:3 WCHAN:futex_wait_queue
[2026-09-18T09:13:53.736+00:00] PID:2447012 CPU:0.00% RSS_KIB:2048 MEM:0.01288% STATE:S THREADS:1 WCHAN:do_wait
[2026-09-18T09:13:53.736+00:00] PID:2447020 CPU:0.00% RSS_KIB:530048 MEM:3.33324% STATE:S THREADS:3 WCHAN:futex_wait_queue
[2026-09-18T09:13:53.838+00:00] PID:2447012 CPU:0.00% RSS_KIB:2048 MEM:0.01288% STATE:S THREADS:1 WCHAN:do_wait
[2026-09-18T09:13:53.838+00:00] PID:2447020 CPU:0.00% RSS_KIB:530048 MEM:3.33324% STATE:S THREADS:3 WCHAN:futex_wait_queue
[2026-09-18T09:13:53.941+00:00] PID:2447012 CPU:0.00% RSS_KIB:2048 MEM:0.01288% STATE:S THREADS:1 WCHAN:do_wait
[2026-09-18T09:13:53.941+00:00] PID:2447020 CPU:0.00% RSS_KIB:530048 MEM:3.33324% STATE:S THREADS:3 WCHAN:futex_wait_queue
[2026-09-18T09:13:54.044+00:00] PID:2447012 CPU:0.00% RSS_KIB:2048 MEM:0.01288% STATE:S THREADS:1 WCHAN:do_wait
[2026-09-18T09:13:54.045+00:00] PID:2447020 CPU:0.00% RSS_KIB:530048 MEM:3.33324% STATE:S THREADS:3 WCHAN:futex_wait_queue
[2026-09-18T09:13:54.147+00:00] PID:2447012 CPU:0.00% RSS_KIB:2048 MEM:0.01288% STATE:S THREADS:1 WCHAN:do_wait
[2026-09-18T09:13:54.147+00:00] PID:2447020 CPU:0.00% RSS_KIB:530048 MEM:3.33324% STATE:S THREADS:3 WCHAN:futex_wait_queue
[2026-09-18T09:13:54.250+00:00] PID:2447012 CPU:0.00% RSS_KIB:2048 MEM:0.01288% STATE:S THREADS:1 WCHAN:do_wait
[2026-09-18T09:13:54.250+00:00] PID:2447020 CPU:0.00% RSS_KIB:530048 MEM:3.33324% STATE:S THREADS:3 WCHAN:futex_wait_queue
[2026-09-18T09:13:54.353+00:00] PID:2447012 CPU:0.00% RSS_KIB:2048 MEM:0.01288% STATE:S THREADS:1 WCHAN:do_wait
[2026-09-18T09:13:54.353+00:00] PID:2447020 CPU:9.74% RSS_KIB:538496 MEM:3.38636% STATE:S THREADS:3 WCHAN:futex_wait_queue
[2026-09-18T09:13:54.455+00:00] PID:2447012 CPU:0.00% RSS_KIB:2048 MEM:0.01288% STATE:S THREADS:1 WCHAN:do_wait
[2026-09-18T09:13:54.456+00:00] PID:2447020 CPU:19.40% RSS_KIB:18012 MEM:0.11327% STATE:S THREADS:3 WCHAN:futex_wait_queue
[2026-09-18T09:13:54.558+00:00] PID:2447012 CPU:0.00% RSS_KIB:2048 MEM:0.01288% STATE:S THREADS:1 WCHAN:do_wait
[2026-09-18T09:13:54.558+00:00] PID:2447020 CPU:0.00% RSS_KIB:18012 MEM:0.11327% STATE:S THREADS:3 WCHAN:futex_wait_queue
[2026-09-18T09:13:54.660+00:00] PID:2447012 CPU:0.00% RSS_KIB:2048 MEM:0.01288% STATE:S THREADS:1 WCHAN:do_wait
[2026-09-18T09:13:54.661+00:00] PID:2447020 CPU:0.00% RSS_KIB:18012 MEM:0.11327% STATE:S THREADS:3 WCHAN:futex_wait_queue
[2026-09-18T09:13:54.763+00:00] PID:2447012 CPU:0.00% RSS_KIB:2048 MEM:0.01288% STATE:S THREADS:1 WCHAN:do_wait
[2026-09-18T09:13:54.763+00:00] PID:2447020 CPU:0.00% RSS_KIB:18012 MEM:0.11327% STATE:S THREADS:3 WCHAN:futex_wait_queue
[2026-09-18T09:13:54.866+00:00] PID:2447012 CPU:0.00% RSS_KIB:2048 MEM:0.01288% STATE:S THREADS:1 WCHAN:do_wait
[2026-09-18T09:13:54.866+00:00] PID:2447020 CPU:0.00% RSS_KIB:18012 MEM:0.11327% STATE:S THREADS:3 WCHAN:futex_wait_queue
[2026-09-18T09:13:54.968+00:00] PID:2447012 CPU:0.00% RSS_KIB:2048 MEM:0.01288% STATE:S THREADS:1 WCHAN:do_wait
[2026-09-18T09:13:54.968+00:00] PID:2447020 CPU:0.00% RSS_KIB:18012 MEM:0.11327% STATE:S THREADS:3 WCHAN:futex_wait_queue
[2026-09-18T09:13:55.071+00:00] PID:2447012 CPU:0.00% RSS_KIB:2048 MEM:0.01288% STATE:S THREADS:1 WCHAN:do_wait
[2026-09-18T09:13:55.072+00:00] PID:2447020 CPU:0.00% RSS_KIB:18012 MEM:0.11327% STATE:S THREADS:3 WCHAN:futex_wait_queue
[2026-09-18T09:13:55.174+00:00] PID:2447012 CPU:0.00% RSS_KIB:2048 MEM:0.01288% STATE:S THREADS:1 WCHAN:do_wait
[2026-09-18T09:13:55.175+00:00] PID:2447020 CPU:0.00% RSS_KIB:18012 MEM:0.11327% STATE:S THREADS:3 WCHAN:futex_wait_queue
[2026-09-18T09:13:55.277+00:00] PID:2447012 CPU:0.00% RSS_KIB:2048 MEM:0.01288% STATE:S THREADS:1 WCHAN:do_wait
[2026-09-18T09:13:55.277+00:00] PID:2447020 CPU:0.00% RSS_KIB:18012 MEM:0.11327% STATE:S THREADS:3 WCHAN:futex_wait_queue
[2026-09-18T09:13:55.379+00:00] PID:2447012 CPU:0.00% RSS_KIB:2048 MEM:0.01288% STATE:S THREADS:1 WCHAN:do_wait
[2026-09-18T09:13:55.379+00:00] PID:2447020 CPU:0.00% RSS_KIB:18012 MEM:0.11327% STATE:S THREADS:3 WCHAN:futex_wait_queue
[2026-09-18T09:13:55.482+00:00] PID:2447012 CPU:0.00% RSS_KIB:2048 MEM:0.01288% STATE:S THREADS:1 WCHAN:do_wait
[2026-09-18T09:13:55.482+00:00] PID:2447020 CPU:0.00% RSS_KIB:18012 MEM:0.11327% STATE:S THREADS:3 WCHAN:futex_wait_queue
[2026-09-18T09:13:55.584+00:00] PID:2447012 CPU:0.00% RSS_KIB:2048 MEM:0.01288% STATE:S THREADS:1 WCHAN:do_wait
[2026-09-18T09:13:55.585+00:00] PID:2447020 CPU:0.00% RSS_KIB:18012 MEM:0.11327% STATE:S THREADS:3 WCHAN:futex_wait_queue
[2026-09-18T09:13:55.687+00:00] PID:2447012 CPU:0.00% RSS_KIB:2048 MEM:0.01288% STATE:S THREADS:1 WCHAN:do_wait
[2026-09-18T09:13:55.687+00:00] PID:2447020 CPU:0.00% RSS_KIB:18012 MEM:0.11327% STATE:S THREADS:3 WCHAN:futex_wait_queue
[2026-09-18T09:13:55.789+00:00] PID:2447012 CPU:0.00% RSS_KIB:2048 MEM:0.01288% STATE:S THREADS:1 WCHAN:do_wait
[2026-09-18T09:13:55.789+00:00] PID:2447020 CPU:0.00% RSS_KIB:18012 MEM:0.11327% STATE:S THREADS:3 WCHAN:futex_wait_queue
[2026-09-18T09:13:55.891+00:00] PID:2447012 CPU:0.00% RSS_KIB:2048 MEM:0.01288% STATE:S THREADS:1 WCHAN:do_wait
[2026-09-18T09:13:55.892+00:00] PID:2447020 CPU:0.00% RSS_KIB:18012 MEM:0.11327% STATE:S THREADS:3 WCHAN:futex_wait_queue
[2026-09-18T09:13:55.994+00:00] PID:2447012 CPU:0.00% RSS_KIB:2048 MEM:0.01288% STATE:S THREADS:1 WCHAN:do_wait
[2026-09-18T09:13:55.994+00:00] PID:2447020 CPU:0.00% RSS_KIB:18012 MEM:0.11327% STATE:S THREADS:3 WCHAN:futex_wait_queue
[2026-09-18T09:13:56.096+00:00] PID:2447012 CPU:0.00% RSS_KIB:2048 MEM:0.01288% STATE:S THREADS:1 WCHAN:do_wait
[2026-09-18T09:13:56.097+00:00] PID:2447020 CPU:19.50% RSS_KIB:18012 MEM:0.11327% STATE:S THREADS:3 WCHAN:futex_wait_queue
[2026-09-18T09:13:56.199+00:00] PID:2447012 CPU:0.00% RSS_KIB:2048 MEM:0.01288% STATE:S THREADS:1 WCHAN:do_wait
[2026-09-18T09:13:56.199+00:00] PID:2447020 CPU:9.78% RSS_KIB:18012 MEM:0.11327% STATE:S THREADS:3 WCHAN:futex_wait_queue
[2026-09-18T09:13:56.301+00:00] PID:2447012 CPU:0.00% RSS_KIB:2048 MEM:0.01288% STATE:S THREADS:1 WCHAN:do_wait
[2026-09-18T09:13:56.302+00:00] PID:2447020 CPU:0.00% RSS_KIB:18012 MEM:0.11327% STATE:S THREADS:3 WCHAN:futex_wait_queue
[2026-09-18T09:13:56.404+00:00] PID:2447012 CPU:0.00% RSS_KIB:2048 MEM:0.01288% STATE:S THREADS:1 WCHAN:do_wait
[2026-09-18T09:13:56.404+00:00] PID:2447020 CPU:0.00% RSS_KIB:18012 MEM:0.11327% STATE:S THREADS:3 WCHAN:futex_wait_queue
[2026-09-18T09:13:56.506+00:00] PID:2447012 CPU:0.00% RSS_KIB:2048 MEM:0.01288% STATE:S THREADS:1 WCHAN:do_wait
[2026-09-18T09:13:56.506+00:00] PID:2447020 CPU:0.00% RSS_KIB:18012 MEM:0.11327% STATE:S THREADS:3 WCHAN:futex_wait_queue
[2026-09-18T09:13:56.609+00:00] PID:2447012 CPU:0.00% RSS_KIB:2048 MEM:0.01288% STATE:S THREADS:1 WCHAN:do_wait
[2026-09-18T09:13:56.610+00:00] PID:2447020 CPU:0.00% RSS_KIB:18012 MEM:0.11327% STATE:S THREADS:3 WCHAN:futex_wait_queue
[2026-09-18T09:13:56.712+00:00] PID:2447012 CPU:0.00% RSS_KIB:2048 MEM:0.01288% STATE:S THREADS:1 WCHAN:do_wait
[2026-09-18T09:13:56.712+00:00] PID:2447020 CPU:0.00% RSS_KIB:18012 MEM:0.11327% STATE:S THREADS:3 WCHAN:futex_wait_queue
[2026-09-18T09:13:56.814+00:00] PID:2447012 CPU:0.00% RSS_KIB:2048 MEM:0.01288% STATE:S THREADS:1 WCHAN:do_wait
[2026-09-18T09:13:56.815+00:00] PID:2447020 CPU:0.00% RSS_KIB:18012 MEM:0.11327% STATE:S THREADS:3 WCHAN:futex_wait_queue
[2026-09-18T09:13:56.917+00:00] PID:2447012 CPU:0.00% RSS_KIB:2048 MEM:0.01288% STATE:S THREADS:1 WCHAN:do_wait
[2026-09-18T09:13:56.918+00:00] PID:2447020 CPU:0.00% RSS_KIB:18012 MEM:0.11327% STATE:S THREADS:3 WCHAN:futex_wait_queue
[2026-09-18T09:13:57.020+00:00] PID:2447012 CPU:0.00% RSS_KIB:2048 MEM:0.01288% STATE:S THREADS:1 WCHAN:do_wait
[2026-09-18T09:13:57.020+00:00] PID:2447020 CPU:0.00% RSS_KIB:18012 MEM:0.11327% STATE:S THREADS:3 WCHAN:futex_wait_queue
[2026-09-18T09:13:57.122+00:00] PID:2447012 CPU:0.00% RSS_KIB:2048 MEM:0.01288% STATE:S THREADS:1 WCHAN:do_wait
[2026-09-18T09:13:57.123+00:00] PID:2447020 CPU:0.00% RSS_KIB:18012 MEM:0.11327% STATE:S THREADS:3 WCHAN:futex_wait_queue
[2026-09-18T09:13:57.225+00:00] PID:2447012 CPU:0.00% RSS_KIB:2048 MEM:0.01288% STATE:S THREADS:1 WCHAN:do_wait
[2026-09-18T09:13:57.226+00:00] PID:2447020 CPU:0.00% RSS_KIB:18012 MEM:0.11327% STATE:S THREADS:3 WCHAN:futex_wait_queue
[2026-09-18T09:13:57.328+00:00] PID:2447012 CPU:0.00% RSS_KIB:2048 MEM:0.01288% STATE:S THREADS:1 WCHAN:do_wait
[2026-09-18T09:13:57.328+00:00] PID:2447020 CPU:0.00% RSS_KIB:18012 MEM:0.11327% STATE:S THREADS:3 WCHAN:futex_wait_queue
[2026-09-18T09:13:57.430+00:00] PID:2447012 CPU:0.00% RSS_KIB:2048 MEM:0.01288% STATE:S THREADS:1 WCHAN:do_wait
[2026-09-18T09:13:57.431+00:00] PID:2447020 CPU:0.00% RSS_KIB:18012 MEM:0.11327% STATE:S THREADS:3 WCHAN:futex_wait_queue
[2026-09-18T09:13:57.533+00:00] PID:2447012 CPU:0.00% RSS_KIB:2048 MEM:0.01288% STATE:S THREADS:1 WCHAN:do_wait
[2026-09-18T09:13:57.533+00:00] PID:2447020 CPU:0.00% RSS_KIB:18012 MEM:0.11327% STATE:S THREADS:3 WCHAN:futex_wait_queue
[2026-09-18T09:13:57.635+00:00] PID:2447012 CPU:0.00% RSS_KIB:2048 MEM:0.01288% STATE:S THREADS:1 WCHAN:do_wait
[2026-09-18T09:13:57.636+00:00] PID:2447020 CPU:0.00% RSS_KIB:18012 MEM:0.11327% STATE:S THREADS:3 WCHAN:futex_wait_queue
[2026-09-18T09:13:57.738+00:00] PID:2447012 CPU:0.00% RSS_KIB:2048 MEM:0.01288% STATE:S THREADS:1 WCHAN:do_wait
[2026-09-18T09:13:57.739+00:00] PID:2447020 CPU:0.00% RSS_KIB:18012 MEM:0.11327% STATE:S THREADS:3 WCHAN:futex_wait_queue
[2026-09-18T09:13:57.841+00:00] PID:2447012 CPU:0.00% RSS_KIB:2048 MEM:0.01288% STATE:S THREADS:1 WCHAN:do_wait
[2026-09-18T09:13:57.841+00:00] PID:2447020 CPU:0.00% RSS_KIB:18012 MEM:0.11327% STATE:S THREADS:3 WCHAN:futex_wait_queue
[2026-09-18T09:13:57.943+00:00] PID:2447012 CPU:0.00% RSS_KIB:2048 MEM:0.01288% STATE:S THREADS:1 WCHAN:do_wait
[2026-09-18T09:13:57.944+00:00] PID:2447020 CPU:0.00% RSS_KIB:18012 MEM:0.11327% STATE:S THREADS:3 WCHAN:futex_wait_queue
[2026-09-18T09:13:58.047+00:00] PID:2447012 CPU:0.00% RSS_KIB:2048 MEM:0.01288% STATE:S THREADS:1 WCHAN:do_wait
[2026-09-18T09:13:58.047+00:00] PID:2447020 CPU:0.00% RSS_KIB:18012 MEM:0.11327% STATE:S THREADS:3 WCHAN:futex_wait_queue
[2026-09-18T09:13:58.149+00:00] PID:2447012 CPU:0.00% RSS_KIB:2048 MEM:0.01288% STATE:S THREADS:1 WCHAN:do_wait
[2026-09-18T09:13:58.150+00:00] PID:2447020 CPU:0.00% RSS_KIB:18012 MEM:0.11327% STATE:S THREADS:3 WCHAN:futex_wait_queue
[2026-09-18T09:13:58.252+00:00] PID:2447012 CPU:0.00% RSS_KIB:2048 MEM:0.01288% STATE:S THREADS:1 WCHAN:do_wait
[2026-09-18T09:13:58.253+00:00] PID:2447020 CPU:0.00% RSS_KIB:18012 MEM:0.11327% STATE:S THREADS:3 WCHAN:futex_wait_queue
[2026-09-18T09:13:58.355+00:00] PID:2447012 CPU:0.00% RSS_KIB:2048 MEM:0.01288% STATE:S THREADS:1 WCHAN:do_wait
[2026-09-18T09:13:58.356+00:00] PID:2447020 CPU:0.00% RSS_KIB:18012 MEM:0.11327% STATE:S THREADS:3 WCHAN:futex_wait_queue
[2026-09-18T09:13:58.458+00:00] PID:2447012 CPU:0.00% RSS_KIB:2048 MEM:0.01288% STATE:S THREADS:1 WCHAN:do_wait
[2026-09-18T09:13:58.459+00:00] PID:2447020 CPU:0.00% RSS_KIB:18012 MEM:0.11327% STATE:S THREADS:3 WCHAN:futex_wait_queue
[2026-09-18T09:13:58.561+00:00] PID:2447012 CPU:0.00% RSS_KIB:2048 MEM:0.01288% STATE:S THREADS:1 WCHAN:do_wait
[2026-09-18T09:13:58.561+00:00] PID:2447020 CPU:0.00% RSS_KIB:18012 MEM:0.11327% STATE:S THREADS:3 WCHAN:futex_wait_queue
[2026-09-18T09:13:58.663+00:00] PID:2447012 CPU:0.00% RSS_KIB:2048 MEM:0.01288% STATE:S THREADS:1 WCHAN:do_wait
[2026-09-18T09:13:58.664+00:00] PID:2447020 CPU:0.00% RSS_KIB:18012 MEM:0.11327% STATE:S THREADS:3 WCHAN:futex_wait_queue
[2026-09-18T09:13:58.766+00:00] PID:2447012 CPU:0.00% RSS_KIB:2048 MEM:0.01288% STATE:S THREADS:1 WCHAN:do_wait
[2026-09-18T09:13:58.767+00:00] PID:2447020 CPU:0.00% RSS_KIB:18012 MEM:0.11327% STATE:S THREADS:3 WCHAN:futex_wait_queue
[2026-09-18T09:13:58.870+00:00] PID:2447012 CPU:0.00% RSS_KIB:2048 MEM:0.01288% STATE:S THREADS:1 WCHAN:do_wait
[2026-09-18T09:13:58.870+00:00] PID:2447020 CPU:0.00% RSS_KIB:18012 MEM:0.11327% STATE:S THREADS:3 WCHAN:futex_wait_queue
[2026-09-18T09:13:58.973+00:00] PID:2447012 CPU:0.00% RSS_KIB:2048 MEM:0.01288% STATE:S THREADS:1 WCHAN:do_wait
[2026-09-18T09:13:58.973+00:00] PID:2447020 CPU:0.00% RSS_KIB:18012 MEM:0.11327% STATE:S THREADS:3 WCHAN:futex_wait_queue
[2026-09-18T09:13:59.075+00:00] PID:2447012 CPU:0.00% RSS_KIB:2048 MEM:0.01288% STATE:S THREADS:1 WCHAN:do_wait
[2026-09-18T09:13:59.076+00:00] PID:2447020 CPU:0.00% RSS_KIB:18012 MEM:0.11327% STATE:S THREADS:3 WCHAN:futex_wait_queue
[2026-09-18T09:13:59.178+00:00] PID:2447012 CPU:0.00% RSS_KIB:2048 MEM:0.01288% STATE:S THREADS:1 WCHAN:do_wait
[2026-09-18T09:13:59.179+00:00] PID:2447020 CPU:0.00% RSS_KIB:18012 MEM:0.11327% STATE:S THREADS:3 WCHAN:futex_wait_queue
[2026-09-18T09:13:59.281+00:00] PID:2447012 CPU:0.00% RSS_KIB:2048 MEM:0.01288% STATE:S THREADS:1 WCHAN:do_wait
[2026-09-18T09:13:59.281+00:00] PID:2447020 CPU:19.52% RSS_KIB:18012 MEM:0.11327% STATE:S THREADS:3 WCHAN:futex_wait_queue
[2026-09-18T09:13:59.383+00:00] PID:2447012 CPU:0.00% RSS_KIB:2048 MEM:0.01288% STATE:S THREADS:1 WCHAN:do_wait
[2026-09-18T09:13:59.384+00:00] PID:2447020 CPU:0.00% RSS_KIB:18012 MEM:0.11327% STATE:S THREADS:3 WCHAN:futex_wait_queue
[2026-09-18T09:13:59.486+00:00] PID:2447012 CPU:0.00% RSS_KIB:2048 MEM:0.01288% STATE:S THREADS:1 WCHAN:do_wait
[2026-09-18T09:13:59.486+00:00] PID:2447020 CPU:19.56% RSS_KIB:43612 MEM:0.27426% STATE:S THREADS:3 WCHAN:futex_wait_queue
[2026-09-18T09:13:59.589+00:00] PID:2447012 CPU:0.00% RSS_KIB:2048 MEM:0.01288% STATE:S THREADS:1 WCHAN:do_wait
[2026-09-18T09:13:59.589+00:00] PID:2447020 CPU:0.00% RSS_KIB:43612 MEM:0.27426% STATE:S THREADS:3 WCHAN:futex_wait_queue
[2026-09-18T09:13:59.691+00:00] PID:2447012 CPU:0.00% RSS_KIB:2048 MEM:0.01288% STATE:S THREADS:1 WCHAN:do_wait
[2026-09-18T09:13:59.691+00:00] PID:2447020 CPU:0.00% RSS_KIB:43612 MEM:0.27426% STATE:S THREADS:3 WCHAN:futex_wait_queue
[2026-09-18T09:13:59.793+00:00] PID:2447012 CPU:0.00% RSS_KIB:2048 MEM:0.01288% STATE:S THREADS:1 WCHAN:do_wait
[2026-09-18T09:13:59.794+00:00] PID:2447020 CPU:0.00% RSS_KIB:43612 MEM:0.27426% STATE:S THREADS:3 WCHAN:futex_wait_queue
[2026-09-18T09:13:59.896+00:00] PID:2447012 CPU:0.00% RSS_KIB:2048 MEM:0.01288% STATE:S THREADS:1 WCHAN:do_wait
[2026-09-18T09:13:59.896+00:00] PID:2447020 CPU:0.00% RSS_KIB:43612 MEM:0.27426% STATE:S THREADS:3 WCHAN:futex_wait_queue
[2026-09-18T09:13:59.998+00:00] PID:2447012 CPU:0.00% RSS_KIB:2048 MEM:0.01288% STATE:S THREADS:1 WCHAN:do_wait
[2026-09-18T09:13:59.999+00:00] PID:2447020 CPU:0.00% RSS_KIB:43612 MEM:0.27426% STATE:S THREADS:3 WCHAN:futex_wait_queue
[2026-09-18T09:14:00.101+00:00] PID:2447012 CPU:0.00% RSS_KIB:2048 MEM:0.01288% STATE:S THREADS:1 WCHAN:do_wait
[2026-09-18T09:14:00.101+00:00] PID:2447020 CPU:0.00% RSS_KIB:43612 MEM:0.27426% STATE:S THREADS:3 WCHAN:futex_wait_queue
[2026-09-18T09:14:00.203+00:00] PID:2447012 CPU:0.00% RSS_KIB:2048 MEM:0.01288% STATE:S THREADS:1 WCHAN:do_wait
[2026-09-18T09:14:00.204+00:00] PID:2447020 CPU:0.00% RSS_KIB:43612 MEM:0.27426% STATE:S THREADS:3 WCHAN:futex_wait_queue
[2026-09-18T09:14:00.306+00:00] PID:2447012 CPU:0.00% RSS_KIB:2048 MEM:0.01288% STATE:S THREADS:1 WCHAN:do_wait
[2026-09-18T09:14:00.307+00:00] PID:2447020 CPU:0.00% RSS_KIB:43612 MEM:0.27426% STATE:S THREADS:3 WCHAN:futex_wait_queue
[2026-09-18T09:14:00.409+00:00] PID:2447012 CPU:0.00% RSS_KIB:2048 MEM:0.01288% STATE:S THREADS:1 WCHAN:do_wait
[2026-09-18T09:14:00.410+00:00] PID:2447020 CPU:0.00% RSS_KIB:43612 MEM:0.27426% STATE:S THREADS:3 WCHAN:futex_wait_queue
[2026-09-18T09:14:00.512+00:00] PID:2447012 CPU:0.00% RSS_KIB:2048 MEM:0.01288% STATE:S THREADS:1 WCHAN:do_wait
[2026-09-18T09:14:00.512+00:00] PID:2447020 CPU:0.00% RSS_KIB:43612 MEM:0.27426% STATE:S THREADS:3 WCHAN:futex_wait_queue
[2026-09-18T09:14:00.614+00:00] PID:2447012 CPU:0.00% RSS_KIB:2048 MEM:0.01288% STATE:S THREADS:1 WCHAN:do_wait
[2026-09-18T09:14:00.615+00:00] PID:2447020 CPU:0.00% RSS_KIB:43612 MEM:0.27426% STATE:S THREADS:3 WCHAN:futex_wait_queue
[2026-09-18T09:14:00.718+00:00] PID:2447012 CPU:0.00% RSS_KIB:2048 MEM:0.01288% STATE:S THREADS:1 WCHAN:do_wait
[2026-09-18T09:14:00.718+00:00] PID:2447020 CPU:0.00% RSS_KIB:43612 MEM:0.27426% STATE:S THREADS:3 WCHAN:futex_wait_queue
[2026-09-18T09:14:00.820+00:00] PID:2447012 CPU:0.00% RSS_KIB:2048 MEM:0.01288% STATE:S THREADS:1 WCHAN:do_wait
[2026-09-18T09:14:00.820+00:00] PID:2447020 CPU:0.00% RSS_KIB:43612 MEM:0.27426% STATE:S THREADS:3 WCHAN:futex_wait_queue
[2026-09-18T09:14:00.922+00:00] PID:2447012 CPU:0.00% RSS_KIB:2048 MEM:0.01288% STATE:S THREADS:1 WCHAN:do_wait
[2026-09-18T09:14:00.922+00:00] PID:2447020 CPU:0.00% RSS_KIB:43612 MEM:0.27426% STATE:S THREADS:3 WCHAN:futex_wait_queue
[2026-09-18T09:14:01.024+00:00] PID:2447012 CPU:0.00% RSS_KIB:2048 MEM:0.01288% STATE:S THREADS:1 WCHAN:do_wait
[2026-09-18T09:14:01.025+00:00] PID:2447020 CPU:0.00% RSS_KIB:43612 MEM:0.27426% STATE:S THREADS:3 WCHAN:futex_wait_queue
[2026-09-18T09:14:01.127+00:00] PID:2447012 CPU:0.00% RSS_KIB:2048 MEM:0.01288% STATE:S THREADS:1 WCHAN:do_wait
[2026-09-18T09:14:01.127+00:00] PID:2447020 CPU:0.00% RSS_KIB:43612 MEM:0.27426% STATE:S THREADS:3 WCHAN:futex_wait_queue
[2026-09-18T09:14:01.229+00:00] PID:2447012 CPU:0.00% RSS_KIB:2048 MEM:0.01288% STATE:S THREADS:1 WCHAN:do_wait
[2026-09-18T09:14:01.229+00:00] PID:2447020 CPU:0.00% RSS_KIB:43612 MEM:0.27426% STATE:S THREADS:3 WCHAN:futex_wait_queue
[2026-09-18T09:14:01.331+00:00] PID:2447012 CPU:0.00% RSS_KIB:2048 MEM:0.01288% STATE:S THREADS:1 WCHAN:do_wait
[2026-09-18T09:14:01.331+00:00] PID:2447020 CPU:0.00% RSS_KIB:43612 MEM:0.27426% STATE:S THREADS:3 WCHAN:futex_wait_queue
[2026-09-18T09:14:01.433+00:00] PID:2447012 CPU:0.00% RSS_KIB:2048 MEM:0.01288% STATE:S THREADS:1 WCHAN:do_wait
[2026-09-18T09:14:01.434+00:00] PID:2447020 CPU:0.00% RSS_KIB:43612 MEM:0.27426% STATE:S THREADS:3 WCHAN:futex_wait_queue
[2026-09-18T09:14:01.536+00:00] PID:2447012 CPU:0.00% RSS_KIB:2048 MEM:0.01288% STATE:S THREADS:1 WCHAN:do_wait
[2026-09-18T09:14:01.536+00:00] PID:2447020 CPU:0.00% RSS_KIB:43612 MEM:0.27426% STATE:S THREADS:3 WCHAN:futex_wait_queue
[2026-09-18T09:14:01.638+00:00] PID:2447012 CPU:0.00% RSS_KIB:2048 MEM:0.01288% STATE:S THREADS:1 WCHAN:do_wait
[2026-09-18T09:14:01.639+00:00] PID:2447020 CPU:0.00% RSS_KIB:43612 MEM:0.27426% STATE:S THREADS:3 WCHAN:futex_wait_queue
[2026-09-18T09:14:01.741+00:00] PID:2447012 CPU:0.00% RSS_KIB:2048 MEM:0.01288% STATE:S THREADS:1 WCHAN:do_wait
[2026-09-18T09:14:01.741+00:00] PID:2447020 CPU:0.00% RSS_KIB:43612 MEM:0.27426% STATE:S THREADS:3 WCHAN:futex_wait_queue
[2026-09-18T09:14:01.843+00:00] PID:2447012 CPU:0.00% RSS_KIB:2048 MEM:0.01288% STATE:S THREADS:1 WCHAN:do_wait
[2026-09-18T09:14:01.843+00:00] PID:2447020 CPU:0.00% RSS_KIB:43612 MEM:0.27426% STATE:S THREADS:3 WCHAN:futex_wait_queue
[2026-09-18T09:14:01.946+00:00] PID:2447012 CPU:0.00% RSS_KIB:2048 MEM:0.01288% STATE:S THREADS:1 WCHAN:do_wait
[2026-09-18T09:14:01.947+00:00] PID:2447020 CPU:0.00% RSS_KIB:43612 MEM:0.27426% STATE:S THREADS:3 WCHAN:futex_wait_queue
[2026-09-18T09:14:02.049+00:00] PID:2447012 CPU:0.00% RSS_KIB:2048 MEM:0.01288% STATE:S THREADS:1 WCHAN:do_wait
[2026-09-18T09:14:02.049+00:00] PID:2447020 CPU:0.00% RSS_KIB:43612 MEM:0.27426% STATE:S THREADS:3 WCHAN:futex_wait_queue
[2026-09-18T09:14:02.151+00:00] PID:2447012 CPU:0.00% RSS_KIB:2048 MEM:0.01288% STATE:S THREADS:1 WCHAN:do_wait
[2026-09-18T09:14:02.151+00:00] PID:2447020 CPU:0.00% RSS_KIB:43612 MEM:0.27426% STATE:S THREADS:3 WCHAN:futex_wait_queue
[2026-09-18T09:14:02.253+00:00] PID:2447012 CPU:0.00% RSS_KIB:2048 MEM:0.01288% STATE:S THREADS:1 WCHAN:do_wait
[2026-09-18T09:14:02.254+00:00] PID:2447020 CPU:0.00% RSS_KIB:43612 MEM:0.27426% STATE:S THREADS:3 WCHAN:futex_wait_queue
[2026-09-18T09:14:02.356+00:00] PID:2447012 CPU:0.00% RSS_KIB:2048 MEM:0.01288% STATE:S THREADS:1 WCHAN:do_wait
[2026-09-18T09:14:02.356+00:00] PID:2447020 CPU:9.76% RSS_KIB:43612 MEM:0.27426% STATE:S THREADS:3 WCHAN:futex_wait_queue
[2026-09-18T09:14:02.459+00:00] PID:2447012 CPU:0.00% RSS_KIB:2048 MEM:0.01288% STATE:S THREADS:1 WCHAN:do_wait
[2026-09-18T09:14:02.460+00:00] PID:2447020 CPU:19.49% RSS_KIB:69212 MEM:0.43524% STATE:S THREADS:3 WCHAN:futex_wait_queue
[2026-09-18T09:14:02.562+00:00] PID:2447012 CPU:0.00% RSS_KIB:2048 MEM:0.01288% STATE:S THREADS:1 WCHAN:do_wait
[2026-09-18T09:14:02.562+00:00] PID:2447020 CPU:0.00% RSS_KIB:69212 MEM:0.43524% STATE:S THREADS:3 WCHAN:futex_wait_queue
[2026-09-18T09:14:02.664+00:00] PID:2447012 CPU:0.00% RSS_KIB:2048 MEM:0.01288% STATE:S THREADS:1 WCHAN:do_wait
[2026-09-18T09:14:02.665+00:00] PID:2447020 CPU:0.00% RSS_KIB:69212 MEM:0.43524% STATE:S THREADS:3 WCHAN:futex_wait_queue
[2026-09-18T09:14:02.767+00:00] PID:2447012 CPU:0.00% RSS_KIB:2048 MEM:0.01288% STATE:S THREADS:1 WCHAN:do_wait
[2026-09-18T09:14:02.768+00:00] PID:2447020 CPU:0.00% RSS_KIB:69212 MEM:0.43524% STATE:S THREADS:3 WCHAN:futex_wait_queue
[2026-09-18T09:14:02.870+00:00] PID:2447012 CPU:0.00% RSS_KIB:2048 MEM:0.01288% STATE:S THREADS:1 WCHAN:do_wait
[2026-09-18T09:14:02.870+00:00] PID:2447020 CPU:0.00% RSS_KIB:69212 MEM:0.43524% STATE:S THREADS:3 WCHAN:futex_wait_queue
[2026-09-18T09:14:02.972+00:00] PID:2447012 CPU:0.00% RSS_KIB:2048 MEM:0.01288% STATE:S THREADS:1 WCHAN:do_wait
[2026-09-18T09:14:02.973+00:00] PID:2447020 CPU:0.00% RSS_KIB:69212 MEM:0.43524% STATE:S THREADS:3 WCHAN:futex_wait_queue
[2026-09-18T09:14:03.075+00:00] PID:2447012 CPU:0.00% RSS_KIB:2048 MEM:0.01288% STATE:S THREADS:1 WCHAN:do_wait
[2026-09-18T09:14:03.075+00:00] PID:2447020 CPU:0.00% RSS_KIB:69212 MEM:0.43524% STATE:S THREADS:3 WCHAN:futex_wait_queue
[2026-09-18T09:14:03.177+00:00] PID:2447012 CPU:0.00% RSS_KIB:2048 MEM:0.01288% STATE:S THREADS:1 WCHAN:do_wait
[2026-09-18T09:14:03.177+00:00] PID:2447020 CPU:0.00% RSS_KIB:69212 MEM:0.43524% STATE:S THREADS:3 WCHAN:futex_wait_queue
[2026-09-18T09:14:03.279+00:00] PID:2447012 CPU:0.00% RSS_KIB:2048 MEM:0.01288% STATE:S THREADS:1 WCHAN:do_wait
[2026-09-18T09:14:03.280+00:00] PID:2447020 CPU:0.00% RSS_KIB:69212 MEM:0.43524% STATE:S THREADS:3 WCHAN:futex_wait_queue
[2026-09-18T09:14:03.382+00:00] PID:2447012 CPU:0.00% RSS_KIB:2048 MEM:0.01288% STATE:S THREADS:1 WCHAN:do_wait
[2026-09-18T09:14:03.382+00:00] PID:2447020 CPU:0.00% RSS_KIB:69212 MEM:0.43524% STATE:S THREADS:3 WCHAN:futex_wait_queue
[2026-09-18T09:14:03.484+00:00] PID:2447012 CPU:0.00% RSS_KIB:2048 MEM:0.01288% STATE:S THREADS:1 WCHAN:do_wait
[2026-09-18T09:14:03.485+00:00] PID:2447020 CPU:0.00% RSS_KIB:69212 MEM:0.43524% STATE:S THREADS:3 WCHAN:futex_wait_queue
[2026-09-18T09:14:03.587+00:00] PID:2447012 CPU:0.00% RSS_KIB:2048 MEM:0.01288% STATE:S THREADS:1 WCHAN:do_wait
[2026-09-18T09:14:03.588+00:00] PID:2447020 CPU:0.00% RSS_KIB:69212 MEM:0.43524% STATE:S THREADS:3 WCHAN:futex_wait_queue
[2026-09-18T09:14:03.690+00:00] PID:2447012 CPU:0.00% RSS_KIB:2048 MEM:0.01288% STATE:S THREADS:1 WCHAN:do_wait
[2026-09-18T09:14:03.690+00:00] PID:2447020 CPU:0.00% RSS_KIB:69212 MEM:0.43524% STATE:S THREADS:3 WCHAN:futex_wait_queue
[2026-09-18T09:14:03.792+00:00] PID:2447012 CPU:0.00% RSS_KIB:2048 MEM:0.01288% STATE:S THREADS:1 WCHAN:do_wait
[2026-09-18T09:14:03.793+00:00] PID:2447020 CPU:0.00% RSS_KIB:69212 MEM:0.43524% STATE:S THREADS:3 WCHAN:futex_wait_queue
[2026-09-18T09:14:03.895+00:00] PID:2447012 CPU:0.00% RSS_KIB:2048 MEM:0.01288% STATE:S THREADS:1 WCHAN:do_wait
[2026-09-18T09:14:03.895+00:00] PID:2447020 CPU:0.00% RSS_KIB:69212 MEM:0.43524% STATE:S THREADS:3 WCHAN:futex_wait_queue
[2026-09-18T09:14:03.997+00:00] PID:2447012 CPU:0.00% RSS_KIB:2048 MEM:0.01288% STATE:S THREADS:1 WCHAN:do_wait
[2026-09-18T09:14:03.997+00:00] PID:2447020 CPU:0.00% RSS_KIB:69212 MEM:0.43524% STATE:S THREADS:3 WCHAN:futex_wait_queue
[2026-09-18T09:14:04.099+00:00] PID:2447012 CPU:0.00% RSS_KIB:2048 MEM:0.01288% STATE:S THREADS:1 WCHAN:do_wait
[2026-09-18T09:14:04.100+00:00] PID:2447020 CPU:0.00% RSS_KIB:69212 MEM:0.43524% STATE:S THREADS:3 WCHAN:futex_wait_queue
[2026-09-18T09:14:04.202+00:00] PID:2447012 CPU:0.00% RSS_KIB:2048 MEM:0.01288% STATE:S THREADS:1 WCHAN:do_wait
[2026-09-18T09:14:04.202+00:00] PID:2447020 CPU:0.00% RSS_KIB:69212 MEM:0.43524% STATE:S THREADS:3 WCHAN:futex_wait_queue
[2026-09-18T09:14:04.304+00:00] PID:2447012 CPU:0.00% RSS_KIB:2048 MEM:0.01288% STATE:S THREADS:1 WCHAN:do_wait
[2026-09-18T09:14:04.304+00:00] PID:2447020 CPU:0.00% RSS_KIB:69212 MEM:0.43524% STATE:S THREADS:3 WCHAN:futex_wait_queue
[2026-09-18T09:14:04.406+00:00] PID:2447012 CPU:0.00% RSS_KIB:2048 MEM:0.01288% STATE:S THREADS:1 WCHAN:do_wait
[2026-09-18T09:14:04.407+00:00] PID:2447020 CPU:0.00% RSS_KIB:69212 MEM:0.43524% STATE:S THREADS:3 WCHAN:futex_wait_queue
[2026-09-18T09:14:04.509+00:00] PID:2447012 CPU:0.00% RSS_KIB:2048 MEM:0.01288% STATE:S THREADS:1 WCHAN:do_wait
[2026-09-18T09:14:04.510+00:00] PID:2447020 CPU:0.00% RSS_KIB:69212 MEM:0.43524% STATE:S THREADS:3 WCHAN:futex_wait_queue
[2026-09-18T09:14:04.611+00:00] PID:2447012 CPU:0.00% RSS_KIB:2048 MEM:0.01288% STATE:S THREADS:1 WCHAN:do_wait
[2026-09-18T09:14:04.612+00:00] PID:2447020 CPU:0.00% RSS_KIB:69212 MEM:0.43524% STATE:S THREADS:3 WCHAN:futex_wait_queue
[2026-09-18T09:14:04.714+00:00] PID:2447012 CPU:0.00% RSS_KIB:2048 MEM:0.01288% STATE:S THREADS:1 WCHAN:do_wait
[2026-09-18T09:14:04.714+00:00] PID:2447020 CPU:0.00% RSS_KIB:69212 MEM:0.43524% STATE:S THREADS:3 WCHAN:futex_wait_queue
[2026-09-18T09:14:04.816+00:00] PID:2447012 CPU:0.00% RSS_KIB:2048 MEM:0.01288% STATE:S THREADS:1 WCHAN:do_wait
[2026-09-18T09:14:04.817+00:00] PID:2447020 CPU:0.00% RSS_KIB:69212 MEM:0.43524% STATE:S THREADS:3 WCHAN:futex_wait_queue
[2026-09-18T09:14:04.919+00:00] PID:2447012 CPU:0.00% RSS_KIB:2048 MEM:0.01288% STATE:S THREADS:1 WCHAN:do_wait
[2026-09-18T09:14:04.920+00:00] PID:2447020 CPU:0.00% RSS_KIB:69212 MEM:0.43524% STATE:S THREADS:3 WCHAN:futex_wait_queue
[2026-09-18T09:14:05.022+00:00] PID:2447012 CPU:0.00% RSS_KIB:2048 MEM:0.01288% STATE:S THREADS:1 WCHAN:do_wait
[2026-09-18T09:14:05.022+00:00] PID:2447020 CPU:0.00% RSS_KIB:69212 MEM:0.43524% STATE:S THREADS:3 WCHAN:futex_wait_queue
[2026-09-18T09:14:05.125+00:00] PID:2447012 CPU:0.00% RSS_KIB:2048 MEM:0.01288% STATE:S THREADS:1 WCHAN:do_wait
[2026-09-18T09:14:05.126+00:00] PID:2447020 CPU:0.00% RSS_KIB:69212 MEM:0.43524% STATE:S THREADS:3 WCHAN:futex_wait_queue
[2026-09-18T09:14:05.229+00:00] PID:2447012 CPU:0.00% RSS_KIB:2048 MEM:0.01288% STATE:S THREADS:1 WCHAN:do_wait
[2026-09-18T09:14:05.229+00:00] PID:2447020 CPU:0.00% RSS_KIB:69212 MEM:0.43524% STATE:S THREADS:3 WCHAN:futex_wait_queue
[2026-09-18T09:14:05.331+00:00] PID:2447012 CPU:0.00% RSS_KIB:2048 MEM:0.01288% STATE:S THREADS:1 WCHAN:do_wait
[2026-09-18T09:14:05.332+00:00] PID:2447020 CPU:0.00% RSS_KIB:69212 MEM:0.43524% STATE:S THREADS:3 WCHAN:futex_wait_queue
[2026-09-18T09:14:05.435+00:00] PID:2447012 CPU:0.00% RSS_KIB:2048 MEM:0.01288% STATE:S THREADS:1 WCHAN:do_wait
[2026-09-18T09:14:05.435+00:00] PID:2447020 CPU:0.00% RSS_KIB:69212 MEM:0.43524% STATE:S THREADS:3 WCHAN:futex_wait_queue
[2026-09-18T09:14:05.538+00:00] PID:2447012 CPU:0.00% RSS_KIB:2048 MEM:0.01288% STATE:S THREADS:1 WCHAN:do_wait
[2026-09-18T09:14:05.538+00:00] PID:2447020 CPU:29.08% RSS_KIB:94812 MEM:0.59623% STATE:S THREADS:3 WCHAN:futex_wait_queue
[2026-09-18T09:14:05.640+00:00] PID:2447012 CPU:0.00% RSS_KIB:2048 MEM:0.01288% STATE:S THREADS:1 WCHAN:do_wait
[2026-09-18T09:14:05.640+00:00] PID:2447020 CPU:0.00% RSS_KIB:94812 MEM:0.59623% STATE:S THREADS:3 WCHAN:futex_wait_queue
[2026-09-18T09:14:05.742+00:00] PID:2447012 CPU:0.00% RSS_KIB:2048 MEM:0.01288% STATE:S THREADS:1 WCHAN:do_wait
[2026-09-18T09:14:05.743+00:00] PID:2447020 CPU:0.00% RSS_KIB:94812 MEM:0.59623% STATE:S THREADS:3 WCHAN:futex_wait_queue
[2026-09-18T09:14:05.846+00:00] PID:2447012 CPU:0.00% RSS_KIB:2048 MEM:0.01288% STATE:S THREADS:1 WCHAN:do_wait
[2026-09-18T09:14:05.847+00:00] PID:2447020 CPU:0.00% RSS_KIB:94812 MEM:0.59623% STATE:S THREADS:3 WCHAN:futex_wait_queue
[2026-09-18T09:14:05.949+00:00] PID:2447012 CPU:0.00% RSS_KIB:2048 MEM:0.01288% STATE:S THREADS:1 WCHAN:do_wait
[2026-09-18T09:14:05.949+00:00] PID:2447020 CPU:0.00% RSS_KIB:94812 MEM:0.59623% STATE:S THREADS:3 WCHAN:futex_wait_queue
[2026-09-18T09:14:06.051+00:00] PID:2447012 CPU:0.00% RSS_KIB:2048 MEM:0.01288% STATE:S THREADS:1 WCHAN:do_wait
[2026-09-18T09:14:06.052+00:00] PID:2447020 CPU:0.00% RSS_KIB:94812 MEM:0.59623% STATE:S THREADS:3 WCHAN:futex_wait_queue
[2026-09-18T09:14:06.154+00:00] PID:2447012 CPU:0.00% RSS_KIB:2048 MEM:0.01288% STATE:S THREADS:1 WCHAN:do_wait
[2026-09-18T09:14:06.155+00:00] PID:2447020 CPU:0.00% RSS_KIB:94812 MEM:0.59623% STATE:S THREADS:3 WCHAN:futex_wait_queue
[2026-09-18T09:14:06.257+00:00] PID:2447012 CPU:0.00% RSS_KIB:2048 MEM:0.01288% STATE:S THREADS:1 WCHAN:do_wait
[2026-09-18T09:14:06.257+00:00] PID:2447020 CPU:0.00% RSS_KIB:94812 MEM:0.59623% STATE:S THREADS:3 WCHAN:futex_wait_queue
[2026-09-18T09:14:06.359+00:00] PID:2447012 CPU:0.00% RSS_KIB:2048 MEM:0.01288% STATE:S THREADS:1 WCHAN:do_wait
[2026-09-18T09:14:06.360+00:00] PID:2447020 CPU:0.00% RSS_KIB:94812 MEM:0.59623% STATE:S THREADS:3 WCHAN:futex_wait_queue
[2026-09-18T09:14:06.462+00:00] PID:2447012 CPU:0.00% RSS_KIB:2048 MEM:0.01288% STATE:S THREADS:1 WCHAN:do_wait
[2026-09-18T09:14:06.462+00:00] PID:2447020 CPU:0.00% RSS_KIB:94812 MEM:0.59623% STATE:S THREADS:3 WCHAN:futex_wait_queue
[2026-09-18T09:14:06.565+00:00] PID:2447012 CPU:0.00% RSS_KIB:2048 MEM:0.01288% STATE:S THREADS:1 WCHAN:do_wait
[2026-09-18T09:14:06.565+00:00] PID:2447020 CPU:0.00% RSS_KIB:94812 MEM:0.59623% STATE:S THREADS:3 WCHAN:futex_wait_queue
[2026-09-18T09:14:06.667+00:00] PID:2447012 CPU:0.00% RSS_KIB:2048 MEM:0.01288% STATE:S THREADS:1 WCHAN:do_wait
[2026-09-18T09:14:06.668+00:00] PID:2447020 CPU:0.00% RSS_KIB:94812 MEM:0.59623% STATE:S THREADS:3 WCHAN:futex_wait_queue
[2026-09-18T09:14:06.770+00:00] PID:2447012 CPU:0.00% RSS_KIB:2048 MEM:0.01288% STATE:S THREADS:1 WCHAN:do_wait
[2026-09-18T09:14:06.771+00:00] PID:2447020 CPU:0.00% RSS_KIB:94812 MEM:0.59623% STATE:S THREADS:3 WCHAN:futex_wait_queue
[2026-09-18T09:14:06.873+00:00] PID:2447012 CPU:0.00% RSS_KIB:2048 MEM:0.01288% STATE:S THREADS:1 WCHAN:do_wait
[2026-09-18T09:14:06.874+00:00] PID:2447020 CPU:0.00% RSS_KIB:94812 MEM:0.59623% STATE:S THREADS:3 WCHAN:futex_wait_queue
[2026-09-18T09:14:06.976+00:00] PID:2447012 CPU:0.00% RSS_KIB:2048 MEM:0.01288% STATE:S THREADS:1 WCHAN:do_wait
[2026-09-18T09:14:06.976+00:00] PID:2447020 CPU:0.00% RSS_KIB:94812 MEM:0.59623% STATE:S THREADS:3 WCHAN:futex_wait_queue
[2026-09-18T09:14:07.079+00:00] PID:2447012 CPU:0.00% RSS_KIB:2048 MEM:0.01288% STATE:S THREADS:1 WCHAN:do_wait
[2026-09-18T09:14:07.079+00:00] PID:2447020 CPU:0.00% RSS_KIB:94812 MEM:0.59623% STATE:S THREADS:3 WCHAN:futex_wait_queue
[2026-09-18T09:14:07.181+00:00] PID:2447012 CPU:0.00% RSS_KIB:2048 MEM:0.01288% STATE:S THREADS:1 WCHAN:do_wait
[2026-09-18T09:14:07.182+00:00] PID:2447020 CPU:0.00% RSS_KIB:94812 MEM:0.59623% STATE:S THREADS:3 WCHAN:futex_wait_queue
[2026-09-18T09:14:07.286+00:00] PID:2447012 CPU:0.00% RSS_KIB:2048 MEM:0.01288% STATE:S THREADS:1 WCHAN:do_wait
[2026-09-18T09:14:07.286+00:00] PID:2447020 CPU:0.00% RSS_KIB:94812 MEM:0.59623% STATE:S THREADS:3 WCHAN:futex_wait_queue
[2026-09-18T09:14:07.388+00:00] PID:2447012 CPU:0.00% RSS_KIB:2048 MEM:0.01288% STATE:S THREADS:1 WCHAN:do_wait
[2026-09-18T09:14:07.389+00:00] PID:2447020 CPU:0.00% RSS_KIB:94812 MEM:0.59623% STATE:S THREADS:3 WCHAN:futex_wait_queue
[2026-09-18T09:14:07.491+00:00] PID:2447012 CPU:0.00% RSS_KIB:2048 MEM:0.01288% STATE:S THREADS:1 WCHAN:do_wait
[2026-09-18T09:14:07.491+00:00] PID:2447020 CPU:0.00% RSS_KIB:94812 MEM:0.59623% STATE:S THREADS:3 WCHAN:futex_wait_queue
[2026-09-18T09:14:07.593+00:00] PID:2447012 CPU:0.00% RSS_KIB:2048 MEM:0.01288% STATE:S THREADS:1 WCHAN:do_wait
[2026-09-18T09:14:07.594+00:00] PID:2447020 CPU:0.00% RSS_KIB:94812 MEM:0.59623% STATE:S THREADS:3 WCHAN:futex_wait_queue
[2026-09-18T09:14:07.696+00:00] PID:2447012 CPU:0.00% RSS_KIB:2048 MEM:0.01288% STATE:S THREADS:1 WCHAN:do_wait
[2026-09-18T09:14:07.696+00:00] PID:2447020 CPU:0.00% RSS_KIB:94812 MEM:0.59623% STATE:S THREADS:3 WCHAN:futex_wait_queue
[2026-09-18T09:14:07.798+00:00] PID:2447012 CPU:0.00% RSS_KIB:2048 MEM:0.01288% STATE:S THREADS:1 WCHAN:do_wait
[2026-09-18T09:14:07.798+00:00] PID:2447020 CPU:0.00% RSS_KIB:94812 MEM:0.59623% STATE:S THREADS:3 WCHAN:futex_wait_queue
[2026-09-18T09:14:07.900+00:00] PID:2447012 CPU:0.00% RSS_KIB:2048 MEM:0.01288% STATE:S THREADS:1 WCHAN:do_wait
[2026-09-18T09:14:07.901+00:00] PID:2447020 CPU:0.00% RSS_KIB:94812 MEM:0.59623% STATE:S THREADS:3 WCHAN:futex_wait_queue
[2026-09-18T09:14:08.002+00:00] PID:2447012 CPU:0.00% RSS_KIB:2048 MEM:0.01288% STATE:S THREADS:1 WCHAN:do_wait
[2026-09-18T09:14:08.003+00:00] PID:2447020 CPU:0.00% RSS_KIB:94812 MEM:0.59623% STATE:S THREADS:3 WCHAN:futex_wait_queue
[2026-09-18T09:14:08.105+00:00] PID:2447012 CPU:0.00% RSS_KIB:2048 MEM:0.01288% STATE:S THREADS:1 WCHAN:do_wait
[2026-09-18T09:14:08.105+00:00] PID:2447020 CPU:0.00% RSS_KIB:94812 MEM:0.59623% STATE:S THREADS:3 WCHAN:futex_wait_queue
[2026-09-18T09:14:08.207+00:00] PID:2447012 CPU:0.00% RSS_KIB:2048 MEM:0.01288% STATE:S THREADS:1 WCHAN:do_wait
[2026-09-18T09:14:08.207+00:00] PID:2447020 CPU:0.00% RSS_KIB:94812 MEM:0.59623% STATE:S THREADS:3 WCHAN:futex_wait_queue
[2026-09-18T09:14:08.309+00:00] PID:2447012 CPU:0.00% RSS_KIB:2048 MEM:0.01288% STATE:S THREADS:1 WCHAN:do_wait
[2026-09-18T09:14:08.310+00:00] PID:2447020 CPU:0.00% RSS_KIB:94812 MEM:0.59623% STATE:S THREADS:3 WCHAN:futex_wait_queue
[2026-09-18T09:14:08.411+00:00] PID:2447012 CPU:0.00% RSS_KIB:2048 MEM:0.01288% STATE:S THREADS:1 WCHAN:do_wait
[2026-09-18T09:14:08.412+00:00] PID:2447020 CPU:0.00% RSS_KIB:94812 MEM:0.59623% STATE:S THREADS:3 WCHAN:futex_wait_queue
[2026-09-18T09:14:08.514+00:00] PID:2447012 CPU:0.00% RSS_KIB:2048 MEM:0.01288% STATE:S THREADS:1 WCHAN:do_wait
[2026-09-18T09:14:08.514+00:00] PID:2447020 CPU:9.79% RSS_KIB:120412 MEM:0.75722% STATE:S THREADS:3 WCHAN:futex_wait_queue
[2026-09-18T09:14:08.616+00:00] PID:2447012 CPU:0.00% RSS_KIB:2048 MEM:0.01288% STATE:S THREADS:1 WCHAN:do_wait
[2026-09-18T09:14:08.616+00:00] PID:2447020 CPU:0.00% RSS_KIB:120412 MEM:0.75722% STATE:S THREADS:3 WCHAN:futex_wait_queue
[2026-09-18T09:14:08.718+00:00] PID:2447012 CPU:0.00% RSS_KIB:2048 MEM:0.01288% STATE:S THREADS:1 WCHAN:do_wait
[2026-09-18T09:14:08.718+00:00] PID:2447020 CPU:0.00% RSS_KIB:120412 MEM:0.75722% STATE:S THREADS:3 WCHAN:futex_wait_queue
[2026-09-18T09:14:08.820+00:00] PID:2447012 CPU:0.00% RSS_KIB:2048 MEM:0.01288% STATE:S THREADS:1 WCHAN:do_wait
[2026-09-18T09:14:08.821+00:00] PID:2447020 CPU:0.00% RSS_KIB:120412 MEM:0.75722% STATE:S THREADS:3 WCHAN:futex_wait_queue
[2026-09-18T09:14:08.923+00:00] PID:2447012 CPU:0.00% RSS_KIB:2048 MEM:0.01288% STATE:S THREADS:1 WCHAN:do_wait
[2026-09-18T09:14:08.923+00:00] PID:2447020 CPU:0.00% RSS_KIB:120412 MEM:0.75722% STATE:S THREADS:3 WCHAN:futex_wait_queue
[2026-09-18T09:14:09.025+00:00] PID:2447012 CPU:0.00% RSS_KIB:2048 MEM:0.01288% STATE:S THREADS:1 WCHAN:do_wait
[2026-09-18T09:14:09.025+00:00] PID:2447020 CPU:0.00% RSS_KIB:120412 MEM:0.75722% STATE:S THREADS:3 WCHAN:futex_wait_queue
[2026-09-18T09:14:09.127+00:00] PID:2447012 CPU:0.00% RSS_KIB:2048 MEM:0.01288% STATE:S THREADS:1 WCHAN:do_wait
[2026-09-18T09:14:09.128+00:00] PID:2447020 CPU:0.00% RSS_KIB:120412 MEM:0.75722% STATE:S THREADS:3 WCHAN:futex_wait_queue
[2026-09-18T09:14:09.230+00:00] PID:2447012 CPU:0.00% RSS_KIB:2048 MEM:0.01288% STATE:S THREADS:1 WCHAN:do_wait
[2026-09-18T09:14:09.230+00:00] PID:2447020 CPU:0.00% RSS_KIB:120412 MEM:0.75722% STATE:S THREADS:3 WCHAN:futex_wait_queue
[2026-09-18T09:14:09.332+00:00] PID:2447012 CPU:0.00% RSS_KIB:2048 MEM:0.01288% STATE:S THREADS:1 WCHAN:do_wait
[2026-09-18T09:14:09.332+00:00] PID:2447020 CPU:0.00% RSS_KIB:120412 MEM:0.75722% STATE:S THREADS:3 WCHAN:futex_wait_queue
[2026-09-18T09:14:09.434+00:00] PID:2447012 CPU:0.00% RSS_KIB:2048 MEM:0.01288% STATE:S THREADS:1 WCHAN:do_wait
[2026-09-18T09:14:09.435+00:00] PID:2447020 CPU:0.00% RSS_KIB:120412 MEM:0.75722% STATE:S THREADS:3 WCHAN:futex_wait_queue
[2026-09-18T09:14:09.537+00:00] PID:2447012 CPU:0.00% RSS_KIB:2048 MEM:0.01288% STATE:S THREADS:1 WCHAN:do_wait
[2026-09-18T09:14:09.538+00:00] PID:2447020 CPU:0.00% RSS_KIB:120412 MEM:0.75722% STATE:S THREADS:3 WCHAN:futex_wait_queue
[2026-09-18T09:14:09.639+00:00] PID:2447012 CPU:0.00% RSS_KIB:2048 MEM:0.01288% STATE:S THREADS:1 WCHAN:do_wait
[2026-09-18T09:14:09.640+00:00] PID:2447020 CPU:0.00% RSS_KIB:120412 MEM:0.75722% STATE:S THREADS:3 WCHAN:futex_wait_queue
[2026-09-18T09:14:09.742+00:00] PID:2447012 CPU:0.00% RSS_KIB:2048 MEM:0.01288% STATE:S THREADS:1 WCHAN:do_wait
[2026-09-18T09:14:09.743+00:00] PID:2447020 CPU:0.00% RSS_KIB:120412 MEM:0.75722% STATE:S THREADS:3 WCHAN:futex_wait_queue
[2026-09-18T09:14:09.845+00:00] PID:2447012 CPU:0.00% RSS_KIB:2048 MEM:0.01288% STATE:S THREADS:1 WCHAN:do_wait
[2026-09-18T09:14:09.845+00:00] PID:2447020 CPU:0.00% RSS_KIB:120412 MEM:0.75722% STATE:S THREADS:3 WCHAN:futex_wait_queue
[2026-09-18T09:14:09.948+00:00] PID:2447012 CPU:0.00% RSS_KIB:2048 MEM:0.01288% STATE:S THREADS:1 WCHAN:do_wait
[2026-09-18T09:14:09.948+00:00] PID:2447020 CPU:0.00% RSS_KIB:120412 MEM:0.75722% STATE:S THREADS:3 WCHAN:futex_wait_queue
[2026-09-18T09:14:10.050+00:00] PID:2447012 CPU:0.00% RSS_KIB:2048 MEM:0.01288% STATE:S THREADS:1 WCHAN:do_wait
[2026-09-18T09:14:10.050+00:00] PID:2447020 CPU:0.00% RSS_KIB:120412 MEM:0.75722% STATE:S THREADS:3 WCHAN:futex_wait_queue
[2026-09-18T09:14:10.152+00:00] PID:2447012 CPU:0.00% RSS_KIB:2048 MEM:0.01288% STATE:S THREADS:1 WCHAN:do_wait
[2026-09-18T09:14:10.153+00:00] PID:2447020 CPU:0.00% RSS_KIB:120412 MEM:0.75722% STATE:S THREADS:3 WCHAN:futex_wait_queue
[2026-09-18T09:14:10.255+00:00] PID:2447012 CPU:0.00% RSS_KIB:2048 MEM:0.01288% STATE:S THREADS:1 WCHAN:do_wait
[2026-09-18T09:14:10.256+00:00] PID:2447020 CPU:0.00% RSS_KIB:120412 MEM:0.75722% STATE:S THREADS:3 WCHAN:futex_wait_queue
[2026-09-18T09:14:10.358+00:00] PID:2447012 CPU:0.00% RSS_KIB:2048 MEM:0.01288% STATE:S THREADS:1 WCHAN:do_wait
[2026-09-18T09:14:10.358+00:00] PID:2447020 CPU:0.00% RSS_KIB:120412 MEM:0.75722% STATE:S THREADS:3 WCHAN:futex_wait_queue
[2026-09-18T09:14:10.460+00:00] PID:2447012 CPU:0.00% RSS_KIB:2048 MEM:0.01288% STATE:S THREADS:1 WCHAN:do_wait
[2026-09-18T09:14:10.460+00:00] PID:2447020 CPU:0.00% RSS_KIB:120412 MEM:0.75722% STATE:S THREADS:3 WCHAN:futex_wait_queue
[2026-09-18T09:14:10.562+00:00] PID:2447012 CPU:0.00% RSS_KIB:2048 MEM:0.01288% STATE:S THREADS:1 WCHAN:do_wait
[2026-09-18T09:14:10.563+00:00] PID:2447020 CPU:0.00% RSS_KIB:120412 MEM:0.75722% STATE:S THREADS:3 WCHAN:futex_wait_queue
[2026-09-18T09:14:10.665+00:00] PID:2447012 CPU:0.00% RSS_KIB:2048 MEM:0.01288% STATE:S THREADS:1 WCHAN:do_wait
[2026-09-18T09:14:10.666+00:00] PID:2447020 CPU:0.00% RSS_KIB:120412 MEM:0.75722% STATE:S THREADS:3 WCHAN:futex_wait_queue
[2026-09-18T09:14:10.768+00:00] PID:2447012 CPU:0.00% RSS_KIB:2048 MEM:0.01288% STATE:S THREADS:1 WCHAN:do_wait
[2026-09-18T09:14:10.768+00:00] PID:2447020 CPU:0.00% RSS_KIB:120412 MEM:0.75722% STATE:S THREADS:3 WCHAN:futex_wait_queue
[2026-09-18T09:14:10.870+00:00] PID:2447012 CPU:0.00% RSS_KIB:2048 MEM:0.01288% STATE:S THREADS:1 WCHAN:do_wait
[2026-09-18T09:14:10.871+00:00] PID:2447020 CPU:0.00% RSS_KIB:120412 MEM:0.75722% STATE:S THREADS:3 WCHAN:futex_wait_queue
[2026-09-18T09:14:10.973+00:00] PID:2447012 CPU:0.00% RSS_KIB:2048 MEM:0.01288% STATE:S THREADS:1 WCHAN:do_wait
[2026-09-18T09:14:10.974+00:00] PID:2447020 CPU:0.00% RSS_KIB:120412 MEM:0.75722% STATE:S THREADS:3 WCHAN:futex_wait_queue
[2026-09-18T09:14:11.076+00:00] PID:2447012 CPU:0.00% RSS_KIB:2048 MEM:0.01288% STATE:S THREADS:1 WCHAN:do_wait
[2026-09-18T09:14:11.077+00:00] PID:2447020 CPU:0.00% RSS_KIB:120412 MEM:0.75722% STATE:S THREADS:3 WCHAN:futex_wait_queue
[2026-09-18T09:14:11.179+00:00] PID:2447012 CPU:0.00% RSS_KIB:2048 MEM:0.01288% STATE:S THREADS:1 WCHAN:do_wait
[2026-09-18T09:14:11.179+00:00] PID:2447020 CPU:0.00% RSS_KIB:120412 MEM:0.75722% STATE:S THREADS:3 WCHAN:futex_wait_queue
[2026-09-18T09:14:11.281+00:00] PID:2447012 CPU:0.00% RSS_KIB:2048 MEM:0.01288% STATE:S THREADS:1 WCHAN:do_wait
[2026-09-18T09:14:11.282+00:00] PID:2447020 CPU:0.00% RSS_KIB:120412 MEM:0.75722% STATE:S THREADS:3 WCHAN:futex_wait_queue
[2026-09-18T09:14:11.384+00:00] PID:2447012 CPU:0.00% RSS_KIB:2048 MEM:0.01288% STATE:S THREADS:1 WCHAN:do_wait
[2026-09-18T09:14:11.384+00:00] PID:2447020 CPU:0.00% RSS_KIB:120412 MEM:0.75722% STATE:S THREADS:3 WCHAN:futex_wait_queue
[2026-09-18T09:14:11.487+00:00] PID:2447012 CPU:0.00% RSS_KIB:2048 MEM:0.01288% STATE:S THREADS:1 WCHAN:do_wait
[2026-09-18T09:14:11.487+00:00] PID:2447020 CPU:0.00% RSS_KIB:120412 MEM:0.75722% STATE:S THREADS:3 WCHAN:futex_wait_queue
[2026-09-18T09:14:11.589+00:00] PID:2447012 CPU:0.00% RSS_KIB:2048 MEM:0.01288% STATE:S THREADS:1 WCHAN:do_wait
[2026-09-18T09:14:11.590+00:00] PID:2447020 CPU:19.47% RSS_KIB:146012 MEM:0.91820% STATE:S THREADS:3 WCHAN:futex_wait_queue
[2026-09-18T09:14:11.692+00:00] PID:2447012 CPU:0.00% RSS_KIB:2048 MEM:0.01288% STATE:S THREADS:1 WCHAN:do_wait
[2026-09-18T09:14:11.692+00:00] PID:2447020 CPU:0.00% RSS_KIB:146012 MEM:0.91820% STATE:S THREADS:3 WCHAN:futex_wait_queue
[2026-09-18T09:14:11.795+00:00] PID:2447012 CPU:0.00% RSS_KIB:2048 MEM:0.01288% STATE:S THREADS:1 WCHAN:do_wait
[2026-09-18T09:14:11.796+00:00] PID:2447020 CPU:0.00% RSS_KIB:146012 MEM:0.91820% STATE:S THREADS:3 WCHAN:futex_wait_queue
[2026-09-18T09:14:11.898+00:00] PID:2447012 CPU:0.00% RSS_KIB:2048 MEM:0.01288% STATE:S THREADS:1 WCHAN:do_wait
[2026-09-18T09:14:11.898+00:00] PID:2447020 CPU:0.00% RSS_KIB:146012 MEM:0.91820% STATE:S THREADS:3 WCHAN:futex_wait_queue
[2026-09-18T09:14:12.001+00:00] PID:2447012 CPU:0.00% RSS_KIB:2048 MEM:0.01288% STATE:S THREADS:1 WCHAN:do_wait
[2026-09-18T09:14:12.001+00:00] PID:2447020 CPU:0.00% RSS_KIB:146012 MEM:0.91820% STATE:S THREADS:3 WCHAN:futex_wait_queue
[2026-09-18T09:14:12.104+00:00] PID:2447012 CPU:0.00% RSS_KIB:2048 MEM:0.01288% STATE:S THREADS:1 WCHAN:do_wait
[2026-09-18T09:14:12.105+00:00] PID:2447020 CPU:0.00% RSS_KIB:146012 MEM:0.91820% STATE:S THREADS:3 WCHAN:futex_wait_queue
[2026-09-18T09:14:12.207+00:00] PID:2447012 CPU:0.00% RSS_KIB:2048 MEM:0.01288% STATE:S THREADS:1 WCHAN:do_wait
[2026-09-18T09:14:12.207+00:00] PID:2447020 CPU:0.00% RSS_KIB:146012 MEM:0.91820% STATE:S THREADS:3 WCHAN:futex_wait_queue
[2026-09-18T09:14:12.309+00:00] PID:2447012 CPU:0.00% RSS_KIB:2048 MEM:0.01288% STATE:S THREADS:1 WCHAN:do_wait
[2026-09-18T09:14:12.310+00:00] PID:2447020 CPU:0.00% RSS_KIB:146012 MEM:0.91820% STATE:S THREADS:3 WCHAN:futex_wait_queue
[2026-09-18T09:14:12.412+00:00] PID:2447012 CPU:0.00% RSS_KIB:2048 MEM:0.01288% STATE:S THREADS:1 WCHAN:do_wait
[2026-09-18T09:14:12.412+00:00] PID:2447020 CPU:0.00% RSS_KIB:146012 MEM:0.91820% STATE:S THREADS:3 WCHAN:futex_wait_queue
[2026-09-18T09:14:12.514+00:00] PID:2447012 CPU:0.00% RSS_KIB:2048 MEM:0.01288% STATE:S THREADS:1 WCHAN:do_wait
[2026-09-18T09:14:12.515+00:00] PID:2447020 CPU:0.00% RSS_KIB:146012 MEM:0.91820% STATE:S THREADS:3 WCHAN:futex_wait_queue
[2026-09-18T09:14:12.617+00:00] PID:2447012 CPU:0.00% RSS_KIB:2048 MEM:0.01288% STATE:S THREADS:1 WCHAN:do_wait
[2026-09-18T09:14:12.617+00:00] PID:2447020 CPU:0.00% RSS_KIB:146012 MEM:0.91820% STATE:S THREADS:3 WCHAN:futex_wait_queue
[2026-09-18T09:14:12.720+00:00] PID:2447012 CPU:0.00% RSS_KIB:2048 MEM:0.01288% STATE:S THREADS:1 WCHAN:do_wait
[2026-09-18T09:14:12.720+00:00] PID:2447020 CPU:0.00% RSS_KIB:146012 MEM:0.91820% STATE:S THREADS:3 WCHAN:futex_wait_queue
[2026-09-18T09:14:12.822+00:00] PID:2447012 CPU:0.00% RSS_KIB:2048 MEM:0.01288% STATE:S THREADS:1 WCHAN:do_wait
[2026-09-18T09:14:12.822+00:00] PID:2447020 CPU:0.00% RSS_KIB:146012 MEM:0.91820% STATE:S THREADS:3 WCHAN:futex_wait_queue
[2026-09-18T09:14:12.925+00:00] PID:2447012 CPU:0.00% RSS_KIB:2048 MEM:0.01288% STATE:S THREADS:1 WCHAN:do_wait
[2026-09-18T09:14:12.926+00:00] PID:2447020 CPU:0.00% RSS_KIB:146012 MEM:0.91820% STATE:S THREADS:3 WCHAN:futex_wait_queue
[2026-09-18T09:14:13.028+00:00] PID:2447012 CPU:0.00% RSS_KIB:2048 MEM:0.01288% STATE:S THREADS:1 WCHAN:do_wait
[2026-09-18T09:14:13.028+00:00] PID:2447020 CPU:0.00% RSS_KIB:146012 MEM:0.91820% STATE:S THREADS:3 WCHAN:futex_wait_queue
[2026-09-18T09:14:13.130+00:00] PID:2447012 CPU:0.00% RSS_KIB:2048 MEM:0.01288% STATE:S THREADS:1 WCHAN:do_wait
[2026-09-18T09:14:13.131+00:00] PID:2447020 CPU:0.00% RSS_KIB:146012 MEM:0.91820% STATE:S THREADS:3 WCHAN:futex_wait_queue
[2026-09-18T09:14:13.233+00:00] PID:2447012 CPU:0.00% RSS_KIB:2048 MEM:0.01288% STATE:S THREADS:1 WCHAN:do_wait
[2026-09-18T09:14:13.234+00:00] PID:2447020 CPU:0.00% RSS_KIB:146012 MEM:0.91820% STATE:S THREADS:3 WCHAN:futex_wait_queue
[2026-09-18T09:14:13.336+00:00] PID:2447012 CPU:0.00% RSS_KIB:2048 MEM:0.01288% STATE:S THREADS:1 WCHAN:do_wait
[2026-09-18T09:14:13.337+00:00] PID:2447020 CPU:0.00% RSS_KIB:146012 MEM:0.91820% STATE:S THREADS:3 WCHAN:futex_wait_queue
[2026-09-18T09:14:13.439+00:00] PID:2447012 CPU:0.00% RSS_KIB:2048 MEM:0.01288% STATE:S THREADS:1 WCHAN:do_wait
[2026-09-18T09:14:13.439+00:00] PID:2447020 CPU:0.00% RSS_KIB:146012 MEM:0.91820% STATE:S THREADS:3 WCHAN:futex_wait_queue
[2026-09-18T09:14:13.542+00:00] PID:2447012 CPU:0.00% RSS_KIB:2048 MEM:0.01288% STATE:S THREADS:1 WCHAN:do_wait
[2026-09-18T09:14:13.542+00:00] PID:2447020 CPU:0.00% RSS_KIB:146012 MEM:0.91820% STATE:S THREADS:3 WCHAN:futex_wait_queue
[2026-09-18T09:14:13.644+00:00] PID:2447012 CPU:0.00% RSS_KIB:2048 MEM:0.01288% STATE:S THREADS:1 WCHAN:do_wait
[2026-09-18T09:14:13.644+00:00] PID:2447020 CPU:0.00% RSS_KIB:146012 MEM:0.91820% STATE:S THREADS:3 WCHAN:futex_wait_queue
[2026-09-18T09:14:13.746+00:00] PID:2447012 CPU:0.00% RSS_KIB:2048 MEM:0.01288% STATE:S THREADS:1 WCHAN:do_wait
[2026-09-18T09:14:13.747+00:00] PID:2447020 CPU:0.00% RSS_KIB:146012 MEM:0.91820% STATE:S THREADS:3 WCHAN:futex_wait_queue
[2026-09-18T09:14:13.849+00:00] PID:2447012 CPU:0.00% RSS_KIB:2048 MEM:0.01288% STATE:S THREADS:1 WCHAN:do_wait
[2026-09-18T09:14:13.850+00:00] PID:2447020 CPU:0.00% RSS_KIB:146012 MEM:0.91820% STATE:S THREADS:3 WCHAN:futex_wait_queue
[2026-09-18T09:14:13.952+00:00] PID:2447012 CPU:0.00% RSS_KIB:2048 MEM:0.01288% STATE:S THREADS:1 WCHAN:do_wait
[2026-09-18T09:14:13.952+00:00] PID:2447020 CPU:0.00% RSS_KIB:146012 MEM:0.91820% STATE:S THREADS:3 WCHAN:futex_wait_queue
[2026-09-18T09:14:14.055+00:00] PID:2447012 CPU:0.00% RSS_KIB:2048 MEM:0.01288% STATE:S THREADS:1 WCHAN:do_wait
[2026-09-18T09:14:14.055+00:00] PID:2447020 CPU:0.00% RSS_KIB:146012 MEM:0.91820% STATE:S THREADS:3 WCHAN:futex_wait_queue
[2026-09-18T09:14:14.157+00:00] PID:2447012 CPU:0.00% RSS_KIB:2048 MEM:0.01288% STATE:S THREADS:1 WCHAN:do_wait
[2026-09-18T09:14:14.158+00:00] PID:2447020 CPU:0.00% RSS_KIB:146012 MEM:0.91820% STATE:S THREADS:3 WCHAN:futex_wait_queue
[2026-09-18T09:14:14.260+00:00] PID:2447012 CPU:0.00% RSS_KIB:2048 MEM:0.01288% STATE:S THREADS:1 WCHAN:do_wait
[2026-09-18T09:14:14.260+00:00] PID:2447020 CPU:0.00% RSS_KIB:146012 MEM:0.91820% STATE:S THREADS:3 WCHAN:futex_wait_queue
[2026-09-18T09:14:14.362+00:00] PID:2447012 CPU:0.00% RSS_KIB:2048 MEM:0.01288% STATE:S THREADS:1 WCHAN:do_wait
[2026-09-18T09:14:14.363+00:00] PID:2447020 CPU:0.00% RSS_KIB:146012 MEM:0.91820% STATE:S THREADS:3 WCHAN:futex_wait_queue
[2026-09-18T09:14:14.465+00:00] PID:2447012 CPU:0.00% RSS_KIB:2048 MEM:0.01288% STATE:S THREADS:1 WCHAN:do_wait
[2026-09-18T09:14:14.465+00:00] PID:2447020 CPU:0.00% RSS_KIB:146012 MEM:0.91820% STATE:S THREADS:3 WCHAN:futex_wait_queue
[2026-09-18T09:14:14.568+00:00] PID:2447012 CPU:0.00% RSS_KIB:2048 MEM:0.01288% STATE:S THREADS:1 WCHAN:do_wait
[2026-09-18T09:14:14.568+00:00] PID:2447020 CPU:9.72% RSS_KIB:171612 MEM:1.07919% STATE:S THREADS:3 WCHAN:futex_wait_queue
[2026-09-18T09:14:14.670+00:00] PID:2447012 CPU:0.00% RSS_KIB:2048 MEM:0.01288% STATE:S THREADS:1 WCHAN:do_wait
[2026-09-18T09:14:14.671+00:00] PID:2447020 CPU:0.00% RSS_KIB:171612 MEM:1.07919% STATE:S THREADS:3 WCHAN:futex_wait_queue
[2026-09-18T09:14:14.772+00:00] PID:2447012 CPU:0.00% RSS_KIB:2048 MEM:0.01288% STATE:S THREADS:1 WCHAN:do_wait
[2026-09-18T09:14:14.773+00:00] PID:2447020 CPU:9.74% RSS_KIB:171612 MEM:1.07919% STATE:S THREADS:3 WCHAN:futex_wait_queue
[2026-09-18T09:14:14.874+00:00] PID:2447012 CPU:0.00% RSS_KIB:2048 MEM:0.01288% STATE:S THREADS:1 WCHAN:do_wait
[2026-09-18T09:14:14.875+00:00] PID:2447020 CPU:9.81% RSS_KIB:171612 MEM:1.07919% STATE:S THREADS:3 WCHAN:futex_wait_queue
[2026-09-18T09:14:14.977+00:00] PID:2447012 CPU:0.00% RSS_KIB:2048 MEM:0.01288% STATE:S THREADS:1 WCHAN:do_wait
[2026-09-18T09:14:14.977+00:00] PID:2447020 CPU:0.00% RSS_KIB:171612 MEM:1.07919% STATE:S THREADS:3 WCHAN:futex_wait_queue
[2026-09-18T09:14:15.079+00:00] PID:2447012 CPU:0.00% RSS_KIB:2048 MEM:0.01288% STATE:S THREADS:1 WCHAN:do_wait
[2026-09-18T09:14:15.079+00:00] PID:2447020 CPU:0.00% RSS_KIB:171612 MEM:1.07919% STATE:S THREADS:3 WCHAN:futex_wait_queue
[2026-09-18T09:14:15.180+00:00] PID:2447012 CPU:0.00% RSS_KIB:2048 MEM:0.01288% STATE:S THREADS:1 WCHAN:do_wait
[2026-09-18T09:14:15.181+00:00] PID:2447020 CPU:0.00% RSS_KIB:171612 MEM:1.07919% STATE:S THREADS:3 WCHAN:futex_wait_queue
[2026-09-18T09:14:15.283+00:00] PID:2447012 CPU:0.00% RSS_KIB:2048 MEM:0.01288% STATE:S THREADS:1 WCHAN:do_wait
[2026-09-18T09:14:15.284+00:00] PID:2447020 CPU:0.00% RSS_KIB:171612 MEM:1.07919% STATE:S THREADS:3 WCHAN:futex_wait_queue
[2026-09-18T09:14:15.386+00:00] PID:2447012 CPU:0.00% RSS_KIB:2048 MEM:0.01288% STATE:S THREADS:1 WCHAN:do_wait
[2026-09-18T09:14:15.386+00:00] PID:2447020 CPU:0.00% RSS_KIB:171612 MEM:1.07919% STATE:S THREADS:3 WCHAN:futex_wait_queue
[2026-09-18T09:14:15.488+00:00] PID:2447012 CPU:0.00% RSS_KIB:2048 MEM:0.01288% STATE:S THREADS:1 WCHAN:do_wait
[2026-09-18T09:14:15.489+00:00] PID:2447020 CPU:0.00% RSS_KIB:171612 MEM:1.07919% STATE:S THREADS:3 WCHAN:futex_wait_queue
[2026-09-18T09:14:15.590+00:00] PID:2447012 CPU:0.00% RSS_KIB:2048 MEM:0.01288% STATE:S THREADS:1 WCHAN:do_wait
[2026-09-18T09:14:15.591+00:00] PID:2447020 CPU:0.00% RSS_KIB:171612 MEM:1.07919% STATE:S THREADS:3 WCHAN:futex_wait_queue
[2026-09-18T09:14:15.693+00:00] PID:2447012 CPU:0.00% RSS_KIB:2048 MEM:0.01288% STATE:S THREADS:1 WCHAN:do_wait
[2026-09-18T09:14:15.693+00:00] PID:2447020 CPU:0.00% RSS_KIB:171612 MEM:1.07919% STATE:S THREADS:3 WCHAN:futex_wait_queue
[2026-09-18T09:14:15.795+00:00] PID:2447012 CPU:0.00% RSS_KIB:2048 MEM:0.01288% STATE:S THREADS:1 WCHAN:do_wait
[2026-09-18T09:14:15.796+00:00] PID:2447020 CPU:0.00% RSS_KIB:171612 MEM:1.07919% STATE:S THREADS:3 WCHAN:futex_wait_queue
[2026-09-18T09:14:15.897+00:00] PID:2447012 CPU:0.00% RSS_KIB:2048 MEM:0.01288% STATE:S THREADS:1 WCHAN:do_wait
[2026-09-18T09:14:15.898+00:00] PID:2447020 CPU:0.00% RSS_KIB:171612 MEM:1.07919% STATE:S THREADS:3 WCHAN:futex_wait_queue
[2026-09-18T09:14:16.000+00:00] PID:2447012 CPU:0.00% RSS_KIB:2048 MEM:0.01288% STATE:S THREADS:1 WCHAN:do_wait
[2026-09-18T09:14:16.001+00:00] PID:2447020 CPU:0.00% RSS_KIB:171612 MEM:1.07919% STATE:S THREADS:3 WCHAN:futex_wait_queue
[2026-09-18T09:14:16.105+00:00] PID:2447012 CPU:0.00% RSS_KIB:2048 MEM:0.01288% STATE:S THREADS:1 WCHAN:do_wait
[2026-09-18T09:14:16.106+00:00] PID:2447020 CPU:0.00% RSS_KIB:171612 MEM:1.07919% STATE:S THREADS:3 WCHAN:futex_wait_queue
[2026-09-18T09:14:16.208+00:00] PID:2447012 CPU:0.00% RSS_KIB:2048 MEM:0.01288% STATE:S THREADS:1 WCHAN:do_wait
[2026-09-18T09:14:16.208+00:00] PID:2447020 CPU:0.00% RSS_KIB:171612 MEM:1.07919% STATE:S THREADS:3 WCHAN:futex_wait_queue
[2026-09-18T09:14:16.310+00:00] PID:2447012 CPU:0.00% RSS_KIB:2048 MEM:0.01288% STATE:S THREADS:1 WCHAN:do_wait
[2026-09-18T09:14:16.311+00:00] PID:2447020 CPU:0.00% RSS_KIB:171612 MEM:1.07919% STATE:S THREADS:3 WCHAN:futex_wait_queue
[2026-09-18T09:14:16.413+00:00] PID:2447012 CPU:0.00% RSS_KIB:2048 MEM:0.01288% STATE:S THREADS:1 WCHAN:do_wait
[2026-09-18T09:14:16.413+00:00] PID:2447020 CPU:0.00% RSS_KIB:171612 MEM:1.07919% STATE:S THREADS:3 WCHAN:futex_wait_queue
[2026-09-18T09:14:16.515+00:00] PID:2447012 CPU:0.00% RSS_KIB:2048 MEM:0.01288% STATE:S THREADS:1 WCHAN:do_wait
[2026-09-18T09:14:16.516+00:00] PID:2447020 CPU:0.00% RSS_KIB:171612 MEM:1.07919% STATE:S THREADS:3 WCHAN:futex_wait_queue
[2026-09-18T09:14:16.618+00:00] PID:2447012 CPU:0.00% RSS_KIB:2048 MEM:0.01288% STATE:S THREADS:1 WCHAN:do_wait
[2026-09-18T09:14:16.619+00:00] PID:2447020 CPU:0.00% RSS_KIB:171612 MEM:1.07919% STATE:S THREADS:3 WCHAN:futex_wait_queue
[2026-09-18T09:14:16.721+00:00] PID:2447012 CPU:0.00% RSS_KIB:2048 MEM:0.01288% STATE:S THREADS:1 WCHAN:do_wait
[2026-09-18T09:14:16.721+00:00] PID:2447020 CPU:0.00% RSS_KIB:171612 MEM:1.07919% STATE:S THREADS:3 WCHAN:futex_wait_queue
[2026-09-18T09:14:16.824+00:00] PID:2447012 CPU:0.00% RSS_KIB:2048 MEM:0.01288% STATE:S THREADS:1 WCHAN:do_wait
[2026-09-18T09:14:16.824+00:00] PID:2447020 CPU:0.00% RSS_KIB:171612 MEM:1.07919% STATE:S THREADS:3 WCHAN:futex_wait_queue
[2026-09-18T09:14:16.926+00:00] PID:2447012 CPU:0.00% RSS_KIB:2048 MEM:0.01288% STATE:S THREADS:1 WCHAN:do_wait
[2026-09-18T09:14:16.927+00:00] PID:2447020 CPU:0.00% RSS_KIB:171612 MEM:1.07919% STATE:S THREADS:3 WCHAN:futex_wait_queue
[2026-09-18T09:14:17.029+00:00] PID:2447012 CPU:0.00% RSS_KIB:2048 MEM:0.01288% STATE:S THREADS:1 WCHAN:do_wait
[2026-09-18T09:14:17.030+00:00] PID:2447020 CPU:0.00% RSS_KIB:171612 MEM:1.07919% STATE:S THREADS:3 WCHAN:futex_wait_queue
[2026-09-18T09:14:17.132+00:00] PID:2447012 CPU:0.00% RSS_KIB:2048 MEM:0.01288% STATE:S THREADS:1 WCHAN:do_wait
[2026-09-18T09:14:17.132+00:00] PID:2447020 CPU:0.00% RSS_KIB:171612 MEM:1.07919% STATE:S THREADS:3 WCHAN:futex_wait_queue
[2026-09-18T09:14:17.234+00:00] PID:2447012 CPU:0.00% RSS_KIB:2048 MEM:0.01288% STATE:S THREADS:1 WCHAN:do_wait
[2026-09-18T09:14:17.235+00:00] PID:2447020 CPU:0.00% RSS_KIB:171612 MEM:1.07919% STATE:S THREADS:3 WCHAN:futex_wait_queue
[2026-09-18T09:14:17.338+00:00] PID:2447012 CPU:0.00% RSS_KIB:2048 MEM:0.01288% STATE:S THREADS:1 WCHAN:do_wait
[2026-09-18T09:14:17.338+00:00] PID:2447020 CPU:0.00% RSS_KIB:171612 MEM:1.07919% STATE:S THREADS:3 WCHAN:futex_wait_queue
[2026-09-18T09:14:17.440+00:00] PID:2447012 CPU:0.00% RSS_KIB:2048 MEM:0.01288% STATE:S THREADS:1 WCHAN:do_wait
[2026-09-18T09:14:17.441+00:00] PID:2447020 CPU:0.00% RSS_KIB:171612 MEM:1.07919% STATE:S THREADS:3 WCHAN:futex_wait_queue
[2026-09-18T09:14:17.542+00:00] PID:2447012 CPU:0.00% RSS_KIB:2048 MEM:0.01288% STATE:S THREADS:1 WCHAN:do_wait
[2026-09-18T09:14:17.543+00:00] PID:2447020 CPU:0.00% RSS_KIB:171612 MEM:1.07919% STATE:S THREADS:3 WCHAN:futex_wait_queue
[2026-09-18T09:14:17.645+00:00] PID:2447012 CPU:0.00% RSS_KIB:2048 MEM:0.01288% STATE:S THREADS:1 WCHAN:do_wait
[2026-09-18T09:14:17.646+00:00] PID:2447020 CPU:19.55% RSS_KIB:197212 MEM:1.24018% STATE:S THREADS:3 WCHAN:futex_wait_queue
[2026-09-18T09:14:17.748+00:00] PID:2447012 CPU:0.00% RSS_KIB:2048 MEM:0.01288% STATE:S THREADS:1 WCHAN:do_wait
[2026-09-18T09:14:17.749+00:00] PID:2447020 CPU:0.00% RSS_KIB:197212 MEM:1.24018% STATE:S THREADS:3 WCHAN:futex_wait_queue
[2026-09-18T09:14:17.851+00:00] PID:2447012 CPU:0.00% RSS_KIB:2048 MEM:0.01288% STATE:S THREADS:1 WCHAN:do_wait
[2026-09-18T09:14:17.851+00:00] PID:2447020 CPU:0.00% RSS_KIB:197212 MEM:1.24018% STATE:S THREADS:3 WCHAN:futex_wait_queue
[2026-09-18T09:14:17.954+00:00] PID:2447012 CPU:0.00% RSS_KIB:2048 MEM:0.01288% STATE:S THREADS:1 WCHAN:do_wait
[2026-09-18T09:14:17.955+00:00] PID:2447020 CPU:19.50% RSS_KIB:197212 MEM:1.24018% STATE:S THREADS:3 WCHAN:futex_wait_queue
[2026-09-18T09:14:18.057+00:00] PID:2447012 CPU:0.00% RSS_KIB:2048 MEM:0.01288% STATE:S THREADS:1 WCHAN:do_wait
[2026-09-18T09:14:18.057+00:00] PID:2447020 CPU:0.00% RSS_KIB:197212 MEM:1.24018% STATE:S THREADS:3 WCHAN:futex_wait_queue
[2026-09-18T09:14:18.160+00:00] PID:2447012 CPU:0.00% RSS_KIB:2048 MEM:0.01288% STATE:S THREADS:1 WCHAN:do_wait
[2026-09-18T09:14:18.160+00:00] PID:2447020 CPU:0.00% RSS_KIB:197212 MEM:1.24018% STATE:S THREADS:3 WCHAN:futex_wait_queue
[2026-09-18T09:14:18.262+00:00] PID:2447012 CPU:0.00% RSS_KIB:2048 MEM:0.01288% STATE:S THREADS:1 WCHAN:do_wait
[2026-09-18T09:14:18.263+00:00] PID:2447020 CPU:0.00% RSS_KIB:197212 MEM:1.24018% STATE:S THREADS:3 WCHAN:futex_wait_queue
[2026-09-18T09:14:18.365+00:00] PID:2447012 CPU:0.00% RSS_KIB:2048 MEM:0.01288% STATE:S THREADS:1 WCHAN:do_wait
[2026-09-18T09:14:18.366+00:00] PID:2447020 CPU:0.00% RSS_KIB:197212 MEM:1.24018% STATE:S THREADS:3 WCHAN:futex_wait_queue
[2026-09-18T09:14:18.468+00:00] PID:2447012 CPU:0.00% RSS_KIB:2048 MEM:0.01288% STATE:S THREADS:1 WCHAN:do_wait
[2026-09-18T09:14:18.468+00:00] PID:2447020 CPU:0.00% RSS_KIB:197212 MEM:1.24018% STATE:S THREADS:3 WCHAN:futex_wait_queue
[2026-09-18T09:14:18.570+00:00] PID:2447012 CPU:0.00% RSS_KIB:2048 MEM:0.01288% STATE:S THREADS:1 WCHAN:do_wait
[2026-09-18T09:14:18.571+00:00] PID:2447020 CPU:0.00% RSS_KIB:197212 MEM:1.24018% STATE:S THREADS:3 WCHAN:futex_wait_queue
[2026-09-18T09:14:18.673+00:00] PID:2447012 CPU:0.00% RSS_KIB:2048 MEM:0.01288% STATE:S THREADS:1 WCHAN:do_wait
[2026-09-18T09:14:18.674+00:00] PID:2447020 CPU:0.00% RSS_KIB:197212 MEM:1.24018% STATE:S THREADS:3 WCHAN:futex_wait_queue
[2026-09-18T09:14:18.776+00:00] PID:2447012 CPU:0.00% RSS_KIB:2048 MEM:0.01288% STATE:S THREADS:1 WCHAN:do_wait
[2026-09-18T09:14:18.777+00:00] PID:2447020 CPU:0.00% RSS_KIB:197212 MEM:1.24018% STATE:S THREADS:3 WCHAN:futex_wait_queue
[2026-09-18T09:14:18.879+00:00] PID:2447012 CPU:0.00% RSS_KIB:2048 MEM:0.01288% STATE:S THREADS:1 WCHAN:do_wait
[2026-09-18T09:14:18.879+00:00] PID:2447020 CPU:0.00% RSS_KIB:197212 MEM:1.24018% STATE:S THREADS:3 WCHAN:futex_wait_queue
[2026-09-18T09:14:18.981+00:00] PID:2447012 CPU:0.00% RSS_KIB:2048 MEM:0.01288% STATE:S THREADS:1 WCHAN:do_wait
[2026-09-18T09:14:18.982+00:00] PID:2447020 CPU:0.00% RSS_KIB:197212 MEM:1.24018% STATE:S THREADS:3 WCHAN:futex_wait_queue
[2026-09-18T09:14:19.084+00:00] PID:2447012 CPU:0.00% RSS_KIB:2048 MEM:0.01288% STATE:S THREADS:1 WCHAN:do_wait
[2026-09-18T09:14:19.084+00:00] PID:2447020 CPU:0.00% RSS_KIB:197212 MEM:1.24018% STATE:S THREADS:3 WCHAN:futex_wait_queue
[2026-09-18T09:14:19.186+00:00] PID:2447012 CPU:0.00% RSS_KIB:2048 MEM:0.01288% STATE:S THREADS:1 WCHAN:do_wait
[2026-09-18T09:14:19.187+00:00] PID:2447020 CPU:0.00% RSS_KIB:197212 MEM:1.24018% STATE:S THREADS:3 WCHAN:futex_wait_queue
[2026-09-18T09:14:19.289+00:00] PID:2447012 CPU:0.00% RSS_KIB:2048 MEM:0.01288% STATE:S THREADS:1 WCHAN:do_wait
[2026-09-18T09:14:19.290+00:00] PID:2447020 CPU:0.00% RSS_KIB:197212 MEM:1.24018% STATE:S THREADS:3 WCHAN:futex_wait_queue
[2026-09-18T09:14:19.392+00:00] PID:2447012 CPU:0.00% RSS_KIB:2048 MEM:0.01288% STATE:S THREADS:1 WCHAN:do_wait
[2026-09-18T09:14:19.392+00:00] PID:2447020 CPU:0.00% RSS_KIB:197212 MEM:1.24018% STATE:S THREADS:3 WCHAN:futex_wait_queue
[2026-09-18T09:14:19.494+00:00] PID:2447012 CPU:0.00% RSS_KIB:2048 MEM:0.01288% STATE:S THREADS:1 WCHAN:do_wait
[2026-09-18T09:14:19.495+00:00] PID:2447020 CPU:0.00% RSS_KIB:197212 MEM:1.24018% STATE:S THREADS:3 WCHAN:futex_wait_queue
[2026-09-18T09:14:19.597+00:00] PID:2447012 CPU:0.00% RSS_KIB:2048 MEM:0.01288% STATE:S THREADS:1 WCHAN:do_wait
[2026-09-18T09:14:19.597+00:00] PID:2447020 CPU:0.00% RSS_KIB:197212 MEM:1.24018% STATE:S THREADS:3 WCHAN:futex_wait_queue
[2026-09-18T09:14:19.699+00:00] PID:2447012 CPU:0.00% RSS_KIB:2048 MEM:0.01288% STATE:S THREADS:1 WCHAN:do_wait
[2026-09-18T09:14:19.700+00:00] PID:2447020 CPU:0.00% RSS_KIB:197212 MEM:1.24018% STATE:S THREADS:3 WCHAN:futex_wait_queue
[2026-09-18T09:14:19.802+00:00] PID:2447012 CPU:0.00% RSS_KIB:2048 MEM:0.01288% STATE:S THREADS:1 WCHAN:do_wait
[2026-09-18T09:14:19.802+00:00] PID:2447020 CPU:0.00% RSS_KIB:197212 MEM:1.24018% STATE:S THREADS:3 WCHAN:futex_wait_queue
[2026-09-18T09:14:19.905+00:00] PID:2447012 CPU:0.00% RSS_KIB:2048 MEM:0.01288% STATE:S THREADS:1 WCHAN:do_wait
[2026-09-18T09:14:19.906+00:00] PID:2447020 CPU:0.00% RSS_KIB:197212 MEM:1.24018% STATE:S THREADS:3 WCHAN:futex_wait_queue
[2026-09-18T09:14:20.008+00:00] PID:2447012 CPU:0.00% RSS_KIB:2048 MEM:0.01288% STATE:S THREADS:1 WCHAN:do_wait
[2026-09-18T09:14:20.008+00:00] PID:2447020 CPU:0.00% RSS_KIB:197212 MEM:1.24018% STATE:S THREADS:3 WCHAN:futex_wait_queue
[2026-09-18T09:14:20.110+00:00] PID:2447012 CPU:0.00% RSS_KIB:2048 MEM:0.01288% STATE:S THREADS:1 WCHAN:do_wait
[2026-09-18T09:14:20.111+00:00] PID:2447020 CPU:0.00% RSS_KIB:197212 MEM:1.24018% STATE:S THREADS:3 WCHAN:futex_wait_queue
[2026-09-18T09:14:20.213+00:00] PID:2447012 CPU:0.00% RSS_KIB:2048 MEM:0.01288% STATE:S THREADS:1 WCHAN:do_wait
[2026-09-18T09:14:20.214+00:00] PID:2447020 CPU:0.00% RSS_KIB:197212 MEM:1.24018% STATE:S THREADS:3 WCHAN:futex_wait_queue
[2026-09-18T09:14:20.316+00:00] PID:2447012 CPU:0.00% RSS_KIB:2048 MEM:0.01288% STATE:S THREADS:1 WCHAN:do_wait
[2026-09-18T09:14:20.316+00:00] PID:2447020 CPU:0.00% RSS_KIB:197212 MEM:1.24018% STATE:S THREADS:3 WCHAN:futex_wait_queue
[2026-09-18T09:14:20.418+00:00] PID:2447012 CPU:0.00% RSS_KIB:2048 MEM:0.01288% STATE:S THREADS:1 WCHAN:do_wait
[2026-09-18T09:14:20.419+00:00] PID:2447020 CPU:0.00% RSS_KIB:197212 MEM:1.24018% STATE:S THREADS:3 WCHAN:futex_wait_queue
[2026-09-18T09:14:20.521+00:00] PID:2447012 CPU:0.00% RSS_KIB:2048 MEM:0.01288% STATE:S THREADS:1 WCHAN:do_wait
[2026-09-18T09:14:20.521+00:00] PID:2447020 CPU:0.00% RSS_KIB:197212 MEM:1.24018% STATE:S THREADS:3 WCHAN:futex_wait_queue
[2026-09-18T09:14:20.624+00:00] PID:2447012 CPU:0.00% RSS_KIB:2048 MEM:0.01288% STATE:S THREADS:1 WCHAN:do_wait
[2026-09-18T09:14:20.624+00:00] PID:2447020 CPU:9.74% RSS_KIB:222812 MEM:1.40117% STATE:S THREADS:3 WCHAN:futex_wait_queue
[2026-09-18T09:14:20.726+00:00] EVENT:PROCESS_EXITED
